Godot Engine v4.6.3.stable.official.7d41c59c4 - https://godotengine.org
Vulkan 1.4.351 - Forward+ - Using Device #0: NVIDIA - NVIDIA GeForce RTX 3070 Ti

[runtime-check] PASS normal audio synthesis completes before fixture
[runtime-check] PASS actual level5 heightfield supplies non-flat anchor
[runtime-check] PASS Battle projection includes real elevation
[runtime-check] PASS actual render Unit class loads: old_render_unit.gd
[runtime-check] PASS actual render Unit class loads: new_render_unit.gd
[runtime-check] PASS real object allocation finds matching modulo-6 identity
ERROR: Condition "!viewport->canvas_map.has(p_canvas)" is true.
   at: viewport_set_canvas_transform (servers/rendering/renderer_viewport.cpp:1306)
   GDScript backtrace (most recent call first):
       [0] rr_make_pair (res://scratchpad/redraw_reject_validation/generated/render_qa.gd:36)
       [1] rr_case (res://scratchpad/redraw_reject_validation/generated/render_qa.gd:98)
       [2] _run (res://scratchpad/redraw_reject_validation/generated/render_qa.gd:218)
       [3] rr_setup (res://scratchpad/redraw_reject_validation/generated/common.gd:65)
       [4] _start (res://tools/campaign_mode_performance_test.gd:34)
ERROR: Condition "!viewport->canvas_map.has(p_canvas)" is true.
   at: viewport_set_canvas_transform (servers/rendering/renderer_viewport.cpp:1306)
   GDScript backtrace (most recent call first):
       [0] rr_make_pair (res://scratchpad/redraw_reject_validation/generated/render_qa.gd:36)
       [1] rr_case (res://scratchpad/redraw_reject_validation/generated/render_qa.gd:98)
       [2] _run (res://scratchpad/redraw_reject_validation/generated/render_qa.gd:218)
       [3] rr_setup (res://scratchpad/redraw_reject_validation/generated/common.gd:65)
       [4] _start (res://tools/campaign_mode_performance_test.gd:34)
[runtime-check] PASS pair matches both stride-2 and stride-3 identity phases
[runtime-check] PASS { "key": "song_jiang", "mode": "walk", "method": "motion", "mob": 260, "selected": false, "location": "center", "lite": true, "force": false } cap=15 exact rendered RGBA equality
[runtime-check] PASS { "key": "song_jiang", "mode": "walk", "method": "motion", "mob": 260, "selected": false, "location": "center", "lite": true, "force": false } cap=15 same last painted state and animation timer
[runtime-check] PASS { "key": "song_jiang", "mode": "walk", "method": "motion", "mob": 260, "selected": false, "location": "center", "lite": true, "force": false } cap=15 same actual Canvas draw cadence
[runtime-check] PASS { "key": "song_jiang", "mode": "walk", "method": "motion", "mob": 260, "selected": false, "location": "center", "lite": true, "force": false } cap=15 exercises visible Canvas submissions
[runtime-check] PASS { "key": "song_jiang", "mode": "walk", "method": "motion", "mob": 260, "selected": false, "location": "center", "lite": true, "force": false } cap=15 renders actual nontransparent art
[runtime-check] PASS real object allocation finds matching modulo-6 identity
ERROR: Condition "!viewport->canvas_map.has(p_canvas)" is true.
   at: viewport_set_canvas_transform (servers/rendering/renderer_viewport.cpp:1306)
   GDScript backtrace (most recent call first):
       [0] rr_make_pair (res://scratchpad/redraw_reject_validation/generated/render_qa.gd:36)
       [1] rr_case (res://scratchpad/redraw_reject_validation/generated/render_qa.gd:98)
       [2] _run (res://scratchpad/redraw_reject_validation/generated/render_qa.gd:218)
       [3] rr_case (res://scratchpad/redraw_reject_validation/generated/render_qa.gd:138)
       [4] rr_remove_pair (res://scratchpad/redraw_reject_validation/generated/render_qa.gd:66)
ERROR: Condition "!viewport->canvas_map.has(p_canvas)" is true.
   at: viewport_set_canvas_transform (servers/rendering/renderer_viewport.cpp:1306)
   GDScript backtrace (most recent call first):
       [0] rr_make_pair (res://scratchpad/redraw_reject_validation/generated/render_qa.gd:36)
       [1] rr_case (res://scratchpad/redraw_reject_validation/generated/render_qa.gd:98)
       [2] _run (res://scratchpad/redraw_reject_validation/generated/render_qa.gd:218)
       [3] rr_case (res://scratchpad/redraw_reject_validation/generated/render_qa.gd:138)
       [4] rr_remove_pair (res://scratchpad/redraw_reject_validation/generated/render_qa.gd:66)
[runtime-check] PASS pair matches both stride-2 and stride-3 identity phases
[runtime-check] PASS paired actual edge/reentry screenshots saved
[runtime-check] PASS { "key": "song_jiang", "mode": "walk", "method": "motion", "mob": 260, "selected": false, "location": "inside_edge", "lite": true, "force": false } cap=15 exact rendered RGBA equality
[runtime-check] PASS { "key": "song_jiang", "mode": "walk", "method": "motion", "mob": 260, "selected": false, "location": "inside_edge", "lite": true, "force": false } cap=15 same last painted state and animation timer
[runtime-check] PASS { "key": "song_jiang", "mode": "walk", "method": "motion", "mob": 260, "selected": false, "location": "inside_edge", "lite": true, "force": false } cap=15 same actual Canvas draw cadence
[runtime-check] PASS { "key": "song_jiang", "mode": "walk", "method": "motion", "mob": 260, "selected": false, "location": "inside_edge", "lite": true, "force": false } cap=15 exercises visible Canvas submissions
[runtime-check] PASS { "key": "song_jiang", "mode": "walk", "method": "motion", "mob": 260, "selected": false, "location": "inside_edge", "lite": true, "force": false } cap=15 renders actual nontransparent art
[runtime-check] PASS real object allocation finds matching modulo-6 identity
ERROR: Condition "!viewport->canvas_map.has(p_canvas)" is true.
   at: viewport_set_canvas_transform (servers/rendering/renderer_viewport.cpp:1306)
   GDScript backtrace (most recent call first):
       [0] rr_make_pair (res://scratchpad/redraw_reject_validation/generated/render_qa.gd:36)
       [1] rr_case (res://scratchpad/redraw_reject_validation/generated/render_qa.gd:98)
       [2] _run (res://scratchpad/redraw_reject_validation/generated/render_qa.gd:218)
       [3] rr_case (res://scratchpad/redraw_reject_validation/generated/render_qa.gd:138)
       [4] rr_remove_pair (res://scratchpad/redraw_reject_validation/generated/render_qa.gd:66)
ERROR: Condition "!viewport->canvas_map.has(p_canvas)" is true.
   at: viewport_set_canvas_transform (servers/rendering/renderer_viewport.cpp:1306)
   GDScript backtrace (most recent call first):
       [0] rr_make_pair (res://scratchpad/redraw_reject_validation/generated/render_qa.gd:36)
       [1] rr_case (res://scratchpad/redraw_reject_validation/generated/render_qa.gd:98)
       [2] _run (res://scratchpad/redraw_reject_validation/generated/render_qa.gd:218)
       [3] rr_case (res://scratchpad/redraw_reject_validation/generated/render_qa.gd:138)
       [4] rr_remove_pair (res://scratchpad/redraw_reject_validation/generated/render_qa.gd:66)
[runtime-check] PASS pair matches both stride-2 and stride-3 identity phases
[runtime-check] PASS { "key": "song_jiang", "mode": "walk", "method": "motion", "mob": 260, "selected": false, "location": "outside_edge", "lite": true, "force": false } cap=15 exact rendered RGBA equality
[runtime-check] PASS { "key": "song_jiang", "mode": "walk", "method": "motion", "mob": 260, "selected": false, "location": "outside_edge", "lite": true, "force": false } cap=15 same last painted state and animation timer
[runtime-check] PASS { "key": "song_jiang", "mode": "walk", "method": "motion", "mob": 260, "selected": false, "location": "outside_edge", "lite": true, "force": false } cap=15 same actual Canvas draw cadence
[runtime-check] FAIL { "key": "song_jiang", "mode": "walk", "method": "motion", "mob": 260, "selected": false, "location": "outside_edge", "lite": true, "force": false } cap=15 offscreen helpers make no Canvas submission
[runtime-check] PASS real object allocation finds matching modulo-6 identity
ERROR: Condition "!viewport->canvas_map.has(p_canvas)" is true.
   at: viewport_set_canvas_transform (servers/rendering/renderer_viewport.cpp:1306)
   GDScript backtrace (most recent call first):
       [0] rr_make_pair (res://scratchpad/redraw_reject_validation/generated/render_qa.gd:36)
       [1] rr_case (res://scratchpad/redraw_reject_validation/generated/render_qa.gd:98)
       [2] _run (res://scratchpad/redraw_reject_validation/generated/render_qa.gd:218)
       [3] rr_case (res://scratchpad/redraw_reject_validation/generated/render_qa.gd:138)
       [4] rr_remove_pair (res://scratchpad/redraw_reject_validation/generated/render_qa.gd:66)
ERROR: Condition "!viewport->canvas_map.has(p_canvas)" is true.
   at: viewport_set_canvas_transform (servers/rendering/renderer_viewport.cpp:1306)
   GDScript backtrace (most recent call first):
       [0] rr_make_pair (res://scratchpad/redraw_reject_validation/generated/render_qa.gd:36)
       [1] rr_case (res://scratchpad/redraw_reject_validation/generated/render_qa.gd:98)
       [2] _run (res://scratchpad/redraw_reject_validation/generated/render_qa.gd:218)
       [3] rr_case (res://scratchpad/redraw_reject_validation/generated/render_qa.gd:138)
       [4] rr_remove_pair (res://scratchpad/redraw_reject_validation/generated/render_qa.gd:66)
[runtime-check] PASS pair matches both stride-2 and stride-3 identity phases
[runtime-check] PASS { "key": "song_jiang", "mode": "walk", "method": "motion", "mob": 260, "selected": true, "location": "center", "lite": true, "force": false } cap=15 exact rendered RGBA equality
[runtime-check] PASS { "key": "song_jiang", "mode": "walk", "method": "motion", "mob": 260, "selected": true, "location": "center", "lite": true, "force": false } cap=15 same last painted state and animation timer
[runtime-check] PASS { "key": "song_jiang", "mode": "walk", "method": "motion", "mob": 260, "selected": true, "location": "center", "lite": true, "force": false } cap=15 same actual Canvas draw cadence
[runtime-check] PASS { "key": "song_jiang", "mode": "walk", "method": "motion", "mob": 260, "selected": true, "location": "center", "lite": true, "force": false } cap=15 exercises visible Canvas submissions
[runtime-check] PASS { "key": "song_jiang", "mode": "walk", "method": "motion", "mob": 260, "selected": true, "location": "center", "lite": true, "force": false } cap=15 renders actual nontransparent art
[runtime-check] PASS real object allocation finds matching modulo-6 identity
ERROR: Condition "!viewport->canvas_map.has(p_canvas)" is true.
   at: viewport_set_canvas_transform (servers/rendering/renderer_viewport.cpp:1306)
   GDScript backtrace (most recent call first):
       [0] rr_make_pair (res://scratchpad/redraw_reject_validation/generated/render_qa.gd:36)
       [1] rr_case (res://scratchpad/redraw_reject_validation/generated/render_qa.gd:98)
       [2] _run (res://scratchpad/redraw_reject_validation/generated/render_qa.gd:218)
       [3] rr_case (res://scratchpad/redraw_reject_validation/generated/render_qa.gd:138)
       [4] rr_remove_pair (res://scratchpad/redraw_reject_validation/generated/render_qa.gd:66)
ERROR: Condition "!viewport->canvas_map.has(p_canvas)" is true.
   at: viewport_set_canvas_transform (servers/rendering/renderer_viewport.cpp:1306)
   GDScript backtrace (most recent call first):
       [0] rr_make_pair (res://scratchpad/redraw_reject_validation/generated/render_qa.gd:36)
       [1] rr_case (res://scratchpad/redraw_reject_validation/generated/render_qa.gd:98)
       [2] _run (res://scratchpad/redraw_reject_validation/generated/render_qa.gd:218)
       [3] rr_case (res://scratchpad/redraw_reject_validation/generated/render_qa.gd:138)
       [4] rr_remove_pair (res://scratchpad/redraw_reject_validation/generated/render_qa.gd:66)
[runtime-check] PASS pair matches both stride-2 and stride-3 identity phases
[runtime-check] PASS paired actual edge/reentry screenshots saved
[runtime-check] PASS { "key": "song_jiang", "mode": "walk", "method": "motion", "mob": 260, "selected": true, "location": "inside_edge", "lite": true, "force": false } cap=15 exact rendered RGBA equality
[runtime-check] PASS { "key": "song_jiang", "mode": "walk", "method": "motion", "mob": 260, "selected": true, "location": "inside_edge", "lite": true, "force": false } cap=15 same last painted state and animation timer
[runtime-check] PASS { "key": "song_jiang", "mode": "walk", "method": "motion", "mob": 260, "selected": true, "location": "inside_edge", "lite": true, "force": false } cap=15 same actual Canvas draw cadence
[runtime-check] PASS { "key": "song_jiang", "mode": "walk", "method": "motion", "mob": 260, "selected": true, "location": "inside_edge", "lite": true, "force": false } cap=15 exercises visible Canvas submissions
[runtime-check] PASS { "key": "song_jiang", "mode": "walk", "method": "motion", "mob": 260, "selected": true, "location": "inside_edge", "lite": true, "force": false } cap=15 renders actual nontransparent art
[runtime-check] PASS real object allocation finds matching modulo-6 identity
ERROR: Condition "!viewport->canvas_map.has(p_canvas)" is true.
   at: viewport_set_canvas_transform (servers/rendering/renderer_viewport.cpp:1306)
   GDScript backtrace (most recent call first):
       [0] rr_make_pair (res://scratchpad/redraw_reject_validation/generated/render_qa.gd:36)
       [1] rr_case (res://scratchpad/redraw_reject_validation/generated/render_qa.gd:98)
       [2] _run (res://scratchpad/redraw_reject_validation/generated/render_qa.gd:218)
       [3] rr_case (res://scratchpad/redraw_reject_validation/generated/render_qa.gd:138)
       [4] rr_remove_pair (res://scratchpad/redraw_reject_validation/generated/render_qa.gd:66)
ERROR: Condition "!viewport->canvas_map.has(p_canvas)" is true.
   at: viewport_set_canvas_transform (servers/rendering/renderer_viewport.cpp:1306)
   GDScript backtrace (most recent call first):
       [0] rr_make_pair (res://scratchpad/redraw_reject_validation/generated/render_qa.gd:36)
       [1] rr_case (res://scratchpad/redraw_reject_validation/generated/render_qa.gd:98)
       [2] _run (res://scratchpad/redraw_reject_validation/generated/render_qa.gd:218)
       [3] rr_case (res://scratchpad/redraw_reject_validation/generated/render_qa.gd:138)
       [4] rr_remove_pair (res://scratchpad/redraw_reject_validation/generated/render_qa.gd:66)
[runtime-check] PASS pair matches both stride-2 and stride-3 identity phases
[runtime-check] PASS { "key": "song_jiang", "mode": "walk", "method": "motion", "mob": 260, "selected": true, "location": "outside_edge", "lite": true, "force": false } cap=15 exact rendered RGBA equality
[runtime-check] PASS { "key": "song_jiang", "mode": "walk", "method": "motion", "mob": 260, "selected": true, "location": "outside_edge", "lite": true, "force": false } cap=15 same last painted state and animation timer
[runtime-check] PASS { "key": "song_jiang", "mode": "walk", "method": "motion", "mob": 260, "selected": true, "location": "outside_edge", "lite": true, "force": false } cap=15 same actual Canvas draw cadence
[runtime-check] FAIL { "key": "song_jiang", "mode": "walk", "method": "motion", "mob": 260, "selected": true, "location": "outside_edge", "lite": true, "force": false } cap=15 offscreen helpers make no Canvas submission
[runtime-check] PASS real object allocation finds matching modulo-6 identity
ERROR: Condition "!viewport->canvas_map.has(p_canvas)" is true.
   at: viewport_set_canvas_transform (servers/rendering/renderer_viewport.cpp:1306)
   GDScript backtrace (most recent call first):
       [0] rr_make_pair (res://scratchpad/redraw_reject_validation/generated/render_qa.gd:36)
       [1] rr_case (res://scratchpad/redraw_reject_validation/generated/render_qa.gd:98)
       [2] _run (res://scratchpad/redraw_reject_validation/generated/render_qa.gd:218)
       [3] rr_case (res://scratchpad/redraw_reject_validation/generated/render_qa.gd:138)
       [4] rr_remove_pair (res://scratchpad/redraw_reject_validation/generated/render_qa.gd:66)
ERROR: Condition "!viewport->canvas_map.has(p_canvas)" is true.
   at: viewport_set_canvas_transform (servers/rendering/renderer_viewport.cpp:1306)
   GDScript backtrace (most recent call first):
       [0] rr_make_pair (res://scratchpad/redraw_reject_validation/generated/render_qa.gd:36)
       [1] rr_case (res://scratchpad/redraw_reject_validation/generated/render_qa.gd:98)
       [2] _run (res://scratchpad/redraw_reject_validation/generated/render_qa.gd:218)
       [3] rr_case (res://scratchpad/redraw_reject_validation/generated/render_qa.gd:138)
       [4] rr_remove_pair (res://scratchpad/redraw_reject_validation/generated/render_qa.gd:66)
[runtime-check] PASS pair matches both stride-2 and stride-3 identity phases
[runtime-check] PASS { "key": "song_jiang", "mode": "walk", "method": "motion", "mob": 261, "selected": false, "location": "center", "lite": true, "force": false } cap=15 exact rendered RGBA equality
[runtime-check] PASS { "key": "song_jiang", "mode": "walk", "method": "motion", "mob": 261, "selected": false, "location": "center", "lite": true, "force": false } cap=15 same last painted state and animation timer
[runtime-check] PASS { "key": "song_jiang", "mode": "walk", "method": "motion", "mob": 261, "selected": false, "location": "center", "lite": true, "force": false } cap=15 same actual Canvas draw cadence
[runtime-check] PASS { "key": "song_jiang", "mode": "walk", "method": "motion", "mob": 261, "selected": false, "location": "center", "lite": true, "force": false } cap=15 exercises visible Canvas submissions
[runtime-check] PASS { "key": "song_jiang", "mode": "walk", "method": "motion", "mob": 261, "selected": false, "location": "center", "lite": true, "force": false } cap=15 renders actual nontransparent art
[runtime-check] PASS real object allocation finds matching modulo-6 identity
ERROR: Condition "!viewport->canvas_map.has(p_canvas)" is true.
   at: viewport_set_canvas_transform (servers/rendering/renderer_viewport.cpp:1306)
   GDScript backtrace (most recent call first):
       [0] rr_make_pair (res://scratchpad/redraw_reject_validation/generated/render_qa.gd:36)
       [1] rr_case (res://scratchpad/redraw_reject_validation/generated/render_qa.gd:98)
       [2] _run (res://scratchpad/redraw_reject_validation/generated/render_qa.gd:218)
       [3] rr_case (res://scratchpad/redraw_reject_validation/generated/render_qa.gd:138)
       [4] rr_remove_pair (res://scratchpad/redraw_reject_validation/generated/render_qa.gd:66)
ERROR: Condition "!viewport->canvas_map.has(p_canvas)" is true.
   at: viewport_set_canvas_transform (servers/rendering/renderer_viewport.cpp:1306)
   GDScript backtrace (most recent call first):
       [0] rr_make_pair (res://scratchpad/redraw_reject_validation/generated/render_qa.gd:36)
       [1] rr_case (res://scratchpad/redraw_reject_validation/generated/render_qa.gd:98)
       [2] _run (res://scratchpad/redraw_reject_validation/generated/render_qa.gd:218)
       [3] rr_case (res://scratchpad/redraw_reject_validation/generated/render_qa.gd:138)
       [4] rr_remove_pair (res://scratchpad/redraw_reject_validation/generated/render_qa.gd:66)
[runtime-check] PASS pair matches both stride-2 and stride-3 identity phases
[runtime-check] PASS paired actual edge/reentry screenshots saved
[runtime-check] PASS { "key": "song_jiang", "mode": "walk", "method": "motion", "mob": 261, "selected": false, "location": "inside_edge", "lite": true, "force": false } cap=15 exact rendered RGBA equality
[runtime-check] PASS { "key": "song_jiang", "mode": "walk", "method": "motion", "mob": 261, "selected": false, "location": "inside_edge", "lite": true, "force": false } cap=15 same last painted state and animation timer
[runtime-check] PASS { "key": "song_jiang", "mode": "walk", "method": "motion", "mob": 261, "selected": false, "location": "inside_edge", "lite": true, "force": false } cap=15 same actual Canvas draw cadence
[runtime-check] PASS { "key": "song_jiang", "mode": "walk", "method": "motion", "mob": 261, "selected": false, "location": "inside_edge", "lite": true, "force": false } cap=15 exercises visible Canvas submissions
[runtime-check] PASS { "key": "song_jiang", "mode": "walk", "method": "motion", "mob": 261, "selected": false, "location": "inside_edge", "lite": true, "force": false } cap=15 renders actual nontransparent art
[runtime-check] PASS real object allocation finds matching modulo-6 identity
ERROR: Condition "!viewport->canvas_map.has(p_canvas)" is true.
   at: viewport_set_canvas_transform (servers/rendering/renderer_viewport.cpp:1306)
   GDScript backtrace (most recent call first):
       [0] rr_make_pair (res://scratchpad/redraw_reject_validation/generated/render_qa.gd:36)
       [1] rr_case (res://scratchpad/redraw_reject_validation/generated/render_qa.gd:98)
       [2] _run (res://scratchpad/redraw_reject_validation/generated/render_qa.gd:218)
       [3] rr_case (res://scratchpad/redraw_reject_validation/generated/render_qa.gd:138)
       [4] rr_remove_pair (res://scratchpad/redraw_reject_validation/generated/render_qa.gd:66)
ERROR: Condition "!viewport->canvas_map.has(p_canvas)" is true.
   at: viewport_set_canvas_transform (servers/rendering/renderer_viewport.cpp:1306)
   GDScript backtrace (most recent call first):
       [0] rr_make_pair (res://scratchpad/redraw_reject_validation/generated/render_qa.gd:36)
       [1] rr_case (res://scratchpad/redraw_reject_validation/generated/render_qa.gd:98)
       [2] _run (res://scratchpad/redraw_reject_validation/generated/render_qa.gd:218)
       [3] rr_case (res://scratchpad/redraw_reject_validation/generated/render_qa.gd:138)
       [4] rr_remove_pair (res://scratchpad/redraw_reject_validation/generated/render_qa.gd:66)
[runtime-check] PASS pair matches both stride-2 and stride-3 identity phases
[runtime-check] PASS { "key": "song_jiang", "mode": "walk", "method": "motion", "mob": 261, "selected": false, "location": "outside_edge", "lite": true, "force": false } cap=15 exact rendered RGBA equality
[runtime-check] PASS { "key": "song_jiang", "mode": "walk", "method": "motion", "mob": 261, "selected": false, "location": "outside_edge", "lite": true, "force": false } cap=15 same last painted state and animation timer
[runtime-check] PASS { "key": "song_jiang", "mode": "walk", "method": "motion", "mob": 261, "selected": false, "location": "outside_edge", "lite": true, "force": false } cap=15 same actual Canvas draw cadence
[runtime-check] FAIL { "key": "song_jiang", "mode": "walk", "method": "motion", "mob": 261, "selected": false, "location": "outside_edge", "lite": true, "force": false } cap=15 offscreen helpers make no Canvas submission
[runtime-check] PASS real object allocation finds matching modulo-6 identity
ERROR: Condition "!viewport->canvas_map.has(p_canvas)" is true.
   at: viewport_set_canvas_transform (servers/rendering/renderer_viewport.cpp:1306)
   GDScript backtrace (most recent call first):
       [0] rr_make_pair (res://scratchpad/redraw_reject_validation/generated/render_qa.gd:36)
       [1] rr_case (res://scratchpad/redraw_reject_validation/generated/render_qa.gd:98)
       [2] _run (res://scratchpad/redraw_reject_validation/generated/render_qa.gd:218)
       [3] rr_case (res://scratchpad/redraw_reject_validation/generated/render_qa.gd:138)
       [4] rr_remove_pair (res://scratchpad/redraw_reject_validation/generated/render_qa.gd:66)
ERROR: Condition "!viewport->canvas_map.has(p_canvas)" is true.
   at: viewport_set_canvas_transform (servers/rendering/renderer_viewport.cpp:1306)
   GDScript backtrace (most recent call first):
       [0] rr_make_pair (res://scratchpad/redraw_reject_validation/generated/render_qa.gd:36)
       [1] rr_case (res://scratchpad/redraw_reject_validation/generated/render_qa.gd:98)
       [2] _run (res://scratchpad/redraw_reject_validation/generated/render_qa.gd:218)
       [3] rr_case (res://scratchpad/redraw_reject_validation/generated/render_qa.gd:138)
       [4] rr_remove_pair (res://scratchpad/redraw_reject_validation/generated/render_qa.gd:66)
[runtime-check] PASS pair matches both stride-2 and stride-3 identity phases
[runtime-check] PASS { "key": "song_jiang", "mode": "walk", "method": "motion", "mob": 261, "selected": true, "location": "center", "lite": true, "force": false } cap=15 exact rendered RGBA equality
[runtime-check] PASS { "key": "song_jiang", "mode": "walk", "method": "motion", "mob": 261, "selected": true, "location": "center", "lite": true, "force": false } cap=15 same last painted state and animation timer
[runtime-check] PASS { "key": "song_jiang", "mode": "walk", "method": "motion", "mob": 261, "selected": true, "location": "center", "lite": true, "force": false } cap=15 same actual Canvas draw cadence
[runtime-check] PASS { "key": "song_jiang", "mode": "walk", "method": "motion", "mob": 261, "selected": true, "location": "center", "lite": true, "force": false } cap=15 exercises visible Canvas submissions
[runtime-check] PASS { "key": "song_jiang", "mode": "walk", "method": "motion", "mob": 261, "selected": true, "location": "center", "lite": true, "force": false } cap=15 renders actual nontransparent art
[runtime-check] PASS real object allocation finds matching modulo-6 identity
ERROR: Condition "!viewport->canvas_map.has(p_canvas)" is true.
   at: viewport_set_canvas_transform (servers/rendering/renderer_viewport.cpp:1306)
   GDScript backtrace (most recent call first):
       [0] rr_make_pair (res://scratchpad/redraw_reject_validation/generated/render_qa.gd:36)
       [1] rr_case (res://scratchpad/redraw_reject_validation/generated/render_qa.gd:98)
       [2] _run (res://scratchpad/redraw_reject_validation/generated/render_qa.gd:218)
       [3] rr_case (res://scratchpad/redraw_reject_validation/generated/render_qa.gd:138)
       [4] rr_remove_pair (res://scratchpad/redraw_reject_validation/generated/render_qa.gd:66)
ERROR: Condition "!viewport->canvas_map.has(p_canvas)" is true.
   at: viewport_set_canvas_transform (servers/rendering/renderer_viewport.cpp:1306)
   GDScript backtrace (most recent call first):
       [0] rr_make_pair (res://scratchpad/redraw_reject_validation/generated/render_qa.gd:36)
       [1] rr_case (res://scratchpad/redraw_reject_validation/generated/render_qa.gd:98)
       [2] _run (res://scratchpad/redraw_reject_validation/generated/render_qa.gd:218)
       [3] rr_case (res://scratchpad/redraw_reject_validation/generated/render_qa.gd:138)
       [4] rr_remove_pair (res://scratchpad/redraw_reject_validation/generated/render_qa.gd:66)
[runtime-check] PASS pair matches both stride-2 and stride-3 identity phases
[runtime-check] PASS paired actual edge/reentry screenshots saved
[runtime-check] PASS { "key": "song_jiang", "mode": "walk", "method": "motion", "mob": 261, "selected": true, "location": "inside_edge", "lite": true, "force": false } cap=15 exact rendered RGBA equality
[runtime-check] PASS { "key": "song_jiang", "mode": "walk", "method": "motion", "mob": 261, "selected": true, "location": "inside_edge", "lite": true, "force": false } cap=15 same last painted state and animation timer
[runtime-check] PASS { "key": "song_jiang", "mode": "walk", "method": "motion", "mob": 261, "selected": true, "location": "inside_edge", "lite": true, "force": false } cap=15 same actual Canvas draw cadence
[runtime-check] PASS { "key": "song_jiang", "mode": "walk", "method": "motion", "mob": 261, "selected": true, "location": "inside_edge", "lite": true, "force": false } cap=15 exercises visible Canvas submissions
[runtime-check] PASS { "key": "song_jiang", "mode": "walk", "method": "motion", "mob": 261, "selected": true, "location": "inside_edge", "lite": true, "force": false } cap=15 renders actual nontransparent art
[runtime-check] PASS real object allocation finds matching modulo-6 identity
ERROR: Condition "!viewport->canvas_map.has(p_canvas)" is true.
   at: viewport_set_canvas_transform (servers/rendering/renderer_viewport.cpp:1306)
   GDScript backtrace (most recent call first):
       [0] rr_make_pair (res://scratchpad/redraw_reject_validation/generated/render_qa.gd:36)
       [1] rr_case (res://scratchpad/redraw_reject_validation/generated/render_qa.gd:98)
       [2] _run (res://scratchpad/redraw_reject_validation/generated/render_qa.gd:218)
       [3] rr_case (res://scratchpad/redraw_reject_validation/generated/render_qa.gd:138)
       [4] rr_remove_pair (res://scratchpad/redraw_reject_validation/generated/render_qa.gd:66)
ERROR: Condition "!viewport->canvas_map.has(p_canvas)" is true.
   at: viewport_set_canvas_transform (servers/rendering/renderer_viewport.cpp:1306)
   GDScript backtrace (most recent call first):
       [0] rr_make_pair (res://scratchpad/redraw_reject_validation/generated/render_qa.gd:36)
       [1] rr_case (res://scratchpad/redraw_reject_validation/generated/render_qa.gd:98)
       [2] _run (res://scratchpad/redraw_reject_validation/generated/render_qa.gd:218)
       [3] rr_case (res://scratchpad/redraw_reject_validation/generated/render_qa.gd:138)
       [4] rr_remove_pair (res://scratchpad/redraw_reject_validation/generated/render_qa.gd:66)
[runtime-check] PASS pair matches both stride-2 and stride-3 identity phases
[runtime-check] PASS { "key": "song_jiang", "mode": "walk", "method": "motion", "mob": 261, "selected": true, "location": "outside_edge", "lite": true, "force": false } cap=15 exact rendered RGBA equality
[runtime-check] PASS { "key": "song_jiang", "mode": "walk", "method": "motion", "mob": 261, "selected": true, "location": "outside_edge", "lite": true, "force": false } cap=15 same last painted state and animation timer
[runtime-check] PASS { "key": "song_jiang", "mode": "walk", "method": "motion", "mob": 261, "selected": true, "location": "outside_edge", "lite": true, "force": false } cap=15 same actual Canvas draw cadence
[runtime-check] FAIL { "key": "song_jiang", "mode": "walk", "method": "motion", "mob": 261, "selected": true, "location": "outside_edge", "lite": true, "force": false } cap=15 offscreen helpers make no Canvas submission
[runtime-check] PASS real object allocation finds matching modulo-6 identity
ERROR: Condition "!viewport->canvas_map.has(p_canvas)" is true.
   at: viewport_set_canvas_transform (servers/rendering/renderer_viewport.cpp:1306)
   GDScript backtrace (most recent call first):
       [0] rr_make_pair (res://scratchpad/redraw_reject_validation/generated/render_qa.gd:36)
       [1] rr_case (res://scratchpad/redraw_reject_validation/generated/render_qa.gd:98)
       [2] _run (res://scratchpad/redraw_reject_validation/generated/render_qa.gd:218)
       [3] rr_case (res://scratchpad/redraw_reject_validation/generated/render_qa.gd:138)
       [4] rr_remove_pair (res://scratchpad/redraw_reject_validation/generated/render_qa.gd:66)
ERROR: Condition "!viewport->canvas_map.has(p_canvas)" is true.
   at: viewport_set_canvas_transform (servers/rendering/renderer_viewport.cpp:1306)
   GDScript backtrace (most recent call first):
       [0] rr_make_pair (res://scratchpad/redraw_reject_validation/generated/render_qa.gd:36)
       [1] rr_case (res://scratchpad/redraw_reject_validation/generated/render_qa.gd:98)
       [2] _run (res://scratchpad/redraw_reject_validation/generated/render_qa.gd:218)
       [3] rr_case (res://scratchpad/redraw_reject_validation/generated/render_qa.gd:138)
       [4] rr_remove_pair (res://scratchpad/redraw_reject_validation/generated/render_qa.gd:66)
[runtime-check] PASS pair matches both stride-2 and stride-3 identity phases
[runtime-check] PASS { "key": "song_jiang", "mode": "walk", "method": "motion", "mob": 500, "selected": false, "location": "center", "lite": true, "force": false } cap=15 exact rendered RGBA equality
[runtime-check] PASS { "key": "song_jiang", "mode": "walk", "method": "motion", "mob": 500, "selected": false, "location": "center", "lite": true, "force": false } cap=15 same last painted state and animation timer
[runtime-check] PASS { "key": "song_jiang", "mode": "walk", "method": "motion", "mob": 500, "selected": false, "location": "center", "lite": true, "force": false } cap=15 same actual Canvas draw cadence
[runtime-check] PASS { "key": "song_jiang", "mode": "walk", "method": "motion", "mob": 500, "selected": false, "location": "center", "lite": true, "force": false } cap=15 exercises visible Canvas submissions
[runtime-check] PASS { "key": "song_jiang", "mode": "walk", "method": "motion", "mob": 500, "selected": false, "location": "center", "lite": true, "force": false } cap=15 renders actual nontransparent art
[runtime-check] PASS real object allocation finds matching modulo-6 identity
ERROR: Condition "!viewport->canvas_map.has(p_canvas)" is true.
   at: viewport_set_canvas_transform (servers/rendering/renderer_viewport.cpp:1306)
   GDScript backtrace (most recent call first):
       [0] rr_make_pair (res://scratchpad/redraw_reject_validation/generated/render_qa.gd:36)
       [1] rr_case (res://scratchpad/redraw_reject_validation/generated/render_qa.gd:98)
       [2] _run (res://scratchpad/redraw_reject_validation/generated/render_qa.gd:218)
       [3] rr_case (res://scratchpad/redraw_reject_validation/generated/render_qa.gd:138)
       [4] rr_remove_pair (res://scratchpad/redraw_reject_validation/generated/render_qa.gd:66)
ERROR: Condition "!viewport->canvas_map.has(p_canvas)" is true.
   at: viewport_set_canvas_transform (servers/rendering/renderer_viewport.cpp:1306)
   GDScript backtrace (most recent call first):
       [0] rr_make_pair (res://scratchpad/redraw_reject_validation/generated/render_qa.gd:36)
       [1] rr_case (res://scratchpad/redraw_reject_validation/generated/render_qa.gd:98)
       [2] _run (res://scratchpad/redraw_reject_validation/generated/render_qa.gd:218)
       [3] rr_case (res://scratchpad/redraw_reject_validation/generated/render_qa.gd:138)
       [4] rr_remove_pair (res://scratchpad/redraw_reject_validation/generated/render_qa.gd:66)
[runtime-check] PASS pair matches both stride-2 and stride-3 identity phases
[runtime-check] PASS paired actual edge/reentry screenshots saved
[runtime-check] PASS { "key": "song_jiang", "mode": "walk", "method": "motion", "mob": 500, "selected": false, "location": "inside_edge", "lite": true, "force": false } cap=15 exact rendered RGBA equality
[runtime-check] PASS { "key": "song_jiang", "mode": "walk", "method": "motion", "mob": 500, "selected": false, "location": "inside_edge", "lite": true, "force": false } cap=15 same last painted state and animation timer
[runtime-check] PASS { "key": "song_jiang", "mode": "walk", "method": "motion", "mob": 500, "selected": false, "location": "inside_edge", "lite": true, "force": false } cap=15 same actual Canvas draw cadence
[runtime-check] PASS { "key": "song_jiang", "mode": "walk", "method": "motion", "mob": 500, "selected": false, "location": "inside_edge", "lite": true, "force": false } cap=15 exercises visible Canvas submissions
[runtime-check] PASS { "key": "song_jiang", "mode": "walk", "method": "motion", "mob": 500, "selected": false, "location": "inside_edge", "lite": true, "force": false } cap=15 renders actual nontransparent art
[runtime-check] PASS real object allocation finds matching modulo-6 identity
ERROR: Condition "!viewport->canvas_map.has(p_canvas)" is true.
   at: viewport_set_canvas_transform (servers/rendering/renderer_viewport.cpp:1306)
   GDScript backtrace (most recent call first):
       [0] rr_make_pair (res://scratchpad/redraw_reject_validation/generated/render_qa.gd:36)
       [1] rr_case (res://scratchpad/redraw_reject_validation/generated/render_qa.gd:98)
       [2] _run (res://scratchpad/redraw_reject_validation/generated/render_qa.gd:218)
       [3] rr_case (res://scratchpad/redraw_reject_validation/generated/render_qa.gd:138)
       [4] rr_remove_pair (res://scratchpad/redraw_reject_validation/generated/render_qa.gd:66)
ERROR: Condition "!viewport->canvas_map.has(p_canvas)" is true.
   at: viewport_set_canvas_transform (servers/rendering/renderer_viewport.cpp:1306)
   GDScript backtrace (most recent call first):
       [0] rr_make_pair (res://scratchpad/redraw_reject_validation/generated/render_qa.gd:36)
       [1] rr_case (res://scratchpad/redraw_reject_validation/generated/render_qa.gd:98)
       [2] _run (res://scratchpad/redraw_reject_validation/generated/render_qa.gd:218)
       [3] rr_case (res://scratchpad/redraw_reject_validation/generated/render_qa.gd:138)
       [4] rr_remove_pair (res://scratchpad/redraw_reject_validation/generated/render_qa.gd:66)
[runtime-check] PASS pair matches both stride-2 and stride-3 identity phases
[runtime-check] PASS { "key": "song_jiang", "mode": "walk", "method": "motion", "mob": 500, "selected": false, "location": "outside_edge", "lite": true, "force": false } cap=15 exact rendered RGBA equality
[runtime-check] PASS { "key": "song_jiang", "mode": "walk", "method": "motion", "mob": 500, "selected": false, "location": "outside_edge", "lite": true, "force": false } cap=15 same last painted state and animation timer
[runtime-check] PASS { "key": "song_jiang", "mode": "walk", "method": "motion", "mob": 500, "selected": false, "location": "outside_edge", "lite": true, "force": false } cap=15 same actual Canvas draw cadence
[runtime-check] FAIL { "key": "song_jiang", "mode": "walk", "method": "motion", "mob": 500, "selected": false, "location": "outside_edge", "lite": true, "force": false } cap=15 offscreen helpers make no Canvas submission
[runtime-check] PASS real object allocation finds matching modulo-6 identity
ERROR: Condition "!viewport->canvas_map.has(p_canvas)" is true.
   at: viewport_set_canvas_transform (servers/rendering/renderer_viewport.cpp:1306)
   GDScript backtrace (most recent call first):
       [0] rr_make_pair (res://scratchpad/redraw_reject_validation/generated/render_qa.gd:36)
       [1] rr_case (res://scratchpad/redraw_reject_validation/generated/render_qa.gd:98)
       [2] _run (res://scratchpad/redraw_reject_validation/generated/render_qa.gd:218)
       [3] rr_case (res://scratchpad/redraw_reject_validation/generated/render_qa.gd:138)
       [4] rr_remove_pair (res://scratchpad/redraw_reject_validation/generated/render_qa.gd:66)
ERROR: Condition "!viewport->canvas_map.has(p_canvas)" is true.
   at: viewport_set_canvas_transform (servers/rendering/renderer_viewport.cpp:1306)
   GDScript backtrace (most recent call first):
       [0] rr_make_pair (res://scratchpad/redraw_reject_validation/generated/render_qa.gd:36)
       [1] rr_case (res://scratchpad/redraw_reject_validation/generated/render_qa.gd:98)
       [2] _run (res://scratchpad/redraw_reject_validation/generated/render_qa.gd:218)
       [3] rr_case (res://scratchpad/redraw_reject_validation/generated/render_qa.gd:138)
       [4] rr_remove_pair (res://scratchpad/redraw_reject_validation/generated/render_qa.gd:66)
[runtime-check] PASS pair matches both stride-2 and stride-3 identity phases
[runtime-check] PASS { "key": "song_jiang", "mode": "walk", "method": "motion", "mob": 500, "selected": true, "location": "center", "lite": true, "force": false } cap=15 exact rendered RGBA equality
[runtime-check] PASS { "key": "song_jiang", "mode": "walk", "method": "motion", "mob": 500, "selected": true, "location": "center", "lite": true, "force": false } cap=15 same last painted state and animation timer
[runtime-check] PASS { "key": "song_jiang", "mode": "walk", "method": "motion", "mob": 500, "selected": true, "location": "center", "lite": true, "force": false } cap=15 same actual Canvas draw cadence
[runtime-check] PASS { "key": "song_jiang", "mode": "walk", "method": "motion", "mob": 500, "selected": true, "location": "center", "lite": true, "force": false } cap=15 exercises visible Canvas submissions
[runtime-check] PASS { "key": "song_jiang", "mode": "walk", "method": "motion", "mob": 500, "selected": true, "location": "center", "lite": true, "force": false } cap=15 renders actual nontransparent art
[runtime-check] PASS real object allocation finds matching modulo-6 identity
ERROR: Condition "!viewport->canvas_map.has(p_canvas)" is true.
   at: viewport_set_canvas_transform (servers/rendering/renderer_viewport.cpp:1306)
   GDScript backtrace (most recent call first):
       [0] rr_make_pair (res://scratchpad/redraw_reject_validation/generated/render_qa.gd:36)
       [1] rr_case (res://scratchpad/redraw_reject_validation/generated/render_qa.gd:98)
       [2] _run (res://scratchpad/redraw_reject_validation/generated/render_qa.gd:218)
       [3] rr_case (res://scratchpad/redraw_reject_validation/generated/render_qa.gd:138)
       [4] rr_remove_pair (res://scratchpad/redraw_reject_validation/generated/render_qa.gd:66)
ERROR: Condition "!viewport->canvas_map.has(p_canvas)" is true.
   at: viewport_set_canvas_transform (servers/rendering/renderer_viewport.cpp:1306)
   GDScript backtrace (most recent call first):
       [0] rr_make_pair (res://scratchpad/redraw_reject_validation/generated/render_qa.gd:36)
       [1] rr_case (res://scratchpad/redraw_reject_validation/generated/render_qa.gd:98)
       [2] _run (res://scratchpad/redraw_reject_validation/generated/render_qa.gd:218)
       [3] rr_case (res://scratchpad/redraw_reject_validation/generated/render_qa.gd:138)
       [4] rr_remove_pair (res://scratchpad/redraw_reject_validation/generated/render_qa.gd:66)
[runtime-check] PASS pair matches both stride-2 and stride-3 identity phases
[runtime-check] PASS paired actual edge/reentry screenshots saved
[runtime-check] PASS { "key": "song_jiang", "mode": "walk", "method": "motion", "mob": 500, "selected": true, "location": "inside_edge", "lite": true, "force": false } cap=15 exact rendered RGBA equality
[runtime-check] PASS { "key": "song_jiang", "mode": "walk", "method": "motion", "mob": 500, "selected": true, "location": "inside_edge", "lite": true, "force": false } cap=15 same last painted state and animation timer
[runtime-check] PASS { "key": "song_jiang", "mode": "walk", "method": "motion", "mob": 500, "selected": true, "location": "inside_edge", "lite": true, "force": false } cap=15 same actual Canvas draw cadence
[runtime-check] PASS { "key": "song_jiang", "mode": "walk", "method": "motion", "mob": 500, "selected": true, "location": "inside_edge", "lite": true, "force": false } cap=15 exercises visible Canvas submissions
[runtime-check] PASS { "key": "song_jiang", "mode": "walk", "method": "motion", "mob": 500, "selected": true, "location": "inside_edge", "lite": true, "force": false } cap=15 renders actual nontransparent art
[runtime-check] PASS real object allocation finds matching modulo-6 identity
ERROR: Condition "!viewport->canvas_map.has(p_canvas)" is true.
   at: viewport_set_canvas_transform (servers/rendering/renderer_viewport.cpp:1306)
   GDScript backtrace (most recent call first):
       [0] rr_make_pair (res://scratchpad/redraw_reject_validation/generated/render_qa.gd:36)
       [1] rr_case (res://scratchpad/redraw_reject_validation/generated/render_qa.gd:98)
       [2] _run (res://scratchpad/redraw_reject_validation/generated/render_qa.gd:218)
       [3] rr_case (res://scratchpad/redraw_reject_validation/generated/render_qa.gd:138)
       [4] rr_remove_pair (res://scratchpad/redraw_reject_validation/generated/render_qa.gd:66)
ERROR: Condition "!viewport->canvas_map.has(p_canvas)" is true.
   at: viewport_set_canvas_transform (servers/rendering/renderer_viewport.cpp:1306)
   GDScript backtrace (most recent call first):
       [0] rr_make_pair (res://scratchpad/redraw_reject_validation/generated/render_qa.gd:36)
       [1] rr_case (res://scratchpad/redraw_reject_validation/generated/render_qa.gd:98)
       [2] _run (res://scratchpad/redraw_reject_validation/generated/render_qa.gd:218)
       [3] rr_case (res://scratchpad/redraw_reject_validation/generated/render_qa.gd:138)
       [4] rr_remove_pair (res://scratchpad/redraw_reject_validation/generated/render_qa.gd:66)
[runtime-check] PASS pair matches both stride-2 and stride-3 identity phases
[runtime-check] PASS { "key": "song_jiang", "mode": "walk", "method": "motion", "mob": 500, "selected": true, "location": "outside_edge", "lite": true, "force": false } cap=15 exact rendered RGBA equality
[runtime-check] PASS { "key": "song_jiang", "mode": "walk", "method": "motion", "mob": 500, "selected": true, "location": "outside_edge", "lite": true, "force": false } cap=15 same last painted state and animation timer
[runtime-check] PASS { "key": "song_jiang", "mode": "walk", "method": "motion", "mob": 500, "selected": true, "location": "outside_edge", "lite": true, "force": false } cap=15 same actual Canvas draw cadence
[runtime-check] FAIL { "key": "song_jiang", "mode": "walk", "method": "motion", "mob": 500, "selected": true, "location": "outside_edge", "lite": true, "force": false } cap=15 offscreen helpers make no Canvas submission
[runtime-check] PASS real object allocation finds matching modulo-6 identity
ERROR: Condition "!viewport->canvas_map.has(p_canvas)" is true.
   at: viewport_set_canvas_transform (servers/rendering/renderer_viewport.cpp:1306)
   GDScript backtrace (most recent call first):
       [0] rr_make_pair (res://scratchpad/redraw_reject_validation/generated/render_qa.gd:36)
       [1] rr_case (res://scratchpad/redraw_reject_validation/generated/render_qa.gd:98)
       [2] _run (res://scratchpad/redraw_reject_validation/generated/render_qa.gd:218)
       [3] rr_case (res://scratchpad/redraw_reject_validation/generated/render_qa.gd:138)
       [4] rr_remove_pair (res://scratchpad/redraw_reject_validation/generated/render_qa.gd:66)
ERROR: Condition "!viewport->canvas_map.has(p_canvas)" is true.
   at: viewport_set_canvas_transform (servers/rendering/renderer_viewport.cpp:1306)
   GDScript backtrace (most recent call first):
       [0] rr_make_pair (res://scratchpad/redraw_reject_validation/generated/render_qa.gd:36)
       [1] rr_case (res://scratchpad/redraw_reject_validation/generated/render_qa.gd:98)
       [2] _run (res://scratchpad/redraw_reject_validation/generated/render_qa.gd:218)
       [3] rr_case (res://scratchpad/redraw_reject_validation/generated/render_qa.gd:138)
       [4] rr_remove_pair (res://scratchpad/redraw_reject_validation/generated/render_qa.gd:66)
[runtime-check] PASS pair matches both stride-2 and stride-3 identity phases
[runtime-check] PASS { "key": "song_jiang", "mode": "walk", "method": "motion", "mob": 501, "selected": false, "location": "center", "lite": true, "force": false } cap=15 exact rendered RGBA equality
[runtime-check] PASS { "key": "song_jiang", "mode": "walk", "method": "motion", "mob": 501, "selected": false, "location": "center", "lite": true, "force": false } cap=15 same last painted state and animation timer
[runtime-check] PASS { "key": "song_jiang", "mode": "walk", "method": "motion", "mob": 501, "selected": false, "location": "center", "lite": true, "force": false } cap=15 same actual Canvas draw cadence
[runtime-check] PASS { "key": "song_jiang", "mode": "walk", "method": "motion", "mob": 501, "selected": false, "location": "center", "lite": true, "force": false } cap=15 exercises visible Canvas submissions
[runtime-check] PASS { "key": "song_jiang", "mode": "walk", "method": "motion", "mob": 501, "selected": false, "location": "center", "lite": true, "force": false } cap=15 renders actual nontransparent art
[runtime-check] PASS real object allocation finds matching modulo-6 identity
ERROR: Condition "!viewport->canvas_map.has(p_canvas)" is true.
   at: viewport_set_canvas_transform (servers/rendering/renderer_viewport.cpp:1306)
   GDScript backtrace (most recent call first):
       [0] rr_make_pair (res://scratchpad/redraw_reject_validation/generated/render_qa.gd:36)
       [1] rr_case (res://scratchpad/redraw_reject_validation/generated/render_qa.gd:98)
       [2] _run (res://scratchpad/redraw_reject_validation/generated/render_qa.gd:218)
       [3] rr_case (res://scratchpad/redraw_reject_validation/generated/render_qa.gd:138)
       [4] rr_remove_pair (res://scratchpad/redraw_reject_validation/generated/render_qa.gd:66)
ERROR: Condition "!viewport->canvas_map.has(p_canvas)" is true.
   at: viewport_set_canvas_transform (servers/rendering/renderer_viewport.cpp:1306)
   GDScript backtrace (most recent call first):
       [0] rr_make_pair (res://scratchpad/redraw_reject_validation/generated/render_qa.gd:36)
       [1] rr_case (res://scratchpad/redraw_reject_validation/generated/render_qa.gd:98)
       [2] _run (res://scratchpad/redraw_reject_validation/generated/render_qa.gd:218)
       [3] rr_case (res://scratchpad/redraw_reject_validation/generated/render_qa.gd:138)
       [4] rr_remove_pair (res://scratchpad/redraw_reject_validation/generated/render_qa.gd:66)
[runtime-check] PASS pair matches both stride-2 and stride-3 identity phases
[runtime-check] PASS paired actual edge/reentry screenshots saved
[runtime-check] PASS { "key": "song_jiang", "mode": "walk", "method": "motion", "mob": 501, "selected": false, "location": "inside_edge", "lite": true, "force": false } cap=15 exact rendered RGBA equality
[runtime-check] PASS { "key": "song_jiang", "mode": "walk", "method": "motion", "mob": 501, "selected": false, "location": "inside_edge", "lite": true, "force": false } cap=15 same last painted state and animation timer
[runtime-check] PASS { "key": "song_jiang", "mode": "walk", "method": "motion", "mob": 501, "selected": false, "location": "inside_edge", "lite": true, "force": false } cap=15 same actual Canvas draw cadence
[runtime-check] PASS { "key": "song_jiang", "mode": "walk", "method": "motion", "mob": 501, "selected": false, "location": "inside_edge", "lite": true, "force": false } cap=15 exercises visible Canvas submissions
[runtime-check] PASS { "key": "song_jiang", "mode": "walk", "method": "motion", "mob": 501, "selected": false, "location": "inside_edge", "lite": true, "force": false } cap=15 renders actual nontransparent art
[runtime-check] PASS real object allocation finds matching modulo-6 identity
ERROR: Condition "!viewport->canvas_map.has(p_canvas)" is true.
   at: viewport_set_canvas_transform (servers/rendering/renderer_viewport.cpp:1306)
   GDScript backtrace (most recent call first):
       [0] rr_make_pair (res://scratchpad/redraw_reject_validation/generated/render_qa.gd:36)
       [1] rr_case (res://scratchpad/redraw_reject_validation/generated/render_qa.gd:98)
       [2] _run (res://scratchpad/redraw_reject_validation/generated/render_qa.gd:218)
       [3] rr_case (res://scratchpad/redraw_reject_validation/generated/render_qa.gd:138)
       [4] rr_remove_pair (res://scratchpad/redraw_reject_validation/generated/render_qa.gd:66)
ERROR: Condition "!viewport->canvas_map.has(p_canvas)" is true.
   at: viewport_set_canvas_transform (servers/rendering/renderer_viewport.cpp:1306)
   GDScript backtrace (most recent call first):
       [0] rr_make_pair (res://scratchpad/redraw_reject_validation/generated/render_qa.gd:36)
       [1] rr_case (res://scratchpad/redraw_reject_validation/generated/render_qa.gd:98)
       [2] _run (res://scratchpad/redraw_reject_validation/generated/render_qa.gd:218)
       [3] rr_case (res://scratchpad/redraw_reject_validation/generated/render_qa.gd:138)
       [4] rr_remove_pair (res://scratchpad/redraw_reject_validation/generated/render_qa.gd:66)
[runtime-check] PASS pair matches both stride-2 and stride-3 identity phases
[runtime-check] PASS { "key": "song_jiang", "mode": "walk", "method": "motion", "mob": 501, "selected": false, "location": "outside_edge", "lite": true, "force": false } cap=15 exact rendered RGBA equality
[runtime-check] PASS { "key": "song_jiang", "mode": "walk", "method": "motion", "mob": 501, "selected": false, "location": "outside_edge", "lite": true, "force": false } cap=15 same last painted state and animation timer
[runtime-check] PASS { "key": "song_jiang", "mode": "walk", "method": "motion", "mob": 501, "selected": false, "location": "outside_edge", "lite": true, "force": false } cap=15 same actual Canvas draw cadence
[runtime-check] FAIL { "key": "song_jiang", "mode": "walk", "method": "motion", "mob": 501, "selected": false, "location": "outside_edge", "lite": true, "force": false } cap=15 offscreen helpers make no Canvas submission
[runtime-check] PASS real object allocation finds matching modulo-6 identity
ERROR: Condition "!viewport->canvas_map.has(p_canvas)" is true.
   at: viewport_set_canvas_transform (servers/rendering/renderer_viewport.cpp:1306)
   GDScript backtrace (most recent call first):
       [0] rr_make_pair (res://scratchpad/redraw_reject_validation/generated/render_qa.gd:36)
       [1] rr_case (res://scratchpad/redraw_reject_validation/generated/render_qa.gd:98)
       [2] _run (res://scratchpad/redraw_reject_validation/generated/render_qa.gd:218)
       [3] rr_case (res://scratchpad/redraw_reject_validation/generated/render_qa.gd:138)
       [4] rr_remove_pair (res://scratchpad/redraw_reject_validation/generated/render_qa.gd:66)
ERROR: Condition "!viewport->canvas_map.has(p_canvas)" is true.
   at: viewport_set_canvas_transform (servers/rendering/renderer_viewport.cpp:1306)
   GDScript backtrace (most recent call first):
       [0] rr_make_pair (res://scratchpad/redraw_reject_validation/generated/render_qa.gd:36)
       [1] rr_case (res://scratchpad/redraw_reject_validation/generated/render_qa.gd:98)
       [2] _run (res://scratchpad/redraw_reject_validation/generated/render_qa.gd:218)
       [3] rr_case (res://scratchpad/redraw_reject_validation/generated/render_qa.gd:138)
       [4] rr_remove_pair (res://scratchpad/redraw_reject_validation/generated/render_qa.gd:66)
[runtime-check] PASS pair matches both stride-2 and stride-3 identity phases
[runtime-check] PASS { "key": "song_jiang", "mode": "walk", "method": "motion", "mob": 501, "selected": true, "location": "center", "lite": true, "force": false } cap=15 exact rendered RGBA equality
[runtime-check] PASS { "key": "song_jiang", "mode": "walk", "method": "motion", "mob": 501, "selected": true, "location": "center", "lite": true, "force": false } cap=15 same last painted state and animation timer
[runtime-check] PASS { "key": "song_jiang", "mode": "walk", "method": "motion", "mob": 501, "selected": true, "location": "center", "lite": true, "force": false } cap=15 same actual Canvas draw cadence
[runtime-check] PASS { "key": "song_jiang", "mode": "walk", "method": "motion", "mob": 501, "selected": true, "location": "center", "lite": true, "force": false } cap=15 exercises visible Canvas submissions
[runtime-check] PASS { "key": "song_jiang", "mode": "walk", "method": "motion", "mob": 501, "selected": true, "location": "center", "lite": true, "force": false } cap=15 renders actual nontransparent art
[runtime-check] PASS real object allocation finds matching modulo-6 identity
ERROR: Condition "!viewport->canvas_map.has(p_canvas)" is true.
   at: viewport_set_canvas_transform (servers/rendering/renderer_viewport.cpp:1306)
   GDScript backtrace (most recent call first):
       [0] rr_make_pair (res://scratchpad/redraw_reject_validation/generated/render_qa.gd:36)
       [1] rr_case (res://scratchpad/redraw_reject_validation/generated/render_qa.gd:98)
       [2] _run (res://scratchpad/redraw_reject_validation/generated/render_qa.gd:218)
       [3] rr_case (res://scratchpad/redraw_reject_validation/generated/render_qa.gd:138)
       [4] rr_remove_pair (res://scratchpad/redraw_reject_validation/generated/render_qa.gd:66)
ERROR: Condition "!viewport->canvas_map.has(p_canvas)" is true.
   at: viewport_set_canvas_transform (servers/rendering/renderer_viewport.cpp:1306)
   GDScript backtrace (most recent call first):
       [0] rr_make_pair (res://scratchpad/redraw_reject_validation/generated/render_qa.gd:36)
       [1] rr_case (res://scratchpad/redraw_reject_validation/generated/render_qa.gd:98)
       [2] _run (res://scratchpad/redraw_reject_validation/generated/render_qa.gd:218)
       [3] rr_case (res://scratchpad/redraw_reject_validation/generated/render_qa.gd:138)
       [4] rr_remove_pair (res://scratchpad/redraw_reject_validation/generated/render_qa.gd:66)
[runtime-check] PASS pair matches both stride-2 and stride-3 identity phases
[runtime-check] PASS paired actual edge/reentry screenshots saved
[runtime-check] PASS { "key": "song_jiang", "mode": "walk", "method": "motion", "mob": 501, "selected": true, "location": "inside_edge", "lite": true, "force": false } cap=15 exact rendered RGBA equality
[runtime-check] PASS { "key": "song_jiang", "mode": "walk", "method": "motion", "mob": 501, "selected": true, "location": "inside_edge", "lite": true, "force": false } cap=15 same last painted state and animation timer
[runtime-check] PASS { "key": "song_jiang", "mode": "walk", "method": "motion", "mob": 501, "selected": true, "location": "inside_edge", "lite": true, "force": false } cap=15 same actual Canvas draw cadence
[runtime-check] PASS { "key": "song_jiang", "mode": "walk", "method": "motion", "mob": 501, "selected": true, "location": "inside_edge", "lite": true, "force": false } cap=15 exercises visible Canvas submissions
[runtime-check] PASS { "key": "song_jiang", "mode": "walk", "method": "motion", "mob": 501, "selected": true, "location": "inside_edge", "lite": true, "force": false } cap=15 renders actual nontransparent art
[runtime-check] PASS real object allocation finds matching modulo-6 identity
ERROR: Condition "!viewport->canvas_map.has(p_canvas)" is true.
   at: viewport_set_canvas_transform (servers/rendering/renderer_viewport.cpp:1306)
   GDScript backtrace (most recent call first):
       [0] rr_make_pair (res://scratchpad/redraw_reject_validation/generated/render_qa.gd:36)
       [1] rr_case (res://scratchpad/redraw_reject_validation/generated/render_qa.gd:98)
       [2] _run (res://scratchpad/redraw_reject_validation/generated/render_qa.gd:218)
       [3] rr_case (res://scratchpad/redraw_reject_validation/generated/render_qa.gd:138)
       [4] rr_remove_pair (res://scratchpad/redraw_reject_validation/generated/render_qa.gd:66)
ERROR: Condition "!viewport->canvas_map.has(p_canvas)" is true.
   at: viewport_set_canvas_transform (servers/rendering/renderer_viewport.cpp:1306)
   GDScript backtrace (most recent call first):
       [0] rr_make_pair (res://scratchpad/redraw_reject_validation/generated/render_qa.gd:36)
       [1] rr_case (res://scratchpad/redraw_reject_validation/generated/render_qa.gd:98)
       [2] _run (res://scratchpad/redraw_reject_validation/generated/render_qa.gd:218)
       [3] rr_case (res://scratchpad/redraw_reject_validation/generated/render_qa.gd:138)
       [4] rr_remove_pair (res://scratchpad/redraw_reject_validation/generated/render_qa.gd:66)
[runtime-check] PASS pair matches both stride-2 and stride-3 identity phases
[runtime-check] PASS { "key": "song_jiang", "mode": "walk", "method": "motion", "mob": 501, "selected": true, "location": "outside_edge", "lite": true, "force": false } cap=15 exact rendered RGBA equality
[runtime-check] PASS { "key": "song_jiang", "mode": "walk", "method": "motion", "mob": 501, "selected": true, "location": "outside_edge", "lite": true, "force": false } cap=15 same last painted state and animation timer
[runtime-check] PASS { "key": "song_jiang", "mode": "walk", "method": "motion", "mob": 501, "selected": true, "location": "outside_edge", "lite": true, "force": false } cap=15 same actual Canvas draw cadence
[runtime-check] FAIL { "key": "song_jiang", "mode": "walk", "method": "motion", "mob": 501, "selected": true, "location": "outside_edge", "lite": true, "force": false } cap=15 offscreen helpers make no Canvas submission
[runtime-check] PASS real object allocation finds matching modulo-6 identity
ERROR: Condition "!viewport->canvas_map.has(p_canvas)" is true.
   at: viewport_set_canvas_transform (servers/rendering/renderer_viewport.cpp:1306)
   GDScript backtrace (most recent call first):
       [0] rr_make_pair (res://scratchpad/redraw_reject_validation/generated/render_qa.gd:36)
       [1] rr_case (res://scratchpad/redraw_reject_validation/generated/render_qa.gd:98)
       [2] _run (res://scratchpad/redraw_reject_validation/generated/render_qa.gd:218)
       [3] rr_case (res://scratchpad/redraw_reject_validation/generated/render_qa.gd:138)
       [4] rr_remove_pair (res://scratchpad/redraw_reject_validation/generated/render_qa.gd:66)
ERROR: Condition "!viewport->canvas_map.has(p_canvas)" is true.
   at: viewport_set_canvas_transform (servers/rendering/renderer_viewport.cpp:1306)
   GDScript backtrace (most recent call first):
       [0] rr_make_pair (res://scratchpad/redraw_reject_validation/generated/render_qa.gd:36)
       [1] rr_case (res://scratchpad/redraw_reject_validation/generated/render_qa.gd:98)
       [2] _run (res://scratchpad/redraw_reject_validation/generated/render_qa.gd:218)
       [3] rr_case (res://scratchpad/redraw_reject_validation/generated/render_qa.gd:138)
       [4] rr_remove_pair (res://scratchpad/redraw_reject_validation/generated/render_qa.gd:66)
[runtime-check] PASS pair matches both stride-2 and stride-3 identity phases
[runtime-check] PASS { "key": "song_jiang", "mode": "attack", "method": "animated", "mob": 501, "selected": false, "location": "center", "lite": true, "force": false } cap=15 exact rendered RGBA equality
[runtime-check] PASS { "key": "song_jiang", "mode": "attack", "method": "animated", "mob": 501, "selected": false, "location": "center", "lite": true, "force": false } cap=15 same last painted state and animation timer
[runtime-check] PASS { "key": "song_jiang", "mode": "attack", "method": "animated", "mob": 501, "selected": false, "location": "center", "lite": true, "force": false } cap=15 same actual Canvas draw cadence
[runtime-check] PASS { "key": "song_jiang", "mode": "attack", "method": "animated", "mob": 501, "selected": false, "location": "center", "lite": true, "force": false } cap=15 exercises visible Canvas submissions
[runtime-check] PASS { "key": "song_jiang", "mode": "attack", "method": "animated", "mob": 501, "selected": false, "location": "center", "lite": true, "force": false } cap=15 renders actual nontransparent art
[runtime-check] PASS real object allocation finds matching modulo-6 identity
ERROR: Condition "!viewport->canvas_map.has(p_canvas)" is true.
   at: viewport_set_canvas_transform (servers/rendering/renderer_viewport.cpp:1306)
   GDScript backtrace (most recent call first):
       [0] rr_make_pair (res://scratchpad/redraw_reject_validation/generated/render_qa.gd:36)
       [1] rr_case (res://scratchpad/redraw_reject_validation/generated/render_qa.gd:98)
       [2] _run (res://scratchpad/redraw_reject_validation/generated/render_qa.gd:218)
       [3] rr_case (res://scratchpad/redraw_reject_validation/generated/render_qa.gd:138)
       [4] rr_remove_pair (res://scratchpad/redraw_reject_validation/generated/render_qa.gd:66)
ERROR: Condition "!viewport->canvas_map.has(p_canvas)" is true.
   at: viewport_set_canvas_transform (servers/rendering/renderer_viewport.cpp:1306)
   GDScript backtrace (most recent call first):
       [0] rr_make_pair (res://scratchpad/redraw_reject_validation/generated/render_qa.gd:36)
       [1] rr_case (res://scratchpad/redraw_reject_validation/generated/render_qa.gd:98)
       [2] _run (res://scratchpad/redraw_reject_validation/generated/render_qa.gd:218)
       [3] rr_case (res://scratchpad/redraw_reject_validation/generated/render_qa.gd:138)
       [4] rr_remove_pair (res://scratchpad/redraw_reject_validation/generated/render_qa.gd:66)
[runtime-check] PASS pair matches both stride-2 and stride-3 identity phases
[runtime-check] PASS paired actual edge/reentry screenshots saved
[runtime-check] PASS { "key": "song_jiang", "mode": "attack", "method": "animated", "mob": 501, "selected": false, "location": "inside_edge", "lite": true, "force": false } cap=15 exact rendered RGBA equality
[runtime-check] PASS { "key": "song_jiang", "mode": "attack", "method": "animated", "mob": 501, "selected": false, "location": "inside_edge", "lite": true, "force": false } cap=15 same last painted state and animation timer
[runtime-check] PASS { "key": "song_jiang", "mode": "attack", "method": "animated", "mob": 501, "selected": false, "location": "inside_edge", "lite": true, "force": false } cap=15 same actual Canvas draw cadence
[runtime-check] PASS { "key": "song_jiang", "mode": "attack", "method": "animated", "mob": 501, "selected": false, "location": "inside_edge", "lite": true, "force": false } cap=15 exercises visible Canvas submissions
[runtime-check] PASS { "key": "song_jiang", "mode": "attack", "method": "animated", "mob": 501, "selected": false, "location": "inside_edge", "lite": true, "force": false } cap=15 renders actual nontransparent art
[runtime-check] PASS real object allocation finds matching modulo-6 identity
ERROR: Condition "!viewport->canvas_map.has(p_canvas)" is true.
   at: viewport_set_canvas_transform (servers/rendering/renderer_viewport.cpp:1306)
   GDScript backtrace (most recent call first):
       [0] rr_make_pair (res://scratchpad/redraw_reject_validation/generated/render_qa.gd:36)
       [1] rr_case (res://scratchpad/redraw_reject_validation/generated/render_qa.gd:98)
       [2] _run (res://scratchpad/redraw_reject_validation/generated/render_qa.gd:218)
       [3] rr_case (res://scratchpad/redraw_reject_validation/generated/render_qa.gd:138)
       [4] rr_remove_pair (res://scratchpad/redraw_reject_validation/generated/render_qa.gd:66)
ERROR: Condition "!viewport->canvas_map.has(p_canvas)" is true.
   at: viewport_set_canvas_transform (servers/rendering/renderer_viewport.cpp:1306)
   GDScript backtrace (most recent call first):
       [0] rr_make_pair (res://scratchpad/redraw_reject_validation/generated/render_qa.gd:36)
       [1] rr_case (res://scratchpad/redraw_reject_validation/generated/render_qa.gd:98)
       [2] _run (res://scratchpad/redraw_reject_validation/generated/render_qa.gd:218)
       [3] rr_case (res://scratchpad/redraw_reject_validation/generated/render_qa.gd:138)
       [4] rr_remove_pair (res://scratchpad/redraw_reject_validation/generated/render_qa.gd:66)
[runtime-check] PASS pair matches both stride-2 and stride-3 identity phases
[runtime-check] PASS { "key": "song_jiang", "mode": "attack", "method": "animated", "mob": 501, "selected": false, "location": "outside_edge", "lite": true, "force": false } cap=15 exact rendered RGBA equality
[runtime-check] PASS { "key": "song_jiang", "mode": "attack", "method": "animated", "mob": 501, "selected": false, "location": "outside_edge", "lite": true, "force": false } cap=15 same last painted state and animation timer
[runtime-check] PASS { "key": "song_jiang", "mode": "attack", "method": "animated", "mob": 501, "selected": false, "location": "outside_edge", "lite": true, "force": false } cap=15 same actual Canvas draw cadence
[runtime-check] FAIL { "key": "song_jiang", "mode": "attack", "method": "animated", "mob": 501, "selected": false, "location": "outside_edge", "lite": true, "force": false } cap=15 offscreen helpers make no Canvas submission
[runtime-check] PASS real object allocation finds matching modulo-6 identity
ERROR: Condition "!viewport->canvas_map.has(p_canvas)" is true.
   at: viewport_set_canvas_transform (servers/rendering/renderer_viewport.cpp:1306)
   GDScript backtrace (most recent call first):
       [0] rr_make_pair (res://scratchpad/redraw_reject_validation/generated/render_qa.gd:36)
       [1] rr_case (res://scratchpad/redraw_reject_validation/generated/render_qa.gd:98)
       [2] _run (res://scratchpad/redraw_reject_validation/generated/render_qa.gd:218)
       [3] rr_case (res://scratchpad/redraw_reject_validation/generated/render_qa.gd:138)
       [4] rr_remove_pair (res://scratchpad/redraw_reject_validation/generated/render_qa.gd:66)
ERROR: Condition "!viewport->canvas_map.has(p_canvas)" is true.
   at: viewport_set_canvas_transform (servers/rendering/renderer_viewport.cpp:1306)
   GDScript backtrace (most recent call first):
       [0] rr_make_pair (res://scratchpad/redraw_reject_validation/generated/render_qa.gd:36)
       [1] rr_case (res://scratchpad/redraw_reject_validation/generated/render_qa.gd:98)
       [2] _run (res://scratchpad/redraw_reject_validation/generated/render_qa.gd:218)
       [3] rr_case (res://scratchpad/redraw_reject_validation/generated/render_qa.gd:138)
       [4] rr_remove_pair (res://scratchpad/redraw_reject_validation/generated/render_qa.gd:66)
[runtime-check] PASS pair matches both stride-2 and stride-3 identity phases
[runtime-check] PASS paired actual edge/reentry screenshots saved
[runtime-check] PASS { "key": "song_jiang", "mode": "attack", "method": "animated", "mob": 501, "selected": false, "location": "reenter", "lite": true, "force": false } cap=15 exact rendered RGBA equality
[runtime-check] PASS { "key": "song_jiang", "mode": "attack", "method": "animated", "mob": 501, "selected": false, "location": "reenter", "lite": true, "force": false } cap=15 same last painted state and animation timer
[runtime-check] PASS { "key": "song_jiang", "mode": "attack", "method": "animated", "mob": 501, "selected": false, "location": "reenter", "lite": true, "force": false } cap=15 same actual Canvas draw cadence
[runtime-check] PASS { "key": "song_jiang", "mode": "attack", "method": "animated", "mob": 501, "selected": false, "location": "reenter", "lite": true, "force": false } cap=15 exercises visible Canvas submissions
[runtime-check] PASS { "key": "song_jiang", "mode": "attack", "method": "animated", "mob": 501, "selected": false, "location": "reenter", "lite": true, "force": false } cap=15 renders actual nontransparent art
[runtime-check] PASS offscreen changed state is repainted after real visibility reentry
[runtime-check] PASS real object allocation finds matching modulo-6 identity
ERROR: Condition "!viewport->canvas_map.has(p_canvas)" is true.
   at: viewport_set_canvas_transform (servers/rendering/renderer_viewport.cpp:1306)
   GDScript backtrace (most recent call first):
       [0] rr_make_pair (res://scratchpad/redraw_reject_validation/generated/render_qa.gd:36)
       [1] rr_case (res://scratchpad/redraw_reject_validation/generated/render_qa.gd:98)
       [2] _run (res://scratchpad/redraw_reject_validation/generated/render_qa.gd:218)
       [3] rr_case (res://scratchpad/redraw_reject_validation/generated/render_qa.gd:138)
       [4] rr_remove_pair (res://scratchpad/redraw_reject_validation/generated/render_qa.gd:66)
ERROR: Condition "!viewport->canvas_map.has(p_canvas)" is true.
   at: viewport_set_canvas_transform (servers/rendering/renderer_viewport.cpp:1306)
   GDScript backtrace (most recent call first):
       [0] rr_make_pair (res://scratchpad/redraw_reject_validation/generated/render_qa.gd:36)
       [1] rr_case (res://scratchpad/redraw_reject_validation/generated/render_qa.gd:98)
       [2] _run (res://scratchpad/redraw_reject_validation/generated/render_qa.gd:218)
       [3] rr_case (res://scratchpad/redraw_reject_validation/generated/render_qa.gd:138)
       [4] rr_remove_pair (res://scratchpad/redraw_reject_validation/generated/render_qa.gd:66)
[runtime-check] PASS pair matches both stride-2 and stride-3 identity phases
[runtime-check] PASS { "key": "song_jiang", "mode": "attack", "method": "animated", "mob": 501, "selected": false, "location": "center", "lite": true, "force": true } cap=15 exact rendered RGBA equality
[runtime-check] PASS { "key": "song_jiang", "mode": "attack", "method": "animated", "mob": 501, "selected": false, "location": "center", "lite": true, "force": true } cap=15 same last painted state and animation timer
[runtime-check] PASS { "key": "song_jiang", "mode": "attack", "method": "animated", "mob": 501, "selected": false, "location": "center", "lite": true, "force": true } cap=15 same actual Canvas draw cadence
[runtime-check] PASS { "key": "song_jiang", "mode": "attack", "method": "animated", "mob": 501, "selected": false, "location": "center", "lite": true, "force": true } cap=15 exercises visible Canvas submissions
[runtime-check] PASS { "key": "song_jiang", "mode": "attack", "method": "animated", "mob": 501, "selected": false, "location": "center", "lite": true, "force": true } cap=15 renders actual nontransparent art
[runtime-check] PASS real object allocation finds matching modulo-6 identity
ERROR: Condition "!viewport->canvas_map.has(p_canvas)" is true.
   at: viewport_set_canvas_transform (servers/rendering/renderer_viewport.cpp:1306)
   GDScript backtrace (most recent call first):
       [0] rr_make_pair (res://scratchpad/redraw_reject_validation/generated/render_qa.gd:36)
       [1] rr_case (res://scratchpad/redraw_reject_validation/generated/render_qa.gd:98)
       [2] _run (res://scratchpad/redraw_reject_validation/generated/render_qa.gd:218)
       [3] rr_case (res://scratchpad/redraw_reject_validation/generated/render_qa.gd:138)
       [4] rr_remove_pair (res://scratchpad/redraw_reject_validation/generated/render_qa.gd:66)
ERROR: Condition "!viewport->canvas_map.has(p_canvas)" is true.
   at: viewport_set_canvas_transform (servers/rendering/renderer_viewport.cpp:1306)
   GDScript backtrace (most recent call first):
       [0] rr_make_pair (res://scratchpad/redraw_reject_validation/generated/render_qa.gd:36)
       [1] rr_case (res://scratchpad/redraw_reject_validation/generated/render_qa.gd:98)
       [2] _run (res://scratchpad/redraw_reject_validation/generated/render_qa.gd:218)
       [3] rr_case (res://scratchpad/redraw_reject_validation/generated/render_qa.gd:138)
       [4] rr_remove_pair (res://scratchpad/redraw_reject_validation/generated/render_qa.gd:66)
[runtime-check] PASS pair matches both stride-2 and stride-3 identity phases
[runtime-check] PASS paired actual edge/reentry screenshots saved
[runtime-check] PASS { "key": "song_jiang", "mode": "attack", "method": "animated", "mob": 501, "selected": false, "location": "inside_edge", "lite": true, "force": true } cap=15 exact rendered RGBA equality
[runtime-check] PASS { "key": "song_jiang", "mode": "attack", "method": "animated", "mob": 501, "selected": false, "location": "inside_edge", "lite": true, "force": true } cap=15 same last painted state and animation timer
[runtime-check] PASS { "key": "song_jiang", "mode": "attack", "method": "animated", "mob": 501, "selected": false, "location": "inside_edge", "lite": true, "force": true } cap=15 same actual Canvas draw cadence
[runtime-check] PASS { "key": "song_jiang", "mode": "attack", "method": "animated", "mob": 501, "selected": false, "location": "inside_edge", "lite": true, "force": true } cap=15 exercises visible Canvas submissions
[runtime-check] PASS { "key": "song_jiang", "mode": "attack", "method": "animated", "mob": 501, "selected": false, "location": "inside_edge", "lite": true, "force": true } cap=15 renders actual nontransparent art
[runtime-check] PASS real object allocation finds matching modulo-6 identity
ERROR: Condition "!viewport->canvas_map.has(p_canvas)" is true.
   at: viewport_set_canvas_transform (servers/rendering/renderer_viewport.cpp:1306)
   GDScript backtrace (most recent call first):
       [0] rr_make_pair (res://scratchpad/redraw_reject_validation/generated/render_qa.gd:36)
       [1] rr_case (res://scratchpad/redraw_reject_validation/generated/render_qa.gd:98)
       [2] _run (res://scratchpad/redraw_reject_validation/generated/render_qa.gd:218)
       [3] rr_case (res://scratchpad/redraw_reject_validation/generated/render_qa.gd:138)
       [4] rr_remove_pair (res://scratchpad/redraw_reject_validation/generated/render_qa.gd:66)
ERROR: Condition "!viewport->canvas_map.has(p_canvas)" is true.
   at: viewport_set_canvas_transform (servers/rendering/renderer_viewport.cpp:1306)
   GDScript backtrace (most recent call first):
       [0] rr_make_pair (res://scratchpad/redraw_reject_validation/generated/render_qa.gd:36)
       [1] rr_case (res://scratchpad/redraw_reject_validation/generated/render_qa.gd:98)
       [2] _run (res://scratchpad/redraw_reject_validation/generated/render_qa.gd:218)
       [3] rr_case (res://scratchpad/redraw_reject_validation/generated/render_qa.gd:138)
       [4] rr_remove_pair (res://scratchpad/redraw_reject_validation/generated/render_qa.gd:66)
[runtime-check] PASS pair matches both stride-2 and stride-3 identity phases
[runtime-check] PASS { "key": "song_jiang", "mode": "attack", "method": "animated", "mob": 501, "selected": false, "location": "outside_edge", "lite": true, "force": true } cap=15 exact rendered RGBA equality
[runtime-check] PASS { "key": "song_jiang", "mode": "attack", "method": "animated", "mob": 501, "selected": false, "location": "outside_edge", "lite": true, "force": true } cap=15 same last painted state and animation timer
[runtime-check] PASS { "key": "song_jiang", "mode": "attack", "method": "animated", "mob": 501, "selected": false, "location": "outside_edge", "lite": true, "force": true } cap=15 same actual Canvas draw cadence
[runtime-check] FAIL { "key": "song_jiang", "mode": "attack", "method": "animated", "mob": 501, "selected": false, "location": "outside_edge", "lite": true, "force": true } cap=15 offscreen helpers make no Canvas submission
[runtime-check] PASS real object allocation finds matching modulo-6 identity
ERROR: Condition "!viewport->canvas_map.has(p_canvas)" is true.
   at: viewport_set_canvas_transform (servers/rendering/renderer_viewport.cpp:1306)
   GDScript backtrace (most recent call first):
       [0] rr_make_pair (res://scratchpad/redraw_reject_validation/generated/render_qa.gd:36)
       [1] rr_case (res://scratchpad/redraw_reject_validation/generated/render_qa.gd:98)
       [2] _run (res://scratchpad/redraw_reject_validation/generated/render_qa.gd:218)
       [3] rr_case (res://scratchpad/redraw_reject_validation/generated/render_qa.gd:138)
       [4] rr_remove_pair (res://scratchpad/redraw_reject_validation/generated/render_qa.gd:66)
ERROR: Condition "!viewport->canvas_map.has(p_canvas)" is true.
   at: viewport_set_canvas_transform (servers/rendering/renderer_viewport.cpp:1306)
   GDScript backtrace (most recent call first):
       [0] rr_make_pair (res://scratchpad/redraw_reject_validation/generated/render_qa.gd:36)
       [1] rr_case (res://scratchpad/redraw_reject_validation/generated/render_qa.gd:98)
       [2] _run (res://scratchpad/redraw_reject_validation/generated/render_qa.gd:218)
       [3] rr_case (res://scratchpad/redraw_reject_validation/generated/render_qa.gd:138)
       [4] rr_remove_pair (res://scratchpad/redraw_reject_validation/generated/render_qa.gd:66)
[runtime-check] PASS pair matches both stride-2 and stride-3 identity phases
[runtime-check] PASS paired actual edge/reentry screenshots saved
[runtime-check] PASS { "key": "song_jiang", "mode": "attack", "method": "animated", "mob": 501, "selected": false, "location": "reenter", "lite": true, "force": true } cap=15 exact rendered RGBA equality
[runtime-check] PASS { "key": "song_jiang", "mode": "attack", "method": "animated", "mob": 501, "selected": false, "location": "reenter", "lite": true, "force": true } cap=15 same last painted state and animation timer
[runtime-check] PASS { "key": "song_jiang", "mode": "attack", "method": "animated", "mob": 501, "selected": false, "location": "reenter", "lite": true, "force": true } cap=15 same actual Canvas draw cadence
[runtime-check] PASS { "key": "song_jiang", "mode": "attack", "method": "animated", "mob": 501, "selected": false, "location": "reenter", "lite": true, "force": true } cap=15 exercises visible Canvas submissions
[runtime-check] PASS { "key": "song_jiang", "mode": "attack", "method": "animated", "mob": 501, "selected": false, "location": "reenter", "lite": true, "force": true } cap=15 renders actual nontransparent art
[runtime-check] PASS offscreen changed state is repainted after real visibility reentry
[runtime-check] PASS real object allocation finds matching modulo-6 identity
ERROR: Condition "!viewport->canvas_map.has(p_canvas)" is true.
   at: viewport_set_canvas_transform (servers/rendering/renderer_viewport.cpp:1306)
   GDScript backtrace (most recent call first):
       [0] rr_make_pair (res://scratchpad/redraw_reject_validation/generated/render_qa.gd:36)
       [1] rr_case (res://scratchpad/redraw_reject_validation/generated/render_qa.gd:98)
       [2] _run (res://scratchpad/redraw_reject_validation/generated/render_qa.gd:218)
       [3] rr_case (res://scratchpad/redraw_reject_validation/generated/render_qa.gd:138)
       [4] rr_remove_pair (res://scratchpad/redraw_reject_validation/generated/render_qa.gd:66)
ERROR: Condition "!viewport->canvas_map.has(p_canvas)" is true.
   at: viewport_set_canvas_transform (servers/rendering/renderer_viewport.cpp:1306)
   GDScript backtrace (most recent call first):
       [0] rr_make_pair (res://scratchpad/redraw_reject_validation/generated/render_qa.gd:36)
       [1] rr_case (res://scratchpad/redraw_reject_validation/generated/render_qa.gd:98)
       [2] _run (res://scratchpad/redraw_reject_validation/generated/render_qa.gd:218)
       [3] rr_case (res://scratchpad/redraw_reject_validation/generated/render_qa.gd:138)
       [4] rr_remove_pair (res://scratchpad/redraw_reject_validation/generated/render_qa.gd:66)
[runtime-check] PASS pair matches both stride-2 and stride-3 identity phases
[runtime-check] PASS { "key": "song_jiang", "mode": "death", "method": "animated", "mob": 501, "selected": false, "location": "center", "lite": true, "force": true } cap=15 exact rendered RGBA equality
[runtime-check] PASS { "key": "song_jiang", "mode": "death", "method": "animated", "mob": 501, "selected": false, "location": "center", "lite": true, "force": true } cap=15 same last painted state and animation timer
[runtime-check] PASS { "key": "song_jiang", "mode": "death", "method": "animated", "mob": 501, "selected": false, "location": "center", "lite": true, "force": true } cap=15 same actual Canvas draw cadence
[runtime-check] PASS { "key": "song_jiang", "mode": "death", "method": "animated", "mob": 501, "selected": false, "location": "center", "lite": true, "force": true } cap=15 exercises visible Canvas submissions
[runtime-check] PASS { "key": "song_jiang", "mode": "death", "method": "animated", "mob": 501, "selected": false, "location": "center", "lite": true, "force": true } cap=15 renders actual nontransparent art
[runtime-check] PASS real object allocation finds matching modulo-6 identity
ERROR: Condition "!viewport->canvas_map.has(p_canvas)" is true.
   at: viewport_set_canvas_transform (servers/rendering/renderer_viewport.cpp:1306)
   GDScript backtrace (most recent call first):
       [0] rr_make_pair (res://scratchpad/redraw_reject_validation/generated/render_qa.gd:36)
       [1] rr_case (res://scratchpad/redraw_reject_validation/generated/render_qa.gd:98)
       [2] _run (res://scratchpad/redraw_reject_validation/generated/render_qa.gd:218)
       [3] rr_case (res://scratchpad/redraw_reject_validation/generated/render_qa.gd:138)
       [4] rr_remove_pair (res://scratchpad/redraw_reject_validation/generated/render_qa.gd:66)
ERROR: Condition "!viewport->canvas_map.has(p_canvas)" is true.
   at: viewport_set_canvas_transform (servers/rendering/renderer_viewport.cpp:1306)
   GDScript backtrace (most recent call first):
       [0] rr_make_pair (res://scratchpad/redraw_reject_validation/generated/render_qa.gd:36)
       [1] rr_case (res://scratchpad/redraw_reject_validation/generated/render_qa.gd:98)
       [2] _run (res://scratchpad/redraw_reject_validation/generated/render_qa.gd:218)
       [3] rr_case (res://scratchpad/redraw_reject_validation/generated/render_qa.gd:138)
       [4] rr_remove_pair (res://scratchpad/redraw_reject_validation/generated/render_qa.gd:66)
[runtime-check] PASS pair matches both stride-2 and stride-3 identity phases
[runtime-check] PASS { "key": "arrow_tower", "mode": "burn", "method": "animated", "mob": 501, "selected": false, "location": "center", "lite": true, "force": true } cap=15 exact rendered RGBA equality
[runtime-check] PASS { "key": "arrow_tower", "mode": "burn", "method": "animated", "mob": 501, "selected": false, "location": "center", "lite": true, "force": true } cap=15 same last painted state and animation timer
[runtime-check] PASS { "key": "arrow_tower", "mode": "burn", "method": "animated", "mob": 501, "selected": false, "location": "center", "lite": true, "force": true } cap=15 same actual Canvas draw cadence
[runtime-check] PASS { "key": "arrow_tower", "mode": "burn", "method": "animated", "mob": 501, "selected": false, "location": "center", "lite": true, "force": true } cap=15 exercises visible Canvas submissions
[runtime-check] PASS { "key": "arrow_tower", "mode": "burn", "method": "animated", "mob": 501, "selected": false, "location": "center", "lite": true, "force": true } cap=15 renders actual nontransparent art
[runtime-check] PASS real object allocation finds matching modulo-6 identity
ERROR: Condition "!viewport->canvas_map.has(p_canvas)" is true.
   at: viewport_set_canvas_transform (servers/rendering/renderer_viewport.cpp:1306)
   GDScript backtrace (most recent call first):
       [0] rr_make_pair (res://scratchpad/redraw_reject_validation/generated/render_qa.gd:36)
       [1] rr_case (res://scratchpad/redraw_reject_validation/generated/render_qa.gd:98)
       [2] _run (res://scratchpad/redraw_reject_validation/generated/render_qa.gd:218)
       [3] rr_case (res://scratchpad/redraw_reject_validation/generated/render_qa.gd:138)
       [4] rr_remove_pair (res://scratchpad/redraw_reject_validation/generated/render_qa.gd:66)
ERROR: Condition "!viewport->canvas_map.has(p_canvas)" is true.
   at: viewport_set_canvas_transform (servers/rendering/renderer_viewport.cpp:1306)
   GDScript backtrace (most recent call first):
       [0] rr_make_pair (res://scratchpad/redraw_reject_validation/generated/render_qa.gd:36)
       [1] rr_case (res://scratchpad/redraw_reject_validation/generated/render_qa.gd:98)
       [2] _run (res://scratchpad/redraw_reject_validation/generated/render_qa.gd:218)
       [3] rr_case (res://scratchpad/redraw_reject_validation/generated/render_qa.gd:138)
       [4] rr_remove_pair (res://scratchpad/redraw_reject_validation/generated/render_qa.gd:66)
[runtime-check] PASS pair matches both stride-2 and stride-3 identity phases
[runtime-check] PASS { "key": "song_jiang", "mode": "walk", "method": "animated", "mob": 501, "selected": false, "location": "center", "lite": false, "force": true } cap=15 exact rendered RGBA equality
[runtime-check] PASS { "key": "song_jiang", "mode": "walk", "method": "animated", "mob": 501, "selected": false, "location": "center", "lite": false, "force": true } cap=15 same last painted state and animation timer
[runtime-check] PASS { "key": "song_jiang", "mode": "walk", "method": "animated", "mob": 501, "selected": false, "location": "center", "lite": false, "force": true } cap=15 same actual Canvas draw cadence
[runtime-check] PASS { "key": "song_jiang", "mode": "walk", "method": "animated", "mob": 501, "selected": false, "location": "center", "lite": false, "force": true } cap=15 exercises visible Canvas submissions
[runtime-check] PASS { "key": "song_jiang", "mode": "walk", "method": "animated", "mob": 501, "selected": false, "location": "center", "lite": false, "force": true } cap=15 renders actual nontransparent art
[runtime-check] PASS real object allocation finds matching modulo-6 identity
ERROR: Condition "!viewport->canvas_map.has(p_canvas)" is true.
   at: viewport_set_canvas_transform (servers/rendering/renderer_viewport.cpp:1306)
   GDScript backtrace (most recent call first):
       [0] rr_make_pair (res://scratchpad/redraw_reject_validation/generated/render_qa.gd:36)
       [1] rr_case (res://scratchpad/redraw_reject_validation/generated/render_qa.gd:98)
       [2] _run (res://scratchpad/redraw_reject_validation/generated/render_qa.gd:218)
       [3] rr_case (res://scratchpad/redraw_reject_validation/generated/render_qa.gd:138)
       [4] rr_remove_pair (res://scratchpad/redraw_reject_validation/generated/render_qa.gd:66)
ERROR: Condition "!viewport->canvas_map.has(p_canvas)" is true.
   at: viewport_set_canvas_transform (servers/rendering/renderer_viewport.cpp:1306)
   GDScript backtrace (most recent call first):
       [0] rr_make_pair (res://scratchpad/redraw_reject_validation/generated/render_qa.gd:36)
       [1] rr_case (res://scratchpad/redraw_reject_validation/generated/render_qa.gd:98)
       [2] _run (res://scratchpad/redraw_reject_validation/generated/render_qa.gd:218)
       [3] rr_case (res://scratchpad/redraw_reject_validation/generated/render_qa.gd:138)
       [4] rr_remove_pair (res://scratchpad/redraw_reject_validation/generated/render_qa.gd:66)
[runtime-check] PASS pair matches both stride-2 and stride-3 identity phases
[runtime-check] PASS { "key": "song_jiang", "mode": "walk", "method": "motion", "mob": 260, "selected": false, "location": "center", "lite": true, "force": false } cap=60 exact rendered RGBA equality
[runtime-check] PASS { "key": "song_jiang", "mode": "walk", "method": "motion", "mob": 260, "selected": false, "location": "center", "lite": true, "force": false } cap=60 same last painted state and animation timer
[runtime-check] PASS { "key": "song_jiang", "mode": "walk", "method": "motion", "mob": 260, "selected": false, "location": "center", "lite": true, "force": false } cap=60 same actual Canvas draw cadence
[runtime-check] PASS { "key": "song_jiang", "mode": "walk", "method": "motion", "mob": 260, "selected": false, "location": "center", "lite": true, "force": false } cap=60 exercises visible Canvas submissions
[runtime-check] PASS { "key": "song_jiang", "mode": "walk", "method": "motion", "mob": 260, "selected": false, "location": "center", "lite": true, "force": false } cap=60 renders actual nontransparent art
[runtime-check] PASS real object allocation finds matching modulo-6 identity
ERROR: Condition "!viewport->canvas_map.has(p_canvas)" is true.
   at: viewport_set_canvas_transform (servers/rendering/renderer_viewport.cpp:1306)
   GDScript backtrace (most recent call first):
       [0] rr_make_pair (res://scratchpad/redraw_reject_validation/generated/render_qa.gd:36)
       [1] rr_case (res://scratchpad/redraw_reject_validation/generated/render_qa.gd:98)
       [2] _run (res://scratchpad/redraw_reject_validation/generated/render_qa.gd:218)
       [3] rr_case (res://scratchpad/redraw_reject_validation/generated/render_qa.gd:138)
       [4] rr_remove_pair (res://scratchpad/redraw_reject_validation/generated/render_qa.gd:66)
ERROR: Condition "!viewport->canvas_map.has(p_canvas)" is true.
   at: viewport_set_canvas_transform (servers/rendering/renderer_viewport.cpp:1306)
   GDScript backtrace (most recent call first):
       [0] rr_make_pair (res://scratchpad/redraw_reject_validation/generated/render_qa.gd:36)
       [1] rr_case (res://scratchpad/redraw_reject_validation/generated/render_qa.gd:98)
       [2] _run (res://scratchpad/redraw_reject_validation/generated/render_qa.gd:218)
       [3] rr_case (res://scratchpad/redraw_reject_validation/generated/render_qa.gd:138)
       [4] rr_remove_pair (res://scratchpad/redraw_reject_validation/generated/render_qa.gd:66)
[runtime-check] PASS pair matches both stride-2 and stride-3 identity phases
[runtime-check] PASS paired actual edge/reentry screenshots saved
[runtime-check] PASS { "key": "song_jiang", "mode": "walk", "method": "motion", "mob": 260, "selected": false, "location": "inside_edge", "lite": true, "force": false } cap=60 exact rendered RGBA equality
[runtime-check] PASS { "key": "song_jiang", "mode": "walk", "method": "motion", "mob": 260, "selected": false, "location": "inside_edge", "lite": true, "force": false } cap=60 same last painted state and animation timer
[runtime-check] PASS { "key": "song_jiang", "mode": "walk", "method": "motion", "mob": 260, "selected": false, "location": "inside_edge", "lite": true, "force": false } cap=60 same actual Canvas draw cadence
[runtime-check] PASS { "key": "song_jiang", "mode": "walk", "method": "motion", "mob": 260, "selected": false, "location": "inside_edge", "lite": true, "force": false } cap=60 exercises visible Canvas submissions
[runtime-check] PASS { "key": "song_jiang", "mode": "walk", "method": "motion", "mob": 260, "selected": false, "location": "inside_edge", "lite": true, "force": false } cap=60 renders actual nontransparent art
[runtime-check] PASS real object allocation finds matching modulo-6 identity
ERROR: Condition "!viewport->canvas_map.has(p_canvas)" is true.
   at: viewport_set_canvas_transform (servers/rendering/renderer_viewport.cpp:1306)
   GDScript backtrace (most recent call first):
       [0] rr_make_pair (res://scratchpad/redraw_reject_validation/generated/render_qa.gd:36)
       [1] rr_case (res://scratchpad/redraw_reject_validation/generated/render_qa.gd:98)
       [2] _run (res://scratchpad/redraw_reject_validation/generated/render_qa.gd:218)
       [3] rr_case (res://scratchpad/redraw_reject_validation/generated/render_qa.gd:138)
       [4] rr_remove_pair (res://scratchpad/redraw_reject_validation/generated/render_qa.gd:66)
ERROR: Condition "!viewport->canvas_map.has(p_canvas)" is true.
   at: viewport_set_canvas_transform (servers/rendering/renderer_viewport.cpp:1306)
   GDScript backtrace (most recent call first):
       [0] rr_make_pair (res://scratchpad/redraw_reject_validation/generated/render_qa.gd:36)
       [1] rr_case (res://scratchpad/redraw_reject_validation/generated/render_qa.gd:98)
       [2] _run (res://scratchpad/redraw_reject_validation/generated/render_qa.gd:218)
       [3] rr_case (res://scratchpad/redraw_reject_validation/generated/render_qa.gd:138)
       [4] rr_remove_pair (res://scratchpad/redraw_reject_validation/generated/render_qa.gd:66)
[runtime-check] PASS pair matches both stride-2 and stride-3 identity phases
[runtime-check] PASS { "key": "song_jiang", "mode": "walk", "method": "motion", "mob": 260, "selected": false, "location": "outside_edge", "lite": true, "force": false } cap=60 exact rendered RGBA equality
[runtime-check] PASS { "key": "song_jiang", "mode": "walk", "method": "motion", "mob": 260, "selected": false, "location": "outside_edge", "lite": true, "force": false } cap=60 same last painted state and animation timer
[runtime-check] PASS { "key": "song_jiang", "mode": "walk", "method": "motion", "mob": 260, "selected": false, "location": "outside_edge", "lite": true, "force": false } cap=60 same actual Canvas draw cadence
[runtime-check] FAIL { "key": "song_jiang", "mode": "walk", "method": "motion", "mob": 260, "selected": false, "location": "outside_edge", "lite": true, "force": false } cap=60 offscreen helpers make no Canvas submission
[runtime-check] PASS real object allocation finds matching modulo-6 identity
ERROR: Condition "!viewport->canvas_map.has(p_canvas)" is true.
   at: viewport_set_canvas_transform (servers/rendering/renderer_viewport.cpp:1306)
   GDScript backtrace (most recent call first):
       [0] rr_make_pair (res://scratchpad/redraw_reject_validation/generated/render_qa.gd:36)
       [1] rr_case (res://scratchpad/redraw_reject_validation/generated/render_qa.gd:98)
       [2] _run (res://scratchpad/redraw_reject_validation/generated/render_qa.gd:218)
       [3] rr_case (res://scratchpad/redraw_reject_validation/generated/render_qa.gd:138)
       [4] rr_remove_pair (res://scratchpad/redraw_reject_validation/generated/render_qa.gd:66)
ERROR: Condition "!viewport->canvas_map.has(p_canvas)" is true.
   at: viewport_set_canvas_transform (servers/rendering/renderer_viewport.cpp:1306)
   GDScript backtrace (most recent call first):
       [0] rr_make_pair (res://scratchpad/redraw_reject_validation/generated/render_qa.gd:36)
       [1] rr_case (res://scratchpad/redraw_reject_validation/generated/render_qa.gd:98)
       [2] _run (res://scratchpad/redraw_reject_validation/generated/render_qa.gd:218)
       [3] rr_case (res://scratchpad/redraw_reject_validation/generated/render_qa.gd:138)
       [4] rr_remove_pair (res://scratchpad/redraw_reject_validation/generated/render_qa.gd:66)
[runtime-check] PASS pair matches both stride-2 and stride-3 identity phases
[runtime-check] PASS { "key": "song_jiang", "mode": "walk", "method": "motion", "mob": 260, "selected": true, "location": "center", "lite": true, "force": false } cap=60 exact rendered RGBA equality
[runtime-check] PASS { "key": "song_jiang", "mode": "walk", "method": "motion", "mob": 260, "selected": true, "location": "center", "lite": true, "force": false } cap=60 same last painted state and animation timer
[runtime-check] PASS { "key": "song_jiang", "mode": "walk", "method": "motion", "mob": 260, "selected": true, "location": "center", "lite": true, "force": false } cap=60 same actual Canvas draw cadence
[runtime-check] PASS { "key": "song_jiang", "mode": "walk", "method": "motion", "mob": 260, "selected": true, "location": "center", "lite": true, "force": false } cap=60 exercises visible Canvas submissions
[runtime-check] PASS { "key": "song_jiang", "mode": "walk", "method": "motion", "mob": 260, "selected": true, "location": "center", "lite": true, "force": false } cap=60 renders actual nontransparent art
[runtime-check] PASS real object allocation finds matching modulo-6 identity
ERROR: Condition "!viewport->canvas_map.has(p_canvas)" is true.
   at: viewport_set_canvas_transform (servers/rendering/renderer_viewport.cpp:1306)
   GDScript backtrace (most recent call first):
       [0] rr_make_pair (res://scratchpad/redraw_reject_validation/generated/render_qa.gd:36)
       [1] rr_case (res://scratchpad/redraw_reject_validation/generated/render_qa.gd:98)
       [2] _run (res://scratchpad/redraw_reject_validation/generated/render_qa.gd:218)
       [3] rr_case (res://scratchpad/redraw_reject_validation/generated/render_qa.gd:138)
       [4] rr_remove_pair (res://scratchpad/redraw_reject_validation/generated/render_qa.gd:66)
ERROR: Condition "!viewport->canvas_map.has(p_canvas)" is true.
   at: viewport_set_canvas_transform (servers/rendering/renderer_viewport.cpp:1306)
   GDScript backtrace (most recent call first):
       [0] rr_make_pair (res://scratchpad/redraw_reject_validation/generated/render_qa.gd:36)
       [1] rr_case (res://scratchpad/redraw_reject_validation/generated/render_qa.gd:98)
       [2] _run (res://scratchpad/redraw_reject_validation/generated/render_qa.gd:218)
       [3] rr_case (res://scratchpad/redraw_reject_validation/generated/render_qa.gd:138)
       [4] rr_remove_pair (res://scratchpad/redraw_reject_validation/generated/render_qa.gd:66)
[runtime-check] PASS pair matches both stride-2 and stride-3 identity phases
[runtime-check] PASS paired actual edge/reentry screenshots saved
[runtime-check] PASS { "key": "song_jiang", "mode": "walk", "method": "motion", "mob": 260, "selected": true, "location": "inside_edge", "lite": true, "force": false } cap=60 exact rendered RGBA equality
[runtime-check] PASS { "key": "song_jiang", "mode": "walk", "method": "motion", "mob": 260, "selected": true, "location": "inside_edge", "lite": true, "force": false } cap=60 same last painted state and animation timer
[runtime-check] PASS { "key": "song_jiang", "mode": "walk", "method": "motion", "mob": 260, "selected": true, "location": "inside_edge", "lite": true, "force": false } cap=60 same actual Canvas draw cadence
[runtime-check] PASS { "key": "song_jiang", "mode": "walk", "method": "motion", "mob": 260, "selected": true, "location": "inside_edge", "lite": true, "force": false } cap=60 exercises visible Canvas submissions
[runtime-check] PASS { "key": "song_jiang", "mode": "walk", "method": "motion", "mob": 260, "selected": true, "location": "inside_edge", "lite": true, "force": false } cap=60 renders actual nontransparent art
[runtime-check] PASS real object allocation finds matching modulo-6 identity
ERROR: Condition "!viewport->canvas_map.has(p_canvas)" is true.
   at: viewport_set_canvas_transform (servers/rendering/renderer_viewport.cpp:1306)
   GDScript backtrace (most recent call first):
       [0] rr_make_pair (res://scratchpad/redraw_reject_validation/generated/render_qa.gd:36)
       [1] rr_case (res://scratchpad/redraw_reject_validation/generated/render_qa.gd:98)
       [2] _run (res://scratchpad/redraw_reject_validation/generated/render_qa.gd:218)
       [3] rr_case (res://scratchpad/redraw_reject_validation/generated/render_qa.gd:138)
       [4] rr_remove_pair (res://scratchpad/redraw_reject_validation/generated/render_qa.gd:66)
ERROR: Condition "!viewport->canvas_map.has(p_canvas)" is true.
   at: viewport_set_canvas_transform (servers/rendering/renderer_viewport.cpp:1306)
   GDScript backtrace (most recent call first):
       [0] rr_make_pair (res://scratchpad/redraw_reject_validation/generated/render_qa.gd:36)
       [1] rr_case (res://scratchpad/redraw_reject_validation/generated/render_qa.gd:98)
       [2] _run (res://scratchpad/redraw_reject_validation/generated/render_qa.gd:218)
       [3] rr_case (res://scratchpad/redraw_reject_validation/generated/render_qa.gd:138)
       [4] rr_remove_pair (res://scratchpad/redraw_reject_validation/generated/render_qa.gd:66)
[runtime-check] PASS pair matches both stride-2 and stride-3 identity phases
[runtime-check] PASS { "key": "song_jiang", "mode": "walk", "method": "motion", "mob": 260, "selected": true, "location": "outside_edge", "lite": true, "force": false } cap=60 exact rendered RGBA equality
[runtime-check] PASS { "key": "song_jiang", "mode": "walk", "method": "motion", "mob": 260, "selected": true, "location": "outside_edge", "lite": true, "force": false } cap=60 same last painted state and animation timer
