Godot Engine v4.6.3.stable.official.7d41c59c4 - https://godotengine.org

[   0% ] [90m[1mfirst_scan_filesystem[22m | Started 项目初始化 (5 steps)[39m[0m
[   0% ] [90m[1mfirst_scan_filesystem[22m | 正在扫描文件结构……[39m[0m
[  16% ] [90m[1mfirst_scan_filesystem[22m | 正在加载全局类名……[39m[0m
[  33% ] [90m[1mfirst_scan_filesystem[22m | 正在校验 GDExtension……[39m[0m
[  50% ] [90m[1mfirst_scan_filesystem[22m | 正在创建自动加载脚本……[39m[0m
[  66% ] [90m[1mfirst_scan_filesystem[22m | 正在初始化插件……[39m[0m
[  83% ] [90m[1mfirst_scan_filesystem[22m | 正在启动文件扫描……[39m[0m
[92m[ DONE ][39m [1mfirst_scan_filesystem[22m
[0m
[   0% ] [90m[1mupdate_scripts_classes[22m | Started 正在注册全局类…… (71 steps)[39m[0m
[   0% ] [90m[1mupdate_scripts_classes[22m | [39m[0m
[   1% ] [90m[1mupdate_scripts_classes[22m | [39m[0m
[   2% ] [90m[1mupdate_scripts_classes[22m | [39m[0m
[   4% ] [90m[1mupdate_scripts_classes[22m | [39m[0m
[   5% ] [90m[1mupdate_scripts_classes[22m | [39m[0m
[   6% ] [90m[1mupdate_scripts_classes[22m | [39m[0m
[   8% ] [90m[1mupdate_scripts_classes[22m | [39m[0m
[   9% ] [90m[1mupdate_scripts_classes[22m | [39m[0m
[  11% ] [90m[1mupdate_scripts_classes[22m | [39m[0m
[  12% ] [90m[1mupdate_scripts_classes[22m | [39m[0m
[  13% ] [90m[1mupdate_scripts_classes[22m | [39m[0m
[  15% ] [90m[1mupdate_scripts_classes[22m | [39m[0m
[  16% ] [90m[1mupdate_scripts_classes[22m | [39m[0m
[  18% ] [90m[1mupdate_scripts_classes[22m | [39m[0m
[  19% ] [90m[1mupdate_scripts_classes[22m | [39m[0m
[  20% ] [90m[1mupdate_scripts_classes[22m | [39m[0m
[  22% ] [90m[1mupdate_scripts_classes[22m | [39m[0m
[  23% ] [90m[1mupdate_scripts_classes[22m | [39m[0m
[  25% ] [90m[1mupdate_scripts_classes[22m | [39m[0m
[  26% ] [90m[1mupdate_scripts_classes[22m | [39m[0m
[  27% ] [90m[1mupdate_scripts_classes[22m | AbilityVisuals[39m[0m
[  29% ] [90m[1mupdate_scripts_classes[22m | [39m[0m
[  30% ] [90m[1mupdate_scripts_classes[22m | [39m[0m
[  31% ] [90m[1mupdate_scripts_classes[22m | [39m[0m
[  33% ] [90m[1mupdate_scripts_classes[22m | Battle[39m[0m
[  34% ] [90m[1mupdate_scripts_classes[22m | Bios[39m[0m
[  36% ] [90m[1mupdate_scripts_classes[22m | [39m[0m
[  37% ] [90m[1mupdate_scripts_classes[22m | [39m[0m
[  38% ] [90m[1mupdate_scripts_classes[22m | [39m[0m
[  40% ] [90m[1mupdate_scripts_classes[22m | [39m[0m
[  41% ] [90m[1mupdate_scripts_classes[22m | [39m[0m
[  43% ] [90m[1mupdate_scripts_classes[22m | CampaignEnvironmentArt[39m[0m
[  44% ] [90m[1mupdate_scripts_classes[22m | CampaignFlagOverlay[39m[0m
[  45% ] [90m[1mupdate_scripts_classes[22m | [39m[0m
[  47% ] [90m[1mupdate_scripts_classes[22m | [39m[0m
[  48% ] [90m[1mupdate_scripts_classes[22m | [39m[0m
[  50% ] [90m[1mupdate_scripts_classes[22m | [39m[0m
[  51% ] [90m[1mupdate_scripts_classes[22m | [39m[0m
[  52% ] [90m[1mupdate_scripts_classes[22m | [39m[0m
[  54% ] [90m[1mupdate_scripts_classes[22m | [39m[0m
[  55% ] [90m[1mupdate_scripts_classes[22m | CustomConfig[39m[0m
[  56% ] [90m[1mupdate_scripts_classes[22m | Defs[39m[0m
[  58% ] [90m[1mupdate_scripts_classes[22m | [39m[0m
[  59% ] [90m[1mupdate_scripts_classes[22m | GameMap[39m[0m
[  61% ] [90m[1mupdate_scripts_classes[22m | HeroInventory[39m[0m
[  62% ] [90m[1mupdate_scripts_classes[22m | HUD[39m[0m
[  63% ] [90m[1mupdate_scripts_classes[22m | LevelBase[39m[0m
[  65% ] [90m[1mupdate_scripts_classes[22m | [39m[0m
[  66% ] [90m[1mupdate_scripts_classes[22m | [39m[0m
[  68% ] [90m[1mupdate_scripts_classes[22m | [39m[0m
[  69% ] [90m[1mupdate_scripts_classes[22m | [39m[0m
[  70% ] [90m[1mupdate_scripts_classes[22m | [39m[0m
[  72% ] [90m[1mupdate_scripts_classes[22m | [39m[0m
[  73% ] [90m[1mupdate_scripts_classes[22m | [39m[0m
[  75% ] [90m[1mupdate_scripts_classes[22m | LoreData[39m[0m
[  76% ] [90m[1mupdate_scripts_classes[22m | [39m[0m
[  77% ] [90m[1mupdate_scripts_classes[22m | [39m[0m
[  79% ] [90m[1mupdate_scripts_classes[22m | [39m[0m
[  80% ] [90m[1mupdate_scripts_classes[22m | Projectile[39m[0m
[  81% ] [90m[1mupdate_scripts_classes[22m | RTSCamera[39m[0m
[  83% ] [90m[1mupdate_scripts_classes[22m | [39m[0m
[  84% ] [90m[1mupdate_scripts_classes[22m | ScenarioStore[39m[0m
[  86% ] [90m[1mupdate_scripts_classes[22m | [39m[0m
[  87% ] [90m[1mupdate_scripts_classes[22m | [39m[0m
[  88% ] [90m[1mupdate_scripts_classes[22m | [39m[0m
[  90% ] [90m[1mupdate_scripts_classes[22m | [39m[0m
[  91% ] [90m[1mupdate_scripts_classes[22m | [39m[0m
[  93% ] [90m[1mupdate_scripts_classes[22m | [39m[0m
[  94% ] [90m[1mupdate_scripts_classes[22m | UITheme[39m[0m
[  95% ] [90m[1mupdate_scripts_classes[22m | Unit[39m[0m
[  97% ] [90m[1mupdate_scripts_classes[22m | WorldShadow[39m[0m
[92m[ DONE ][39m [1mupdate_scripts_classes[22m
[0m
[   0% ] [90m[1m_update_scan_actions[22m | Started 正在扫描动作…… (1141 steps)[39m[0m
[   0% ] [90m[1m_update_scan_actions[22m | an_daoquan_attack.png[39m[0m
[   0% ] [90m[1m_update_scan_actions[22m | an_daoquan_walk.png[39m[0m
[   0% ] [90m[1m_update_scan_actions[22m | bai_sheng_attack.png[39m[0m
[   0% ] [90m[1m_update_scan_actions[22m | bai_sheng_walk.png[39m[0m
[   0% ] [90m[1m_update_scan_actions[22m | bao_xu_attack.png[39m[0m
[   0% ] [90m[1m_update_scan_actions[22m | bao_xu_walk.png[39m[0m
[   0% ] [90m[1m_update_scan_actions[22m | cai_fu_attack.png[39m[0m
[   0% ] [90m[1m_update_scan_actions[22m | cai_fu_walk.png[39m[0m
[   0% ] [90m[1m_update_scan_actions[22m | cai_jiu_attack.png[39m[0m
[   0% ] [90m[1m_update_scan_actions[22m | cai_jiu_walk.png[39m[0m
[   0% ] [90m[1m_update_scan_actions[22m | cai_qing_attack.png[39m[0m
[   0% ] [90m[1m_update_scan_actions[22m | cai_qing_walk.png[39m[0m
[   1% ] [90m[1m_update_scan_actions[22m | camel_rider_attack.png[39m[0m
[   1% ] [90m[1m_update_scan_actions[22m | camel_rider_walk.png[39m[0m
[   1% ] [90m[1m_update_scan_actions[22m | cao_zheng_attack.png[39m[0m
[   1% ] [90m[1m_update_scan_actions[22m | cao_zheng_walk.png[39m[0m
[   1% ] [90m[1m_update_scan_actions[22m | chai_jin_attack.png[39m[0m
[   1% ] [90m[1m_update_scan_actions[22m | chai_jin_walk.png[39m[0m
[   1% ] [90m[1m_update_scan_actions[22m | chao_gai_attack.png[39m[0m
[   1% ] [90m[1m_update_scan_actions[22m | chao_gai_walk.png[39m[0m
[   1% ] [90m[1m_update_scan_actions[22m | chen_da_attack.png[39m[0m
[   1% ] [90m[1m_update_scan_actions[22m | chen_da_walk.png[39m[0m
[   1% ] [90m[1m_update_scan_actions[22m | dai_zong_attack.png[39m[0m
[   2% ] [90m[1m_update_scan_actions[22m | dai_zong_walk.png[39m[0m
[   2% ] [90m[1m_update_scan_actions[22m | deng_fei_attack.png[39m[0m
[   2% ] [90m[1m_update_scan_actions[22m | deng_fei_walk.png[39m[0m
[   2% ] [90m[1m_update_scan_actions[22m | ding_desun_attack.png[39m[0m
[   2% ] [90m[1m_update_scan_actions[22m | ding_desun_walk.png[39m[0m
[   2% ] [90m[1m_update_scan_actions[22m | dong_ping_attack.png[39m[0m
[   2% ] [90m[1m_update_scan_actions[22m | dong_ping_walk.png[39m[0m
[   2% ] [90m[1m_update_scan_actions[22m | dragon_summon_attack.png[39m[0m
[   2% ] [90m[1m_update_scan_actions[22m | dragon_summon_walk.png[39m[0m
[   2% ] [90m[1m_update_scan_actions[22m | duan_jingzhu_attack.png[39m[0m
[   2% ] [90m[1m_update_scan_actions[22m | duan_jingzhu_walk.png[39m[0m
[   2% ] [90m[1m_update_scan_actions[22m | duan_pengju_attack.png[39m[0m
[   3% ] [90m[1m_update_scan_actions[22m | duan_pengju_walk.png[39m[0m
[   3% ] [90m[1m_update_scan_actions[22m | du_qian_attack.png[39m[0m
[   3% ] [90m[1m_update_scan_actions[22m | du_qian_walk.png[39m[0m
[   3% ] [90m[1m_update_scan_actions[22m | du_xing_attack.png[39m[0m
[   3% ] [90m[1m_update_scan_actions[22m | du_xing_walk.png[39m[0m
[   3% ] [90m[1m_update_scan_actions[22m | fan_rui_attack.png[39m[0m
[   3% ] [90m[1m_update_scan_actions[22m | fan_rui_walk.png[39m[0m
[   3% ] [90m[1m_update_scan_actions[22m | gao_qiu_attack.png[39m[0m
[   3% ] [90m[1m_update_scan_actions[22m | gao_qiu_death.png[39m[0m
[   3% ] [90m[1m_update_scan_actions[22m | gao_qiu_idle.png[39m[0m
[   3% ] [90m[1m_update_scan_actions[22m | gao_qiu_walk.png[39m[0m
[   4% ] [90m[1m_update_scan_actions[22m | gongsun_sheng_attack.png[39m[0m
[   4% ] [90m[1m_update_scan_actions[22m | gongsun_sheng_death.png[39m[0m
[   4% ] [90m[1m_update_scan_actions[22m | gongsun_sheng_idle.png[39m[0m
[   4% ] [90m[1m_update_scan_actions[22m | gongsun_sheng_walk.png[39m[0m
[   4% ] [90m[1m_update_scan_actions[22m | gong_ren_attack.png[39m[0m
[   4% ] [90m[1m_update_scan_actions[22m | gong_ren_walk.png[39m[0m
[   4% ] [90m[1m_update_scan_actions[22m | gong_wang_attack.png[39m[0m
[   4% ] [90m[1m_update_scan_actions[22m | gong_wang_walk.png[39m[0m
[   4% ] [90m[1m_update_scan_actions[22m | gou_lian_attack.png[39m[0m
[   4% ] [90m[1m_update_scan_actions[22m | gou_lian_attack_ne.png[39m[0m
[   4% ] [90m[1m_update_scan_actions[22m | gou_lian_attack_nw.png[39m[0m
[   4% ] [90m[1m_update_scan_actions[22m | gou_lian_attack_se.png[39m[0m
[   5% ] [90m[1m_update_scan_actions[22m | gou_lian_attack_sw.png[39m[0m
[   5% ] [90m[1m_update_scan_actions[22m | gou_lian_down_ne.png[39m[0m
[   5% ] [90m[1m_update_scan_actions[22m | gou_lian_down_nw.png[39m[0m
[   5% ] [90m[1m_update_scan_actions[22m | gou_lian_down_se.png[39m[0m
[   5% ] [90m[1m_update_scan_actions[22m | gou_lian_down_sw.png[39m[0m
[   5% ] [90m[1m_update_scan_actions[22m | gou_lian_hurt_ne.png[39m[0m
[   5% ] [90m[1m_update_scan_actions[22m | gou_lian_hurt_nw.png[39m[0m
[   5% ] [90m[1m_update_scan_actions[22m | gou_lian_hurt_se.png[39m[0m
[   5% ] [90m[1m_update_scan_actions[22m | gou_lian_hurt_sw.png[39m[0m
[   5% ] [90m[1m_update_scan_actions[22m | gou_lian_idle_ne.png[39m[0m
[   5% ] [90m[1m_update_scan_actions[22m | gou_lian_idle_nw.png[39m[0m
[   6% ] [90m[1m_update_scan_actions[22m | gou_lian_idle_se.png[39m[0m
[   6% ] [90m[1m_update_scan_actions[22m | gou_lian_idle_sw.png[39m[0m
[   6% ] [90m[1m_update_scan_actions[22m | gou_lian_walk.png[39m[0m
[   6% ] [90m[1m_update_scan_actions[22m | gou_lian_walk_ne.png[39m[0m
[   6% ] [90m[1m_update_scan_actions[22m | gou_lian_walk_nw.png[39m[0m
[   6% ] [90m[1m_update_scan_actions[22m | gou_lian_walk_se.png[39m[0m
[   6% ] [90m[1m_update_scan_actions[22m | gou_lian_walk_sw.png[39m[0m
[   6% ] [90m[1m_update_scan_actions[22m | guan_bomber_attack.png[39m[0m
[   6% ] [90m[1m_update_scan_actions[22m | guan_bomber_walk.png[39m[0m
[   6% ] [90m[1m_update_scan_actions[22m | guan_dao_attack.png[39m[0m
[   6% ] [90m[1m_update_scan_actions[22m | guan_dao_attack_ne.png[39m[0m
[   7% ] [90m[1m_update_scan_actions[22m | guan_dao_attack_nw.png[39m[0m
[   7% ] [90m[1m_update_scan_actions[22m | guan_dao_attack_se.png[39m[0m
[   7% ] [90m[1m_update_scan_actions[22m | guan_dao_attack_sw.png[39m[0m
[   7% ] [90m[1m_update_scan_actions[22m | guan_dao_death.png[39m[0m
[   7% ] [90m[1m_update_scan_actions[22m | guan_dao_death_ne.png[39m[0m
[   7% ] [90m[1m_update_scan_actions[22m | guan_dao_death_nw.png[39m[0m
[   7% ] [90m[1m_update_scan_actions[22m | guan_dao_death_se.png[39m[0m
[   7% ] [90m[1m_update_scan_actions[22m | guan_dao_death_sw.png[39m[0m
[   7% ] [90m[1m_update_scan_actions[22m | guan_dao_idle.png[39m[0m
[   7% ] [90m[1m_update_scan_actions[22m | guan_dao_idle_ne.png[39m[0m
[   7% ] [90m[1m_update_scan_actions[22m | guan_dao_idle_nw.png[39m[0m
[   7% ] [90m[1m_update_scan_actions[22m | guan_dao_idle_se.png[39m[0m
[   8% ] [90m[1m_update_scan_actions[22m | guan_dao_idle_sw.png[39m[0m
[   8% ] [90m[1m_update_scan_actions[22m | guan_dao_walk.png[39m[0m
[   8% ] [90m[1m_update_scan_actions[22m | guan_dao_walk_ne.png[39m[0m
[   8% ] [90m[1m_update_scan_actions[22m | guan_dao_walk_nw.png[39m[0m
[   8% ] [90m[1m_update_scan_actions[22m | guan_dao_walk_se.png[39m[0m
[   8% ] [90m[1m_update_scan_actions[22m | guan_dao_walk_sw.png[39m[0m
[   8% ] [90m[1m_update_scan_actions[22m | guan_gong_attack.png[39m[0m
[   8% ] [90m[1m_update_scan_actions[22m | guan_gong_attack_ne.png[39m[0m
[   8% ] [90m[1m_update_scan_actions[22m | guan_gong_attack_nw.png[39m[0m
[   8% ] [90m[1m_update_scan_actions[22m | guan_gong_attack_se.png[39m[0m
[   8% ] [90m[1m_update_scan_actions[22m | guan_gong_attack_sw.png[39m[0m
[   9% ] [90m[1m_update_scan_actions[22m | guan_gong_death.png[39m[0m
[   9% ] [90m[1m_update_scan_actions[22m | guan_gong_death_ne.png[39m[0m
[   9% ] [90m[1m_update_scan_actions[22m | guan_gong_death_nw.png[39m[0m
[   9% ] [90m[1m_update_scan_actions[22m | guan_gong_death_se.png[39m[0m
[   9% ] [90m[1m_update_scan_actions[22m | guan_gong_death_sw.png[39m[0m
[   9% ] [90m[1m_update_scan_actions[22m | guan_gong_idle.png[39m[0m
[   9% ] [90m[1m_update_scan_actions[22m | guan_gong_idle_ne.png[39m[0m
[   9% ] [90m[1m_update_scan_actions[22m | guan_gong_idle_nw.png[39m[0m
[   9% ] [90m[1m_update_scan_actions[22m | guan_gong_idle_se.png[39m[0m
[   9% ] [90m[1m_update_scan_actions[22m | guan_gong_idle_sw.png[39m[0m
[   9% ] [90m[1m_update_scan_actions[22m | guan_gong_walk.png[39m[0m
[   9% ] [90m[1m_update_scan_actions[22m | guan_gong_walk_ne.png[39m[0m
[  10% ] [90m[1m_update_scan_actions[22m | guan_gong_walk_nw.png[39m[0m
[  10% ] [90m[1m_update_scan_actions[22m | guan_gong_walk_se.png[39m[0m
[  10% ] [90m[1m_update_scan_actions[22m | guan_gong_walk_sw.png[39m[0m
[  10% ] [90m[1m_update_scan_actions[22m | guan_jingqi_attack.png[39m[0m
[  10% ] [90m[1m_update_scan_actions[22m | guan_jingqi_attack_ne.png[39m[0m
[  10% ] [90m[1m_update_scan_actions[22m | guan_jingqi_attack_nw.png[39m[0m
[  10% ] [90m[1m_update_scan_actions[22m | guan_jingqi_attack_se.png[39m[0m
[  10% ] [90m[1m_update_scan_actions[22m | guan_jingqi_attack_sw.png[39m[0m
[  10% ] [90m[1m_update_scan_actions[22m | guan_jingqi_death_ne.png[39m[0m
[  10% ] [90m[1m_update_scan_actions[22m | guan_jingqi_death_nw.png[39m[0m
[  10% ] [90m[1m_update_scan_actions[22m | guan_jingqi_death_se.png[39m[0m
[  11% ] [90m[1m_update_scan_actions[22m | guan_jingqi_death_sw.png[39m[0m
[  11% ] [90m[1m_update_scan_actions[22m | guan_jingqi_idle_ne.png[39m[0m
[  11% ] [90m[1m_update_scan_actions[22m | guan_jingqi_idle_nw.png[39m[0m
[  11% ] [90m[1m_update_scan_actions[22m | guan_jingqi_idle_se.png[39m[0m
[  11% ] [90m[1m_update_scan_actions[22m | guan_jingqi_idle_sw.png[39m[0m
[  11% ] [90m[1m_update_scan_actions[22m | guan_jingqi_walk.png[39m[0m
[  11% ] [90m[1m_update_scan_actions[22m | guan_jingqi_walk_ne.png[39m[0m
[  11% ] [90m[1m_update_scan_actions[22m | guan_jingqi_walk_nw.png[39m[0m
[  11% ] [90m[1m_update_scan_actions[22m | guan_jingqi_walk_se.png[39m[0m
[  11% ] [90m[1m_update_scan_actions[22m | guan_jingqi_walk_sw.png[39m[0m
[  11% ] [90m[1m_update_scan_actions[22m | guan_laozi_attack.png[39m[0m
[  11% ] [90m[1m_update_scan_actions[22m | guan_laozi_idle_ne.png[39m[0m
[  12% ] [90m[1m_update_scan_actions[22m | guan_laozi_idle_nw.png[39m[0m
[  12% ] [90m[1m_update_scan_actions[22m | guan_laozi_idle_se.png[39m[0m
[  12% ] [90m[1m_update_scan_actions[22m | guan_laozi_idle_sw.png[39m[0m
[  12% ] [90m[1m_update_scan_actions[22m | guan_laozi_walk.png[39m[0m
[  12% ] [90m[1m_update_scan_actions[22m | guan_musket_attack.png[39m[0m
[  12% ] [90m[1m_update_scan_actions[22m | guan_musket_idle_ne.png[39m[0m
[  12% ] [90m[1m_update_scan_actions[22m | guan_musket_idle_nw.png[39m[0m
[  12% ] [90m[1m_update_scan_actions[22m | guan_musket_idle_se.png[39m[0m
[  12% ] [90m[1m_update_scan_actions[22m | guan_musket_idle_sw.png[39m[0m
[  12% ] [90m[1m_update_scan_actions[22m | guan_musket_walk.png[39m[0m
[  12% ] [90m[1m_update_scan_actions[22m | guan_qiang_walk.png[39m[0m
[  13% ] [90m[1m_update_scan_actions[22m | guan_qi_attack.png[39m[0m
[  13% ] [90m[1m_update_scan_actions[22m | guan_qi_attack_ne.png[39m[0m
[  13% ] [90m[1m_update_scan_actions[22m | guan_qi_attack_nw.png[39m[0m
[  13% ] [90m[1m_update_scan_actions[22m | guan_qi_attack_se.png[39m[0m
[  13% ] [90m[1m_update_scan_actions[22m | guan_qi_attack_sw.png[39m[0m
[  13% ] [90m[1m_update_scan_actions[22m | guan_qi_death.png[39m[0m
[  13% ] [90m[1m_update_scan_actions[22m | guan_qi_death_ne.png[39m[0m
[  13% ] [90m[1m_update_scan_actions[22m | guan_qi_death_nw.png[39m[0m
[  13% ] [90m[1m_update_scan_actions[22m | guan_qi_death_se.png[39m[0m
[  13% ] [90m[1m_update_scan_actions[22m | guan_qi_death_sw.png[39m[0m
[  13% ] [90m[1m_update_scan_actions[22m | guan_qi_idle.png[39m[0m
[  14% ] [90m[1m_update_scan_actions[22m | guan_qi_idle_ne.png[39m[0m
[  14% ] [90m[1m_update_scan_actions[22m | guan_qi_idle_nw.png[39m[0m
[  14% ] [90m[1m_update_scan_actions[22m | guan_qi_idle_se.png[39m[0m
[  14% ] [90m[1m_update_scan_actions[22m | guan_qi_idle_sw.png[39m[0m
[  14% ] [90m[1m_update_scan_actions[22m | guan_qi_walk.png[39m[0m
[  14% ] [90m[1m_update_scan_actions[22m | guan_qi_walk_ne.png[39m[0m
[  14% ] [90m[1m_update_scan_actions[22m | guan_qi_walk_nw.png[39m[0m
[  14% ] [90m[1m_update_scan_actions[22m | guan_qi_walk_se.png[39m[0m
[  14% ] [90m[1m_update_scan_actions[22m | guan_qi_walk_sw.png[39m[0m
[  14% ] [90m[1m_update_scan_actions[22m | guan_sheng_attack.png[39m[0m
[  14% ] [90m[1m_update_scan_actions[22m | guan_sheng_walk.png[39m[0m
[  14% ] [90m[1m_update_scan_actions[22m | guan_zhanzi_attack.png[39m[0m
[  15% ] [90m[1m_update_scan_actions[22m | guan_zhanzi_idle_ne.png[39m[0m
[  15% ] [90m[1m_update_scan_actions[22m | guan_zhanzi_idle_nw.png[39m[0m
[  15% ] [90m[1m_update_scan_actions[22m | guan_zhanzi_idle_se.png[39m[0m
[  15% ] [90m[1m_update_scan_actions[22m | guan_zhanzi_idle_sw.png[39m[0m
[  15% ] [90m[1m_update_scan_actions[22m | guan_zhanzi_walk.png[39m[0m
[  15% ] [90m[1m_update_scan_actions[22m | guo_sheng_attack.png[39m[0m
[  15% ] [90m[1m_update_scan_actions[22m | guo_sheng_walk.png[39m[0m
[  15% ] [90m[1m_update_scan_actions[22m | gu_dasao_attack.png[39m[0m
[  15% ] [90m[1m_update_scan_actions[22m | gu_dasao_walk.png[39m[0m
[  15% ] [90m[1m_update_scan_actions[22m | han_tao_attack.png[39m[0m
[  15% ] [90m[1m_update_scan_actions[22m | han_tao_walk.png[39m[0m
[  16% ] [90m[1m_update_scan_actions[22m | hao_siwen_attack.png[39m[0m
[  16% ] [90m[1m_update_scan_actions[22m | hao_siwen_walk.png[39m[0m
[  16% ] [90m[1m_update_scan_actions[22m | hou_jian_attack.png[39m[0m
[  16% ] [90m[1m_update_scan_actions[22m | hou_jian_walk.png[39m[0m
[  16% ] [90m[1m_update_scan_actions[22m | huangfu_duan_attack.png[39m[0m
[  16% ] [90m[1m_update_scan_actions[22m | huangfu_duan_walk.png[39m[0m
[  16% ] [90m[1m_update_scan_actions[22m | huang_xin_attack.png[39m[0m
[  16% ] [90m[1m_update_scan_actions[22m | huang_xin_walk.png[39m[0m
[  16% ] [90m[1m_update_scan_actions[22m | hua_rong_attack.png[39m[0m
[  16% ] [90m[1m_update_scan_actions[22m | hua_rong_death.png[39m[0m
[  16% ] [90m[1m_update_scan_actions[22m | hua_rong_idle.png[39m[0m
[  16% ] [90m[1m_update_scan_actions[22m | hua_rong_melee_attack.png[39m[0m
[  17% ] [90m[1m_update_scan_actions[22m | hua_rong_melee_death.png[39m[0m
[  17% ] [90m[1m_update_scan_actions[22m | hua_rong_melee_idle.png[39m[0m
[  17% ] [90m[1m_update_scan_actions[22m | hua_rong_melee_walk.png[39m[0m
[  17% ] [90m[1m_update_scan_actions[22m | hua_rong_walk.png[39m[0m
[  17% ] [90m[1m_update_scan_actions[22m | hu_sanniang_attack.png[39m[0m
[  17% ] [90m[1m_update_scan_actions[22m | hu_sanniang_death.png[39m[0m
[  17% ] [90m[1m_update_scan_actions[22m | hu_sanniang_idle.png[39m[0m
[  17% ] [90m[1m_update_scan_actions[22m | hu_sanniang_walk.png[39m[0m
[  17% ] [90m[1m_update_scan_actions[22m | hu_yanzhuo_attack.png[39m[0m
[  17% ] [90m[1m_update_scan_actions[22m | hu_yanzhuo_death.png[39m[0m
[  17% ] [90m[1m_update_scan_actions[22m | hu_yanzhuo_idle.png[39m[0m
[  18% ] [90m[1m_update_scan_actions[22m | hu_yanzhuo_walk.png[39m[0m
[  18% ] [90m[1m_update_scan_actions[22m | jiang_jing_attack.png[39m[0m
[  18% ] [90m[1m_update_scan_actions[22m | jiang_jing_walk.png[39m[0m
[  18% ] [90m[1m_update_scan_actions[22m | jiang_menshen_attack.png[39m[0m
[  18% ] [90m[1m_update_scan_actions[22m | jiang_menshen_death.png[39m[0m
[  18% ] [90m[1m_update_scan_actions[22m | jiang_menshen_idle.png[39m[0m
[  18% ] [90m[1m_update_scan_actions[22m | jiang_menshen_walk.png[39m[0m
[  18% ] [90m[1m_update_scan_actions[22m | jiang_thug_attack.png[39m[0m
[  18% ] [90m[1m_update_scan_actions[22m | jiang_thug_idle_ne.png[39m[0m
[  18% ] [90m[1m_update_scan_actions[22m | jiang_thug_idle_nw.png[39m[0m
[  18% ] [90m[1m_update_scan_actions[22m | jiang_thug_idle_se.png[39m[0m
[  19% ] [90m[1m_update_scan_actions[22m | jiang_thug_idle_sw.png[39m[0m
[  19% ] [90m[1m_update_scan_actions[22m | jiang_thug_walk.png[39m[0m
[  19% ] [90m[1m_update_scan_actions[22m | jiao_ting_attack.png[39m[0m
[  19% ] [90m[1m_update_scan_actions[22m | jiao_ting_walk.png[39m[0m
[  19% ] [90m[1m_update_scan_actions[22m | jing_zhong_attack.png[39m[0m
[  19% ] [90m[1m_update_scan_actions[22m | jing_zhong_walk.png[39m[0m
[  19% ] [90m[1m_update_scan_actions[22m | jin_dajian_attack.png[39m[0m
[  19% ] [90m[1m_update_scan_actions[22m | jin_dajian_walk.png[39m[0m
[  19% ] [90m[1m_update_scan_actions[22m | jun_han_idle_ne.png[39m[0m
[  19% ] [90m[1m_update_scan_actions[22m | jun_han_idle_nw.png[39m[0m
[  19% ] [90m[1m_update_scan_actions[22m | jun_han_idle_se.png[39m[0m
[  19% ] [90m[1m_update_scan_actions[22m | jun_han_idle_sw.png[39m[0m
[  20% ] [90m[1m_update_scan_actions[22m | kong_liang_attack.png[39m[0m
[  20% ] [90m[1m_update_scan_actions[22m | kong_liang_walk.png[39m[0m
[  20% ] [90m[1m_update_scan_actions[22m | kong_ming_attack.png[39m[0m
[  20% ] [90m[1m_update_scan_actions[22m | kong_ming_walk.png[39m[0m
[  20% ] [90m[1m_update_scan_actions[22m | lao_duguan_attack.png[39m[0m
[  20% ] [90m[1m_update_scan_actions[22m | lao_duguan_down_ne.png[39m[0m
[  20% ] [90m[1m_update_scan_actions[22m | lao_duguan_down_nw.png[39m[0m
[  20% ] [90m[1m_update_scan_actions[22m | lao_duguan_down_se.png[39m[0m
[  20% ] [90m[1m_update_scan_actions[22m | lao_duguan_down_sw.png[39m[0m
[  20% ] [90m[1m_update_scan_actions[22m | lao_duguan_idle_ne.png[39m[0m
[  20% ] [90m[1m_update_scan_actions[22m | lao_duguan_idle_nw.png[39m[0m
[  21% ] [90m[1m_update_scan_actions[22m | lao_duguan_idle_se.png[39m[0m
[  21% ] [90m[1m_update_scan_actions[22m | lao_duguan_idle_sw.png[39m[0m
[  21% ] [90m[1m_update_scan_actions[22m | lao_duguan_walk.png[39m[0m
[  21% ] [90m[1m_update_scan_actions[22m | lei_heng_attack.png[39m[0m
[  21% ] [90m[1m_update_scan_actions[22m | lei_heng_walk.png[39m[0m
[  21% ] [90m[1m_update_scan_actions[22m | liang_dao_attack.png[39m[0m
[  21% ] [90m[1m_update_scan_actions[22m | liang_dao_death.png[39m[0m
[  21% ] [90m[1m_update_scan_actions[22m | liang_dao_idle.png[39m[0m
[  21% ] [90m[1m_update_scan_actions[22m | liang_dao_idle_ne.png[39m[0m
[  21% ] [90m[1m_update_scan_actions[22m | liang_dao_idle_nw.png[39m[0m
[  21% ] [90m[1m_update_scan_actions[22m | liang_dao_idle_se.png[39m[0m
[  21% ] [90m[1m_update_scan_actions[22m | liang_dao_idle_sw.png[39m[0m
[  22% ] [90m[1m_update_scan_actions[22m | liang_dao_walk.png[39m[0m
[  22% ] [90m[1m_update_scan_actions[22m | liang_gong_attack.png[39m[0m
[  22% ] [90m[1m_update_scan_actions[22m | liang_gong_death.png[39m[0m
[  22% ] [90m[1m_update_scan_actions[22m | liang_gong_idle.png[39m[0m
[  22% ] [90m[1m_update_scan_actions[22m | liang_gong_idle_ne.png[39m[0m
[  22% ] [90m[1m_update_scan_actions[22m | liang_gong_idle_nw.png[39m[0m
[  22% ] [90m[1m_update_scan_actions[22m | liang_gong_idle_se.png[39m[0m
[  22% ] [90m[1m_update_scan_actions[22m | liang_gong_idle_sw.png[39m[0m
[  22% ] [90m[1m_update_scan_actions[22m | liang_gong_walk.png[39m[0m
[  22% ] [90m[1m_update_scan_actions[22m | liang_ma_attack.png[39m[0m
[  22% ] [90m[1m_update_scan_actions[22m | liang_ma_death.png[39m[0m
[  23% ] [90m[1m_update_scan_actions[22m | liang_ma_idle.png[39m[0m
[  23% ] [90m[1m_update_scan_actions[22m | liang_ma_idle_ne.png[39m[0m
[  23% ] [90m[1m_update_scan_actions[22m | liang_ma_idle_nw.png[39m[0m
[  23% ] [90m[1m_update_scan_actions[22m | liang_ma_idle_se.png[39m[0m
[  23% ] [90m[1m_update_scan_actions[22m | liang_ma_idle_sw.png[39m[0m
[  23% ] [90m[1m_update_scan_actions[22m | liang_ma_walk.png[39m[0m
[  23% ] [90m[1m_update_scan_actions[22m | liang_qiang_attack.png[39m[0m
[  23% ] [90m[1m_update_scan_actions[22m | liang_qiang_death.png[39m[0m
[  23% ] [90m[1m_update_scan_actions[22m | liang_qiang_idle.png[39m[0m
[  23% ] [90m[1m_update_scan_actions[22m | liang_qiang_idle_ne.png[39m[0m
[  23% ] [90m[1m_update_scan_actions[22m | liang_qiang_idle_nw.png[39m[0m
[  23% ] [90m[1m_update_scan_actions[22m | liang_qiang_idle_se.png[39m[0m
[  24% ] [90m[1m_update_scan_actions[22m | liang_qiang_idle_sw.png[39m[0m
[  24% ] [90m[1m_update_scan_actions[22m | liang_qiang_walk.png[39m[0m
[  24% ] [90m[1m_update_scan_actions[22m | lian_huan_ma_attack.png[39m[0m
[  24% ] [90m[1m_update_scan_actions[22m | lian_huan_ma_attack_ne.png[39m[0m
[  24% ] [90m[1m_update_scan_actions[22m | lian_huan_ma_attack_nw.png[39m[0m
[  24% ] [90m[1m_update_scan_actions[22m | lian_huan_ma_attack_se.png[39m[0m
[  24% ] [90m[1m_update_scan_actions[22m | lian_huan_ma_attack_sw.png[39m[0m
[  24% ] [90m[1m_update_scan_actions[22m | lian_huan_ma_death_ne.png[39m[0m
[  24% ] [90m[1m_update_scan_actions[22m | lian_huan_ma_death_nw.png[39m[0m
[  24% ] [90m[1m_update_scan_actions[22m | lian_huan_ma_death_se.png[39m[0m
[  24% ] [90m[1m_update_scan_actions[22m | lian_huan_ma_death_sw.png[39m[0m
[  25% ] [90m[1m_update_scan_actions[22m | lian_huan_ma_hurt_ne.png[39m[0m
[  25% ] [90m[1m_update_scan_actions[22m | lian_huan_ma_hurt_nw.png[39m[0m
[  25% ] [90m[1m_update_scan_actions[22m | lian_huan_ma_hurt_se.png[39m[0m
[  25% ] [90m[1m_update_scan_actions[22m | lian_huan_ma_hurt_sw.png[39m[0m
[  25% ] [90m[1m_update_scan_actions[22m | lian_huan_ma_idle_ne.png[39m[0m
[  25% ] [90m[1m_update_scan_actions[22m | lian_huan_ma_idle_nw.png[39m[0m
[  25% ] [90m[1m_update_scan_actions[22m | lian_huan_ma_idle_se.png[39m[0m
[  25% ] [90m[1m_update_scan_actions[22m | lian_huan_ma_idle_sw.png[39m[0m
[  25% ] [90m[1m_update_scan_actions[22m | lian_huan_ma_walk.png[39m[0m
[  25% ] [90m[1m_update_scan_actions[22m | lian_huan_ma_walk_ne.png[39m[0m
[  25% ] [90m[1m_update_scan_actions[22m | lian_huan_ma_walk_nw.png[39m[0m
[  26% ] [90m[1m_update_scan_actions[22m | lian_huan_ma_walk_se.png[39m[0m
[  26% ] [90m[1m_update_scan_actions[22m | lian_huan_ma_walk_sw.png[39m[0m
[  26% ] [90m[1m_update_scan_actions[22m | ling_zhen_attack.png[39m[0m
[  26% ] [90m[1m_update_scan_actions[22m | ling_zhen_walk.png[39m[0m
[  26% ] [90m[1m_update_scan_actions[22m | lin_chong_attack.png[39m[0m
[  26% ] [90m[1m_update_scan_actions[22m | lin_chong_death.png[39m[0m
[  26% ] [90m[1m_update_scan_actions[22m | lin_chong_idle.png[39m[0m
[  26% ] [90m[1m_update_scan_actions[22m | lin_chong_walk.png[39m[0m
[  26% ] [90m[1m_update_scan_actions[22m | liu_tang_attack.png[39m[0m
[  26% ] [90m[1m_update_scan_actions[22m | liu_tang_walk.png[39m[0m
[  26% ] [90m[1m_update_scan_actions[22m | li_congji_attack.png[39m[0m
[  26% ] [90m[1m_update_scan_actions[22m | li_congji_walk.png[39m[0m
[  27% ] [90m[1m_update_scan_actions[22m | li_gun_attack.png[39m[0m
[  27% ] [90m[1m_update_scan_actions[22m | li_gun_walk.png[39m[0m
[  27% ] [90m[1m_update_scan_actions[22m | li_jun_attack.png[39m[0m
[  27% ] [90m[1m_update_scan_actions[22m | li_jun_walk.png[39m[0m
[  27% ] [90m[1m_update_scan_actions[22m | li_kui_attack.png[39m[0m
[  27% ] [90m[1m_update_scan_actions[22m | li_kui_attack_ne.png[39m[0m
[  27% ] [90m[1m_update_scan_actions[22m | li_kui_attack_nw.png[39m[0m
[  27% ] [90m[1m_update_scan_actions[22m | li_kui_attack_se.png[39m[0m
[  27% ] [90m[1m_update_scan_actions[22m | li_kui_attack_sw.png[39m[0m
[  27% ] [90m[1m_update_scan_actions[22m | li_kui_death.png[39m[0m
[  27% ] [90m[1m_update_scan_actions[22m | li_kui_down_ne.png[39m[0m
[  28% ] [90m[1m_update_scan_actions[22m | li_kui_down_nw.png[39m[0m
[  28% ] [90m[1m_update_scan_actions[22m | li_kui_down_se.png[39m[0m
[  28% ] [90m[1m_update_scan_actions[22m | li_kui_down_sw.png[39m[0m
[  28% ] [90m[1m_update_scan_actions[22m | li_kui_hurt_ne.png[39m[0m
[  28% ] [90m[1m_update_scan_actions[22m | li_kui_hurt_nw.png[39m[0m
[  28% ] [90m[1m_update_scan_actions[22m | li_kui_hurt_se.png[39m[0m
[  28% ] [90m[1m_update_scan_actions[22m | li_kui_hurt_sw.png[39m[0m
[  28% ] [90m[1m_update_scan_actions[22m | li_kui_idle.png[39m[0m
[  28% ] [90m[1m_update_scan_actions[22m | li_kui_idle_ne.png[39m[0m
[  28% ] [90m[1m_update_scan_actions[22m | li_kui_idle_nw.png[39m[0m
[  28% ] [90m[1m_update_scan_actions[22m | li_kui_idle_se.png[39m[0m
[  28% ] [90m[1m_update_scan_actions[22m | li_kui_idle_sw.png[39m[0m
[  29% ] [90m[1m_update_scan_actions[22m | li_kui_walk.png[39m[0m
[  29% ] [90m[1m_update_scan_actions[22m | li_kui_walk_ne.png[39m[0m
[  29% ] [90m[1m_update_scan_actions[22m | li_kui_walk_nw.png[39m[0m
[  29% ] [90m[1m_update_scan_actions[22m | li_kui_walk_se.png[39m[0m
[  29% ] [90m[1m_update_scan_actions[22m | li_kui_walk_sw.png[39m[0m
[  29% ] [90m[1m_update_scan_actions[22m | li_li_attack.png[39m[0m
[  29% ] [90m[1m_update_scan_actions[22m | li_li_walk.png[39m[0m
[  29% ] [90m[1m_update_scan_actions[22m | li_ying_attack.png[39m[0m
[  29% ] [90m[1m_update_scan_actions[22m | li_ying_walk.png[39m[0m
[  29% ] [90m[1m_update_scan_actions[22m | li_yun_attack.png[39m[0m
[  29% ] [90m[1m_update_scan_actions[22m | li_yun_walk.png[39m[0m
[  30% ] [90m[1m_update_scan_actions[22m | li_zhong_attack.png[39m[0m
[  30% ] [90m[1m_update_scan_actions[22m | li_zhong_walk.png[39m[0m
[  30% ] [90m[1m_update_scan_actions[22m | lou_luo_attack.png[39m[0m
[  30% ] [90m[1m_update_scan_actions[22m | lou_luo_death.png[39m[0m
[  30% ] [90m[1m_update_scan_actions[22m | lou_luo_gather.png[39m[0m
[  30% ] [90m[1m_update_scan_actions[22m | lou_luo_idle.png[39m[0m
[  30% ] [90m[1m_update_scan_actions[22m | lou_luo_idle_ne.png[39m[0m
[  30% ] [90m[1m_update_scan_actions[22m | lou_luo_idle_nw.png[39m[0m
[  30% ] [90m[1m_update_scan_actions[22m | lou_luo_idle_se.png[39m[0m
[  30% ] [90m[1m_update_scan_actions[22m | lou_luo_idle_sw.png[39m[0m
[  30% ] [90m[1m_update_scan_actions[22m | lou_luo_walk.png[39m[0m
[  30% ] [90m[1m_update_scan_actions[22m | luan_tingyu_attack.png[39m[0m
[  31% ] [90m[1m_update_scan_actions[22m | luan_tingyu_death.png[39m[0m
[  31% ] [90m[1m_update_scan_actions[22m | luan_tingyu_idle.png[39m[0m
[  31% ] [90m[1m_update_scan_actions[22m | luan_tingyu_walk.png[39m[0m
[  31% ] [90m[1m_update_scan_actions[22m | lu_fang_attack.png[39m[0m
[  31% ] [90m[1m_update_scan_actions[22m | lu_fang_walk.png[39m[0m
[  31% ] [90m[1m_update_scan_actions[22m | lu_junyi_attack.png[39m[0m
[  31% ] [90m[1m_update_scan_actions[22m | lu_junyi_walk.png[39m[0m
[  31% ] [90m[1m_update_scan_actions[22m | lu_zhishen_attack.png[39m[0m
[  31% ] [90m[1m_update_scan_actions[22m | lu_zhishen_death.png[39m[0m
[  31% ] [90m[1m_update_scan_actions[22m | lu_zhishen_idle.png[39m[0m
[  31% ] [90m[1m_update_scan_actions[22m | lu_zhishen_walk.png[39m[0m
[  32% ] [90m[1m_update_scan_actions[22m | ma_lin_attack.png[39m[0m
[  32% ] [90m[1m_update_scan_actions[22m | ma_lin_walk.png[39m[0m
[  32% ] [90m[1m_update_scan_actions[22m | mei_zhan_attack.png[39m[0m
[  32% ] [90m[1m_update_scan_actions[22m | mei_zhan_walk.png[39m[0m
[  32% ] [90m[1m_update_scan_actions[22m | meng_kang_attack.png[39m[0m
[  32% ] [90m[1m_update_scan_actions[22m | meng_kang_walk.png[39m[0m
[  32% ] [90m[1m_update_scan_actions[22m | mu_chun_attack.png[39m[0m
[  32% ] [90m[1m_update_scan_actions[22m | mu_chun_walk.png[39m[0m
[  32% ] [90m[1m_update_scan_actions[22m | mu_hong_attack.png[39m[0m
[  32% ] [90m[1m_update_scan_actions[22m | mu_hong_walk.png[39m[0m
[  32% ] [90m[1m_update_scan_actions[22m | ou_peng_attack.png[39m[0m
[  33% ] [90m[1m_update_scan_actions[22m | ou_peng_walk.png[39m[0m
[  33% ] [90m[1m_update_scan_actions[22m | pei_xuan_attack.png[39m[0m
[  33% ] [90m[1m_update_scan_actions[22m | pei_xuan_walk.png[39m[0m
[  33% ] [90m[1m_update_scan_actions[22m | peng_qi_attack.png[39m[0m
[  33% ] [90m[1m_update_scan_actions[22m | peng_qi_walk.png[39m[0m
[  33% ] [90m[1m_update_scan_actions[22m | qin_ming_attack.png[39m[0m
[  33% ] [90m[1m_update_scan_actions[22m | qin_ming_walk.png[39m[0m
[  33% ] [90m[1m_update_scan_actions[22m | ruan_brother_attack.png[39m[0m
[  33% ] [90m[1m_update_scan_actions[22m | ruan_brother_walk.png[39m[0m
[  33% ] [90m[1m_update_scan_actions[22m | ruan_xiaoqi_attack.png[39m[0m
[  33% ] [90m[1m_update_scan_actions[22m | ruan_xiaoqi_walk.png[39m[0m
[  33% ] [90m[1m_update_scan_actions[22m | ruan_xiaowu_attack.png[39m[0m
[  34% ] [90m[1m_update_scan_actions[22m | ruan_xiaowu_walk.png[39m[0m
[  34% ] [90m[1m_update_scan_actions[22m | shan_tinggui_attack.png[39m[0m
[  34% ] [90m[1m_update_scan_actions[22m | shan_tinggui_walk.png[39m[0m
[  34% ] [90m[1m_update_scan_actions[22m | shi_en_attack.png[39m[0m
[  34% ] [90m[1m_update_scan_actions[22m | shi_en_walk.png[39m[0m
[  34% ] [90m[1m_update_scan_actions[22m | shi_jin_attack.png[39m[0m
[  34% ] [90m[1m_update_scan_actions[22m | shi_jin_walk.png[39m[0m
[  34% ] [90m[1m_update_scan_actions[22m | shi_qian_attack.png[39m[0m
[  34% ] [90m[1m_update_scan_actions[22m | shi_qian_walk.png[39m[0m
[  34% ] [90m[1m_update_scan_actions[22m | shi_wengong_attack.png[39m[0m
[  34% ] [90m[1m_update_scan_actions[22m | shi_wengong_death.png[39m[0m
[  35% ] [90m[1m_update_scan_actions[22m | shi_wengong_idle.png[39m[0m
[  35% ] [90m[1m_update_scan_actions[22m | shi_wengong_walk.png[39m[0m
[  35% ] [90m[1m_update_scan_actions[22m | shi_xiu_attack.png[39m[0m
[  35% ] [90m[1m_update_scan_actions[22m | shi_xiu_walk.png[39m[0m
[  35% ] [90m[1m_update_scan_actions[22m | shi_yong_attack.png[39m[0m
[  35% ] [90m[1m_update_scan_actions[22m | shi_yong_walk.png[39m[0m
[  35% ] [90m[1m_update_scan_actions[22m | siege_cata_attack.png[39m[0m
[  35% ] [90m[1m_update_scan_actions[22m | siege_cata_idle_ne.png[39m[0m
[  35% ] [90m[1m_update_scan_actions[22m | siege_cata_idle_nw.png[39m[0m
[  35% ] [90m[1m_update_scan_actions[22m | siege_cata_idle_se.png[39m[0m
[  35% ] [90m[1m_update_scan_actions[22m | siege_cata_idle_sw.png[39m[0m
[  35% ] [90m[1m_update_scan_actions[22m | siege_cata_walk.png[39m[0m
[  36% ] [90m[1m_update_scan_actions[22m | siege_ram_attack.png[39m[0m
[  36% ] [90m[1m_update_scan_actions[22m | siege_ram_idle_ne.png[39m[0m
[  36% ] [90m[1m_update_scan_actions[22m | siege_ram_idle_nw.png[39m[0m
[  36% ] [90m[1m_update_scan_actions[22m | siege_ram_idle_se.png[39m[0m
[  36% ] [90m[1m_update_scan_actions[22m | siege_ram_idle_sw.png[39m[0m
[  36% ] [90m[1m_update_scan_actions[22m | siege_ram_walk.png[39m[0m
[  36% ] [90m[1m_update_scan_actions[22m | song_jiang_attack.png[39m[0m
[  36% ] [90m[1m_update_scan_actions[22m | song_jiang_death.png[39m[0m
[  36% ] [90m[1m_update_scan_actions[22m | song_jiang_idle.png[39m[0m
[  36% ] [90m[1m_update_scan_actions[22m | song_jiang_walk.png[39m[0m
[  36% ] [90m[1m_update_scan_actions[22m | song_qing_attack.png[39m[0m
[  37% ] [90m[1m_update_scan_actions[22m | song_qing_walk.png[39m[0m
[  37% ] [90m[1m_update_scan_actions[22m | song_wan_attack.png[39m[0m
[  37% ] [90m[1m_update_scan_actions[22m | song_wan_walk.png[39m[0m
[  37% ] [90m[1m_update_scan_actions[22m | sun_erniang_attack.png[39m[0m
[  37% ] [90m[1m_update_scan_actions[22m | sun_erniang_walk.png[39m[0m
[  37% ] [90m[1m_update_scan_actions[22m | sun_li_attack.png[39m[0m
[  37% ] [90m[1m_update_scan_actions[22m | sun_li_walk.png[39m[0m
[  37% ] [90m[1m_update_scan_actions[22m | sun_xin_attack.png[39m[0m
[  37% ] [90m[1m_update_scan_actions[22m | sun_xin_walk.png[39m[0m
[  37% ] [90m[1m_update_scan_actions[22m | suo_chao_attack.png[39m[0m
[  37% ] [90m[1m_update_scan_actions[22m | suo_chao_walk.png[39m[0m
[  38% ] [90m[1m_update_scan_actions[22m | tang_long_attack.png[39m[0m
[  38% ] [90m[1m_update_scan_actions[22m | tang_long_walk.png[39m[0m
[  38% ] [90m[1m_update_scan_actions[22m | tao_zongwang_attack.png[39m[0m
[  38% ] [90m[1m_update_scan_actions[22m | tao_zongwang_walk.png[39m[0m
[  38% ] [90m[1m_update_scan_actions[22m | tiger_summon_attack.png[39m[0m
[  38% ] [90m[1m_update_scan_actions[22m | tiger_summon_walk.png[39m[0m
[  38% ] [90m[1m_update_scan_actions[22m | tong_guan_attack.png[39m[0m
[  38% ] [90m[1m_update_scan_actions[22m | tong_guan_walk.png[39m[0m
[  38% ] [90m[1m_update_scan_actions[22m | tong_meng_attack.png[39m[0m
[  38% ] [90m[1m_update_scan_actions[22m | tong_meng_walk.png[39m[0m
[  38% ] [90m[1m_update_scan_actions[22m | tong_wei_attack.png[39m[0m
[  38% ] [90m[1m_update_scan_actions[22m | tong_wei_walk.png[39m[0m
[  39% ] [90m[1m_update_scan_actions[22m | wang_dingliu_attack.png[39m[0m
[  39% ] [90m[1m_update_scan_actions[22m | wang_dingliu_walk.png[39m[0m
[  39% ] [90m[1m_update_scan_actions[22m | wang_huan_attack.png[39m[0m
[  39% ] [90m[1m_update_scan_actions[22m | wang_huan_walk.png[39m[0m
[  39% ] [90m[1m_update_scan_actions[22m | wang_wende_attack.png[39m[0m
[  39% ] [90m[1m_update_scan_actions[22m | wang_wende_walk.png[39m[0m
[  39% ] [90m[1m_update_scan_actions[22m | wang_ying_attack.png[39m[0m
[  39% ] [90m[1m_update_scan_actions[22m | wang_ying_walk.png[39m[0m
[  39% ] [90m[1m_update_scan_actions[22m | war_elephant_attack.png[39m[0m
[  39% ] [90m[1m_update_scan_actions[22m | war_elephant_walk.png[39m[0m
[  39% ] [90m[1m_update_scan_actions[22m | wei_dingguo_attack.png[39m[0m
[  40% ] [90m[1m_update_scan_actions[22m | wei_dingguo_walk.png[39m[0m
[  40% ] [90m[1m_update_scan_actions[22m | wen_da_attack.png[39m[0m
[  40% ] [90m[1m_update_scan_actions[22m | wen_da_walk.png[39m[0m
[  40% ] [90m[1m_update_scan_actions[22m | wu_song_attack.png[39m[0m
[  40% ] [90m[1m_update_scan_actions[22m | wu_song_death.png[39m[0m
[  40% ] [90m[1m_update_scan_actions[22m | wu_song_idle.png[39m[0m
[  40% ] [90m[1m_update_scan_actions[22m | wu_song_walk.png[39m[0m
[  40% ] [90m[1m_update_scan_actions[22m | wu_yong_attack.png[39m[0m
[  40% ] [90m[1m_update_scan_actions[22m | wu_yong_death.png[39m[0m
[  40% ] [90m[1m_update_scan_actions[22m | wu_yong_idle.png[39m[0m
[  40% ] [90m[1m_update_scan_actions[22m | wu_yong_walk.png[39m[0m
[  40% ] [90m[1m_update_scan_actions[22m | xiang_chong_attack.png[39m[0m
[  41% ] [90m[1m_update_scan_actions[22m | xiang_chong_walk.png[39m[0m
[  41% ] [90m[1m_update_scan_actions[22m | xiang_yuanzhen_attack.png[39m[0m
[  41% ] [90m[1m_update_scan_actions[22m | xiang_yuanzhen_walk.png[39m[0m
[  41% ] [90m[1m_update_scan_actions[22m | xiao_rang_attack.png[39m[0m
[  41% ] [90m[1m_update_scan_actions[22m | xiao_rang_walk.png[39m[0m
[  41% ] [90m[1m_update_scan_actions[22m | xie_bao_attack.png[39m[0m
[  41% ] [90m[1m_update_scan_actions[22m | xie_bao_walk.png[39m[0m
[  41% ] [90m[1m_update_scan_actions[22m | xie_zhen_attack.png[39m[0m
[  41% ] [90m[1m_update_scan_actions[22m | xie_zhen_walk.png[39m[0m
[  41% ] [90m[1m_update_scan_actions[22m | xuan_zan_attack.png[39m[0m
[  41% ] [90m[1m_update_scan_actions[22m | xuan_zan_walk.png[39m[0m
[  42% ] [90m[1m_update_scan_actions[22m | xue_yong_attack.png[39m[0m
[  42% ] [90m[1m_update_scan_actions[22m | xue_yong_walk.png[39m[0m
[  42% ] [90m[1m_update_scan_actions[22m | xu_jing_attack.png[39m[0m
[  42% ] [90m[1m_update_scan_actions[22m | xu_jing_walk.png[39m[0m
[  42% ] [90m[1m_update_scan_actions[22m | xu_ning_attack.png[39m[0m
[  42% ] [90m[1m_update_scan_actions[22m | xu_ning_walk.png[39m[0m
[  42% ] [90m[1m_update_scan_actions[22m | yang_chun_attack.png[39m[0m
[  42% ] [90m[1m_update_scan_actions[22m | yang_chun_walk.png[39m[0m
[  42% ] [90m[1m_update_scan_actions[22m | yang_lin_attack.png[39m[0m
[  42% ] [90m[1m_update_scan_actions[22m | yang_lin_walk.png[39m[0m
[  42% ] [90m[1m_update_scan_actions[22m | yang_wen_attack.png[39m[0m
[  42% ] [90m[1m_update_scan_actions[22m | yang_wen_walk.png[39m[0m
[  43% ] [90m[1m_update_scan_actions[22m | yang_xiong_attack.png[39m[0m
[  43% ] [90m[1m_update_scan_actions[22m | yang_xiong_walk.png[39m[0m
[  43% ] [90m[1m_update_scan_actions[22m | yang_zhi_attack.png[39m[0m
[  43% ] [90m[1m_update_scan_actions[22m | yang_zhi_walk.png[39m[0m
[  43% ] [90m[1m_update_scan_actions[22m | yan_qing_attack.png[39m[0m
[  43% ] [90m[1m_update_scan_actions[22m | yan_qing_walk.png[39m[0m
[  43% ] [90m[1m_update_scan_actions[22m | yan_shun_attack.png[39m[0m
[  43% ] [90m[1m_update_scan_actions[22m | yan_shun_walk.png[39m[0m
[  43% ] [90m[1m_update_scan_actions[22m | yue_he_attack.png[39m[0m
[  43% ] [90m[1m_update_scan_actions[22m | yue_he_walk.png[39m[0m
[  43% ] [90m[1m_update_scan_actions[22m | yu_baosi_attack.png[39m[0m
[  44% ] [90m[1m_update_scan_actions[22m | yu_baosi_walk.png[39m[0m
[  44% ] [90m[1m_update_scan_actions[22m | yu_hou_attack.png[39m[0m
[  44% ] [90m[1m_update_scan_actions[22m | yu_hou_down_ne.png[39m[0m
[  44% ] [90m[1m_update_scan_actions[22m | yu_hou_down_nw.png[39m[0m
[  44% ] [90m[1m_update_scan_actions[22m | yu_hou_down_se.png[39m[0m
[  44% ] [90m[1m_update_scan_actions[22m | yu_hou_down_sw.png[39m[0m
[  44% ] [90m[1m_update_scan_actions[22m | yu_hou_idle_ne.png[39m[0m
[  44% ] [90m[1m_update_scan_actions[22m | yu_hou_idle_nw.png[39m[0m
[  44% ] [90m[1m_update_scan_actions[22m | yu_hou_idle_se.png[39m[0m
[  44% ] [90m[1m_update_scan_actions[22m | yu_hou_idle_sw.png[39m[0m
[  44% ] [90m[1m_update_scan_actions[22m | yu_hou_walk.png[39m[0m
[  45% ] [90m[1m_update_scan_actions[22m | zhang_heng_attack.png[39m[0m
[  45% ] [90m[1m_update_scan_actions[22m | zhang_heng_walk.png[39m[0m
[  45% ] [90m[1m_update_scan_actions[22m | zhang_kai_attack.png[39m[0m
[  45% ] [90m[1m_update_scan_actions[22m | zhang_kai_walk.png[39m[0m
[  45% ] [90m[1m_update_scan_actions[22m | zhang_qing_attack.png[39m[0m
[  45% ] [90m[1m_update_scan_actions[22m | zhang_qing_cai_attack.png[39m[0m
[  45% ] [90m[1m_update_scan_actions[22m | zhang_qing_cai_walk.png[39m[0m
[  45% ] [90m[1m_update_scan_actions[22m | zhang_qing_death.png[39m[0m
[  45% ] [90m[1m_update_scan_actions[22m | zhang_qing_idle.png[39m[0m
[  45% ] [90m[1m_update_scan_actions[22m | zhang_qing_walk.png[39m[0m
[  45% ] [90m[1m_update_scan_actions[22m | zhang_shun_attack.png[39m[0m
[  45% ] [90m[1m_update_scan_actions[22m | zhang_shun_walk.png[39m[0m
[  46% ] [90m[1m_update_scan_actions[22m | zhang_tuanlian_attack.png[39m[0m
[  46% ] [90m[1m_update_scan_actions[22m | zhang_tuanlian_walk.png[39m[0m
[  46% ] [90m[1m_update_scan_actions[22m | zheng_tianshou_attack.png[39m[0m
[  46% ] [90m[1m_update_scan_actions[22m | zheng_tianshou_walk.png[39m[0m
[  46% ] [90m[1m_update_scan_actions[22m | zhou_tong_attack.png[39m[0m
[  46% ] [90m[1m_update_scan_actions[22m | zhou_tong_walk.png[39m[0m
[  46% ] [90m[1m_update_scan_actions[22m | zhu_biao_attack.png[39m[0m
[  46% ] [90m[1m_update_scan_actions[22m | zhu_biao_walk.png[39m[0m
[  46% ] [90m[1m_update_scan_actions[22m | zhu_fu_attack.png[39m[0m
[  46% ] [90m[1m_update_scan_actions[22m | zhu_fu_walk.png[39m[0m
[  46% ] [90m[1m_update_scan_actions[22m | zhu_gong_attack.png[39m[0m
[  47% ] [90m[1m_update_scan_actions[22m | zhu_gong_idle_ne.png[39m[0m
[  47% ] [90m[1m_update_scan_actions[22m | zhu_gong_idle_nw.png[39m[0m
[  47% ] [90m[1m_update_scan_actions[22m | zhu_gong_idle_se.png[39m[0m
[  47% ] [90m[1m_update_scan_actions[22m | zhu_gong_idle_sw.png[39m[0m
[  47% ] [90m[1m_update_scan_actions[22m | zhu_gong_walk.png[39m[0m
[  47% ] [90m[1m_update_scan_actions[22m | zhu_gui_attack.png[39m[0m
[  47% ] [90m[1m_update_scan_actions[22m | zhu_gui_walk.png[39m[0m
[  47% ] [90m[1m_update_scan_actions[22m | zhu_hu_attack.png[39m[0m
[  47% ] [90m[1m_update_scan_actions[22m | zhu_hu_walk.png[39m[0m
[  47% ] [90m[1m_update_scan_actions[22m | zhu_keke_attack.png[39m[0m
[  47% ] [90m[1m_update_scan_actions[22m | zhu_keke_idle_ne.png[39m[0m
[  47% ] [90m[1m_update_scan_actions[22m | zhu_keke_idle_nw.png[39m[0m
[  48% ] [90m[1m_update_scan_actions[22m | zhu_keke_idle_se.png[39m[0m
[  48% ] [90m[1m_update_scan_actions[22m | zhu_keke_idle_sw.png[39m[0m
[  48% ] [90m[1m_update_scan_actions[22m | zhu_keke_walk.png[39m[0m
[  48% ] [90m[1m_update_scan_actions[22m | zhu_long_attack.png[39m[0m
[  48% ] [90m[1m_update_scan_actions[22m | zhu_long_walk.png[39m[0m
[  48% ] [90m[1m_update_scan_actions[22m | zhu_qi_attack.png[39m[0m
[  48% ] [90m[1m_update_scan_actions[22m | zhu_qi_idle_ne.png[39m[0m
[  48% ] [90m[1m_update_scan_actions[22m | zhu_qi_idle_nw.png[39m[0m
[  48% ] [90m[1m_update_scan_actions[22m | zhu_qi_idle_se.png[39m[0m
[  48% ] [90m[1m_update_scan_actions[22m | zhu_qi_idle_sw.png[39m[0m
[  48% ] [90m[1m_update_scan_actions[22m | zhu_qi_walk.png[39m[0m
[  49% ] [90m[1m_update_scan_actions[22m | zhu_tong_attack.png[39m[0m
[  49% ] [90m[1m_update_scan_actions[22m | zhu_tong_walk.png[39m[0m
[  49% ] [90m[1m_update_scan_actions[22m | zhu_wu_attack.png[39m[0m
[  49% ] [90m[1m_update_scan_actions[22m | zhu_wu_walk.png[39m[0m
[  49% ] [90m[1m_update_scan_actions[22m | zou_run_attack.png[39m[0m
[  49% ] [90m[1m_update_scan_actions[22m | zou_run_walk.png[39m[0m
[  49% ] [90m[1m_update_scan_actions[22m | zou_yuan_attack.png[39m[0m
[  49% ] [90m[1m_update_scan_actions[22m | zou_yuan_walk.png[39m[0m
[  49% ] [90m[1m_update_scan_actions[22m | bound_lu_junyi_idle_ne.png[39m[0m
[  49% ] [90m[1m_update_scan_actions[22m | bound_lu_junyi_idle_nw.png[39m[0m
[  49% ] [90m[1m_update_scan_actions[22m | bound_lu_junyi_idle_se.png[39m[0m
[  50% ] [90m[1m_update_scan_actions[22m | bound_lu_junyi_idle_sw.png[39m[0m
[  50% ] [90m[1m_update_scan_actions[22m | bound_shi_xiu_idle_ne.png[39m[0m
[  50% ] [90m[1m_update_scan_actions[22m | bound_shi_xiu_idle_nw.png[39m[0m
[  50% ] [90m[1m_update_scan_actions[22m | bound_shi_xiu_idle_se.png[39m[0m
[  50% ] [90m[1m_update_scan_actions[22m | bound_shi_xiu_idle_sw.png[39m[0m
[  50% ] [90m[1m_update_scan_actions[22m | chai_jin_officer_idle_ne.png[39m[0m
[  50% ] [90m[1m_update_scan_actions[22m | chai_jin_officer_idle_nw.png[39m[0m
[  50% ] [90m[1m_update_scan_actions[22m | chai_jin_officer_idle_se.png[39m[0m
[  50% ] [90m[1m_update_scan_actions[22m | chai_jin_officer_idle_sw.png[39m[0m
[  50% ] [90m[1m_update_scan_actions[22m | dai_zong_bound_idle_ne.png[39m[0m
[  50% ] [90m[1m_update_scan_actions[22m | dai_zong_bound_idle_nw.png[39m[0m
[  50% ] [90m[1m_update_scan_actions[22m | dai_zong_bound_idle_se.png[39m[0m
[  51% ] [90m[1m_update_scan_actions[22m | dai_zong_bound_idle_sw.png[39m[0m
[  51% ] [90m[1m_update_scan_actions[22m | dai_zong_rescued_idle_ne.png[39m[0m
[  51% ] [90m[1m_update_scan_actions[22m | dai_zong_rescued_idle_nw.png[39m[0m
[  51% ] [90m[1m_update_scan_actions[22m | dai_zong_rescued_idle_se.png[39m[0m
[  51% ] [90m[1m_update_scan_actions[22m | dai_zong_rescued_idle_sw.png[39m[0m
[  51% ] [90m[1m_update_scan_actions[22m | dai_zong_rescued_walk_ne.png[39m[0m
[  51% ] [90m[1m_update_scan_actions[22m | dai_zong_rescued_walk_nw.png[39m[0m
[  51% ] [90m[1m_update_scan_actions[22m | dai_zong_rescued_walk_se.png[39m[0m
[  51% ] [90m[1m_update_scan_actions[22m | dai_zong_rescued_walk_sw.png[39m[0m
[  51% ] [90m[1m_update_scan_actions[22m | daming_bound_lu_junyi_idle_ne.png[39m[0m
[  51% ] [90m[1m_update_scan_actions[22m | daming_bound_lu_junyi_idle_nw.png[39m[0m
[  52% ] [90m[1m_update_scan_actions[22m | daming_bound_lu_junyi_idle_se.png[39m[0m
[  52% ] [90m[1m_update_scan_actions[22m | daming_bound_lu_junyi_idle_sw.png[39m[0m
[  52% ] [90m[1m_update_scan_actions[22m | daming_bound_shi_xiu_idle_ne.png[39m[0m
[  52% ] [90m[1m_update_scan_actions[22m | daming_bound_shi_xiu_idle_nw.png[39m[0m
[  52% ] [90m[1m_update_scan_actions[22m | daming_bound_shi_xiu_idle_se.png[39m[0m
[  52% ] [90m[1m_update_scan_actions[22m | daming_bound_shi_xiu_idle_sw.png[39m[0m
[  52% ] [90m[1m_update_scan_actions[22m | daming_rescued_lu_junyi_idle_ne.png[39m[0m
[  52% ] [90m[1m_update_scan_actions[22m | daming_rescued_lu_junyi_idle_nw.png[39m[0m
[  52% ] [90m[1m_update_scan_actions[22m | daming_rescued_lu_junyi_idle_se.png[39m[0m
[  52% ] [90m[1m_update_scan_actions[22m | daming_rescued_lu_junyi_idle_sw.png[39m[0m
[  52% ] [90m[1m_update_scan_actions[22m | daming_rescued_lu_junyi_walk_ne.png[39m[0m
[  52% ] [90m[1m_update_scan_actions[22m | daming_rescued_lu_junyi_walk_nw.png[39m[0m
[  53% ] [90m[1m_update_scan_actions[22m | daming_rescued_lu_junyi_walk_se.png[39m[0m
[  53% ] [90m[1m_update_scan_actions[22m | daming_rescued_lu_junyi_walk_sw.png[39m[0m
[  53% ] [90m[1m_update_scan_actions[22m | daming_rescued_shi_xiu_idle_ne.png[39m[0m
[  53% ] [90m[1m_update_scan_actions[22m | daming_rescued_shi_xiu_idle_nw.png[39m[0m
[  53% ] [90m[1m_update_scan_actions[22m | daming_rescued_shi_xiu_idle_se.png[39m[0m
[  53% ] [90m[1m_update_scan_actions[22m | daming_rescued_shi_xiu_idle_sw.png[39m[0m
[  53% ] [90m[1m_update_scan_actions[22m | daming_rescued_shi_xiu_walk_ne.png[39m[0m
[  53% ] [90m[1m_update_scan_actions[22m | daming_rescued_shi_xiu_walk_nw.png[39m[0m
[  53% ] [90m[1m_update_scan_actions[22m | daming_rescued_shi_xiu_walk_se.png[39m[0m
[  53% ] [90m[1m_update_scan_actions[22m | daming_rescued_shi_xiu_walk_sw.png[39m[0m
[  53% ] [90m[1m_update_scan_actions[22m | dong_chao_escort_idle_ne.png[39m[0m
[  54% ] [90m[1m_update_scan_actions[22m | dong_chao_escort_idle_nw.png[39m[0m
[  54% ] [90m[1m_update_scan_actions[22m | dong_chao_escort_idle_se.png[39m[0m
[  54% ] [90m[1m_update_scan_actions[22m | dong_chao_escort_idle_sw.png[39m[0m
[  54% ] [90m[1m_update_scan_actions[22m | dong_chao_escort_walk_ne.png[39m[0m
[  54% ] [90m[1m_update_scan_actions[22m | dong_chao_escort_walk_nw.png[39m[0m
[  54% ] [90m[1m_update_scan_actions[22m | dong_chao_escort_walk_se.png[39m[0m
[  54% ] [90m[1m_update_scan_actions[22m | dong_chao_escort_walk_sw.png[39m[0m
[  54% ] [90m[1m_update_scan_actions[22m | gao_qiu_captured_down_ne.png[39m[0m
[  54% ] [90m[1m_update_scan_actions[22m | gao_qiu_captured_down_nw.png[39m[0m
[  54% ] [90m[1m_update_scan_actions[22m | gao_qiu_captured_down_se.png[39m[0m
[  54% ] [90m[1m_update_scan_actions[22m | gao_qiu_captured_down_sw.png[39m[0m
[  54% ] [90m[1m_update_scan_actions[22m | gao_qiu_captured_idle_ne.png[39m[0m
[  55% ] [90m[1m_update_scan_actions[22m | gao_qiu_captured_idle_nw.png[39m[0m
[  55% ] [90m[1m_update_scan_actions[22m | gao_qiu_captured_idle_se.png[39m[0m
[  55% ] [90m[1m_update_scan_actions[22m | gao_qiu_captured_idle_sw.png[39m[0m
[  55% ] [90m[1m_update_scan_actions[22m | hn_bai_sheng_carry_idle_ne.png[39m[0m
[  55% ] [90m[1m_update_scan_actions[22m | hn_bai_sheng_carry_idle_nw.png[39m[0m
[  55% ] [90m[1m_update_scan_actions[22m | hn_bai_sheng_carry_idle_se.png[39m[0m
[  55% ] [90m[1m_update_scan_actions[22m | hn_bai_sheng_carry_idle_sw.png[39m[0m
[  55% ] [90m[1m_update_scan_actions[22m | hn_bai_sheng_carry_walk_ne.png[39m[0m
[  55% ] [90m[1m_update_scan_actions[22m | hn_bai_sheng_carry_walk_nw.png[39m[0m
[  55% ] [90m[1m_update_scan_actions[22m | hn_bai_sheng_carry_walk_se.png[39m[0m
[  55% ] [90m[1m_update_scan_actions[22m | hn_bai_sheng_carry_walk_sw.png[39m[0m
[  56% ] [90m[1m_update_scan_actions[22m | hn_bai_sheng_idle_ne.png[39m[0m
[  56% ] [90m[1m_update_scan_actions[22m | hn_bai_sheng_idle_nw.png[39m[0m
[  56% ] [90m[1m_update_scan_actions[22m | hn_bai_sheng_idle_se.png[39m[0m
[  56% ] [90m[1m_update_scan_actions[22m | hn_bai_sheng_idle_sw.png[39m[0m
[  56% ] [90m[1m_update_scan_actions[22m | hn_bai_sheng_walk_ne.png[39m[0m
[  56% ] [90m[1m_update_scan_actions[22m | hn_bai_sheng_walk_nw.png[39m[0m
[  56% ] [90m[1m_update_scan_actions[22m | hn_bai_sheng_walk_se.png[39m[0m
[  56% ] [90m[1m_update_scan_actions[22m | hn_bai_sheng_walk_sw.png[39m[0m
[  56% ] [90m[1m_update_scan_actions[22m | hn_chao_gai_idle_ne.png[39m[0m
[  56% ] [90m[1m_update_scan_actions[22m | hn_chao_gai_idle_nw.png[39m[0m
[  56% ] [90m[1m_update_scan_actions[22m | hn_chao_gai_idle_se.png[39m[0m
[  57% ] [90m[1m_update_scan_actions[22m | hn_chao_gai_idle_sw.png[39m[0m
[  57% ] [90m[1m_update_scan_actions[22m | hn_chao_gai_walk_ne.png[39m[0m
[  57% ] [90m[1m_update_scan_actions[22m | hn_chao_gai_walk_nw.png[39m[0m
[  57% ] [90m[1m_update_scan_actions[22m | hn_chao_gai_walk_se.png[39m[0m
[  57% ] [90m[1m_update_scan_actions[22m | hn_chao_gai_walk_sw.png[39m[0m
[  57% ] [90m[1m_update_scan_actions[22m | hn_gongsun_sheng_idle_ne.png[39m[0m
[  57% ] [90m[1m_update_scan_actions[22m | hn_gongsun_sheng_idle_nw.png[39m[0m
[  57% ] [90m[1m_update_scan_actions[22m | hn_gongsun_sheng_idle_se.png[39m[0m
[  57% ] [90m[1m_update_scan_actions[22m | hn_gongsun_sheng_idle_sw.png[39m[0m
[  57% ] [90m[1m_update_scan_actions[22m | hn_gongsun_sheng_walk_ne.png[39m[0m
[  57% ] [90m[1m_update_scan_actions[22m | hn_gongsun_sheng_walk_nw.png[39m[0m
[  57% ] [90m[1m_update_scan_actions[22m | hn_gongsun_sheng_walk_se.png[39m[0m
[  58% ] [90m[1m_update_scan_actions[22m | hn_gongsun_sheng_walk_sw.png[39m[0m
[  58% ] [90m[1m_update_scan_actions[22m | hn_liu_tang_idle_ne.png[39m[0m
[  58% ] [90m[1m_update_scan_actions[22m | hn_liu_tang_idle_nw.png[39m[0m
[  58% ] [90m[1m_update_scan_actions[22m | hn_liu_tang_idle_se.png[39m[0m
[  58% ] [90m[1m_update_scan_actions[22m | hn_liu_tang_idle_sw.png[39m[0m
[  58% ] [90m[1m_update_scan_actions[22m | hn_liu_tang_walk_ne.png[39m[0m
[  58% ] [90m[1m_update_scan_actions[22m | hn_liu_tang_walk_nw.png[39m[0m
[  58% ] [90m[1m_update_scan_actions[22m | hn_liu_tang_walk_se.png[39m[0m
[  58% ] [90m[1m_update_scan_actions[22m | hn_liu_tang_walk_sw.png[39m[0m
[  58% ] [90m[1m_update_scan_actions[22m | hn_ruan_xiaoer_idle_ne.png[39m[0m
[  58% ] [90m[1m_update_scan_actions[22m | hn_ruan_xiaoer_idle_nw.png[39m[0m
[  59% ] [90m[1m_update_scan_actions[22m | hn_ruan_xiaoer_idle_se.png[39m[0m
[  59% ] [90m[1m_update_scan_actions[22m | hn_ruan_xiaoer_idle_sw.png[39m[0m
[  59% ] [90m[1m_update_scan_actions[22m | hn_ruan_xiaoer_walk_ne.png[39m[0m
[  59% ] [90m[1m_update_scan_actions[22m | hn_ruan_xiaoer_walk_nw.png[39m[0m
[  59% ] [90m[1m_update_scan_actions[22m | hn_ruan_xiaoer_walk_se.png[39m[0m
[  59% ] [90m[1m_update_scan_actions[22m | hn_ruan_xiaoer_walk_sw.png[39m[0m
[  59% ] [90m[1m_update_scan_actions[22m | hn_ruan_xiaoqi_idle_ne.png[39m[0m
[  59% ] [90m[1m_update_scan_actions[22m | hn_ruan_xiaoqi_idle_nw.png[39m[0m
[  59% ] [90m[1m_update_scan_actions[22m | hn_ruan_xiaoqi_idle_se.png[39m[0m
[  59% ] [90m[1m_update_scan_actions[22m | hn_ruan_xiaoqi_idle_sw.png[39m[0m
[  59% ] [90m[1m_update_scan_actions[22m | hn_ruan_xiaoqi_walk_ne.png[39m[0m
[  59% ] [90m[1m_update_scan_actions[22m | hn_ruan_xiaoqi_walk_nw.png[39m[0m
[  60% ] [90m[1m_update_scan_actions[22m | hn_ruan_xiaoqi_walk_se.png[39m[0m
[  60% ] [90m[1m_update_scan_actions[22m | hn_ruan_xiaoqi_walk_sw.png[39m[0m
[  60% ] [90m[1m_update_scan_actions[22m | hn_ruan_xiaowu_idle_ne.png[39m[0m
[  60% ] [90m[1m_update_scan_actions[22m | hn_ruan_xiaowu_idle_nw.png[39m[0m
[  60% ] [90m[1m_update_scan_actions[22m | hn_ruan_xiaowu_idle_se.png[39m[0m
[  60% ] [90m[1m_update_scan_actions[22m | hn_ruan_xiaowu_idle_sw.png[39m[0m
[  60% ] [90m[1m_update_scan_actions[22m | hn_ruan_xiaowu_walk_ne.png[39m[0m
[  60% ] [90m[1m_update_scan_actions[22m | hn_ruan_xiaowu_walk_nw.png[39m[0m
[  60% ] [90m[1m_update_scan_actions[22m | hn_ruan_xiaowu_walk_se.png[39m[0m
[  60% ] [90m[1m_update_scan_actions[22m | hn_ruan_xiaowu_walk_sw.png[39m[0m
[  60% ] [90m[1m_update_scan_actions[22m | hn_wu_yong_idle_ne.png[39m[0m
[  61% ] [90m[1m_update_scan_actions[22m | hn_wu_yong_idle_nw.png[39m[0m
[  61% ] [90m[1m_update_scan_actions[22m | hn_wu_yong_idle_se.png[39m[0m
[  61% ] [90m[1m_update_scan_actions[22m | hn_wu_yong_idle_sw.png[39m[0m
[  61% ] [90m[1m_update_scan_actions[22m | hn_wu_yong_walk_ne.png[39m[0m
[  61% ] [90m[1m_update_scan_actions[22m | hn_wu_yong_walk_nw.png[39m[0m
[  61% ] [90m[1m_update_scan_actions[22m | hn_wu_yong_walk_se.png[39m[0m
[  61% ] [90m[1m_update_scan_actions[22m | hn_wu_yong_walk_sw.png[39m[0m
[  61% ] [90m[1m_update_scan_actions[22m | jiang_menshen_fists_attack_ne.png[39m[0m
[  61% ] [90m[1m_update_scan_actions[22m | jiang_menshen_fists_attack_nw.png[39m[0m
[  61% ] [90m[1m_update_scan_actions[22m | jiang_menshen_fists_attack_se.png[39m[0m
[  61% ] [90m[1m_update_scan_actions[22m | jiang_menshen_fists_attack_sw.png[39m[0m
[  61% ] [90m[1m_update_scan_actions[22m | jiang_menshen_fists_down_ne.png[39m[0m
[  62% ] [90m[1m_update_scan_actions[22m | jiang_menshen_fists_down_nw.png[39m[0m
[  62% ] [90m[1m_update_scan_actions[22m | jiang_menshen_fists_down_se.png[39m[0m
[  62% ] [90m[1m_update_scan_actions[22m | jiang_menshen_fists_down_sw.png[39m[0m
[  62% ] [90m[1m_update_scan_actions[22m | jiang_menshen_fists_hurt_ne.png[39m[0m
[  62% ] [90m[1m_update_scan_actions[22m | jiang_menshen_fists_hurt_nw.png[39m[0m
[  62% ] [90m[1m_update_scan_actions[22m | jiang_menshen_fists_hurt_se.png[39m[0m
[  62% ] [90m[1m_update_scan_actions[22m | jiang_menshen_fists_hurt_sw.png[39m[0m
[  62% ] [90m[1m_update_scan_actions[22m | jiang_menshen_fists_idle_ne.png[39m[0m
[  62% ] [90m[1m_update_scan_actions[22m | jiang_menshen_fists_idle_nw.png[39m[0m
[  62% ] [90m[1m_update_scan_actions[22m | jiang_menshen_fists_idle_se.png[39m[0m
[  62% ] [90m[1m_update_scan_actions[22m | jiang_menshen_fists_idle_sw.png[39m[0m
[  63% ] [90m[1m_update_scan_actions[22m | jiang_menshen_fists_walk_ne.png[39m[0m
[  63% ] [90m[1m_update_scan_actions[22m | jiang_menshen_fists_walk_nw.png[39m[0m
[  63% ] [90m[1m_update_scan_actions[22m | jiang_menshen_fists_walk_se.png[39m[0m
[  63% ] [90m[1m_update_scan_actions[22m | jiang_menshen_fists_walk_sw.png[39m[0m
[  63% ] [90m[1m_update_scan_actions[22m | lin_chong_bound_attack_ne.png[39m[0m
[  63% ] [90m[1m_update_scan_actions[22m | lin_chong_bound_attack_nw.png[39m[0m
[  63% ] [90m[1m_update_scan_actions[22m | lin_chong_bound_attack_se.png[39m[0m
[  63% ] [90m[1m_update_scan_actions[22m | lin_chong_bound_attack_sw.png[39m[0m
[  63% ] [90m[1m_update_scan_actions[22m | lin_chong_bound_down_ne.png[39m[0m
[  63% ] [90m[1m_update_scan_actions[22m | lin_chong_bound_down_nw.png[39m[0m
[  63% ] [90m[1m_update_scan_actions[22m | lin_chong_bound_down_se.png[39m[0m
[  64% ] [90m[1m_update_scan_actions[22m | lin_chong_bound_down_sw.png[39m[0m
[  64% ] [90m[1m_update_scan_actions[22m | lin_chong_bound_hurt_ne.png[39m[0m
[  64% ] [90m[1m_update_scan_actions[22m | lin_chong_bound_hurt_nw.png[39m[0m
[  64% ] [90m[1m_update_scan_actions[22m | lin_chong_bound_hurt_se.png[39m[0m
[  64% ] [90m[1m_update_scan_actions[22m | lin_chong_bound_hurt_sw.png[39m[0m
[  64% ] [90m[1m_update_scan_actions[22m | lin_chong_bound_idle_ne.png[39m[0m
[  64% ] [90m[1m_update_scan_actions[22m | lin_chong_bound_idle_nw.png[39m[0m
[  64% ] [90m[1m_update_scan_actions[22m | lin_chong_bound_idle_se.png[39m[0m
[  64% ] [90m[1m_update_scan_actions[22m | lin_chong_bound_idle_sw.png[39m[0m
[  64% ] [90m[1m_update_scan_actions[22m | lin_chong_bound_walk_ne.png[39m[0m
[  64% ] [90m[1m_update_scan_actions[22m | lin_chong_bound_walk_nw.png[39m[0m
[  64% ] [90m[1m_update_scan_actions[22m | lin_chong_bound_walk_se.png[39m[0m
[  65% ] [90m[1m_update_scan_actions[22m | lin_chong_bound_walk_sw.png[39m[0m
[  65% ] [90m[1m_update_scan_actions[22m | lin_chong_escort_assisted_ne.png[39m[0m
[  65% ] [90m[1m_update_scan_actions[22m | lin_chong_escort_assisted_nw.png[39m[0m
[  65% ] [90m[1m_update_scan_actions[22m | lin_chong_escort_assisted_se.png[39m[0m
[  65% ] [90m[1m_update_scan_actions[22m | lin_chong_escort_assisted_sw.png[39m[0m
[  65% ] [90m[1m_update_scan_actions[22m | lin_chong_escort_attack_ne.png[39m[0m
[  65% ] [90m[1m_update_scan_actions[22m | lin_chong_escort_attack_nw.png[39m[0m
[  65% ] [90m[1m_update_scan_actions[22m | lin_chong_escort_attack_se.png[39m[0m
[  65% ] [90m[1m_update_scan_actions[22m | lin_chong_escort_attack_sw.png[39m[0m
[  65% ] [90m[1m_update_scan_actions[22m | lin_chong_escort_down_ne.png[39m[0m
[  65% ] [90m[1m_update_scan_actions[22m | lin_chong_escort_down_nw.png[39m[0m
[  66% ] [90m[1m_update_scan_actions[22m | lin_chong_escort_down_se.png[39m[0m
[  66% ] [90m[1m_update_scan_actions[22m | lin_chong_escort_down_sw.png[39m[0m
[  66% ] [90m[1m_update_scan_actions[22m | lin_chong_escort_hurt_ne.png[39m[0m
[  66% ] [90m[1m_update_scan_actions[22m | lin_chong_escort_hurt_nw.png[39m[0m
[  66% ] [90m[1m_update_scan_actions[22m | lin_chong_escort_hurt_se.png[39m[0m
[  66% ] [90m[1m_update_scan_actions[22m | lin_chong_escort_hurt_sw.png[39m[0m
[  66% ] [90m[1m_update_scan_actions[22m | lin_chong_escort_idle_ne.png[39m[0m
[  66% ] [90m[1m_update_scan_actions[22m | lin_chong_escort_idle_nw.png[39m[0m
[  66% ] [90m[1m_update_scan_actions[22m | lin_chong_escort_idle_se.png[39m[0m
[  66% ] [90m[1m_update_scan_actions[22m | lin_chong_escort_idle_sw.png[39m[0m
[  66% ] [90m[1m_update_scan_actions[22m | lin_chong_escort_walk_ne.png[39m[0m
[  66% ] [90m[1m_update_scan_actions[22m | lin_chong_escort_walk_nw.png[39m[0m
[  67% ] [90m[1m_update_scan_actions[22m | lin_chong_escort_walk_se.png[39m[0m
[  67% ] [90m[1m_update_scan_actions[22m | lin_chong_escort_walk_sw.png[39m[0m
[  67% ] [90m[1m_update_scan_actions[22m | lin_chong_prisoner_attack_ne.png[39m[0m
[  67% ] [90m[1m_update_scan_actions[22m | lin_chong_prisoner_attack_nw.png[39m[0m
[  67% ] [90m[1m_update_scan_actions[22m | lin_chong_prisoner_attack_se.png[39m[0m
[  67% ] [90m[1m_update_scan_actions[22m | lin_chong_prisoner_attack_sw.png[39m[0m
[  67% ] [90m[1m_update_scan_actions[22m | lin_chong_prisoner_down_ne.png[39m[0m
[  67% ] [90m[1m_update_scan_actions[22m | lin_chong_prisoner_down_nw.png[39m[0m
[  67% ] [90m[1m_update_scan_actions[22m | lin_chong_prisoner_down_se.png[39m[0m
[  67% ] [90m[1m_update_scan_actions[22m | lin_chong_prisoner_down_sw.png[39m[0m
[  67% ] [90m[1m_update_scan_actions[22m | lin_chong_prisoner_hurt_ne.png[39m[0m
[  68% ] [90m[1m_update_scan_actions[22m | lin_chong_prisoner_hurt_nw.png[39m[0m
[  68% ] [90m[1m_update_scan_actions[22m | lin_chong_prisoner_hurt_se.png[39m[0m
[  68% ] [90m[1m_update_scan_actions[22m | lin_chong_prisoner_hurt_sw.png[39m[0m
[  68% ] [90m[1m_update_scan_actions[22m | lin_chong_prisoner_idle_ne.png[39m[0m
[  68% ] [90m[1m_update_scan_actions[22m | lin_chong_prisoner_idle_nw.png[39m[0m
[  68% ] [90m[1m_update_scan_actions[22m | lin_chong_prisoner_idle_se.png[39m[0m
[  68% ] [90m[1m_update_scan_actions[22m | lin_chong_prisoner_idle_sw.png[39m[0m
[  68% ] [90m[1m_update_scan_actions[22m | lin_chong_prisoner_walk_ne.png[39m[0m
[  68% ] [90m[1m_update_scan_actions[22m | lin_chong_prisoner_walk_nw.png[39m[0m
[  68% ] [90m[1m_update_scan_actions[22m | lin_chong_prisoner_walk_se.png[39m[0m
[  68% ] [90m[1m_update_scan_actions[22m | lin_chong_prisoner_walk_sw.png[39m[0m
[  69% ] [90m[1m_update_scan_actions[22m | li_kui_jiangzhou_attack_ne.png[39m[0m
[  69% ] [90m[1m_update_scan_actions[22m | li_kui_jiangzhou_attack_nw.png[39m[0m
[  69% ] [90m[1m_update_scan_actions[22m | li_kui_jiangzhou_attack_se.png[39m[0m
[  69% ] [90m[1m_update_scan_actions[22m | li_kui_jiangzhou_attack_sw.png[39m[0m
[  69% ] [90m[1m_update_scan_actions[22m | li_kui_jiangzhou_down_ne.png[39m[0m
[  69% ] [90m[1m_update_scan_actions[22m | li_kui_jiangzhou_down_nw.png[39m[0m
[  69% ] [90m[1m_update_scan_actions[22m | li_kui_jiangzhou_down_se.png[39m[0m
[  69% ] [90m[1m_update_scan_actions[22m | li_kui_jiangzhou_down_sw.png[39m[0m
[  69% ] [90m[1m_update_scan_actions[22m | li_kui_jiangzhou_hurt_ne.png[39m[0m
[  69% ] [90m[1m_update_scan_actions[22m | li_kui_jiangzhou_hurt_nw.png[39m[0m
[  69% ] [90m[1m_update_scan_actions[22m | li_kui_jiangzhou_hurt_se.png[39m[0m
[  69% ] [90m[1m_update_scan_actions[22m | li_kui_jiangzhou_hurt_sw.png[39m[0m
[  70% ] [90m[1m_update_scan_actions[22m | li_kui_jiangzhou_idle_ne.png[39m[0m
[  70% ] [90m[1m_update_scan_actions[22m | li_kui_jiangzhou_idle_nw.png[39m[0m
[  70% ] [90m[1m_update_scan_actions[22m | li_kui_jiangzhou_idle_se.png[39m[0m
[  70% ] [90m[1m_update_scan_actions[22m | li_kui_jiangzhou_idle_sw.png[39m[0m
[  70% ] [90m[1m_update_scan_actions[22m | li_kui_jiangzhou_walk_ne.png[39m[0m
[  70% ] [90m[1m_update_scan_actions[22m | li_kui_jiangzhou_walk_nw.png[39m[0m
[  70% ] [90m[1m_update_scan_actions[22m | li_kui_jiangzhou_walk_se.png[39m[0m
[  70% ] [90m[1m_update_scan_actions[22m | li_kui_jiangzhou_walk_sw.png[39m[0m
[  70% ] [90m[1m_update_scan_actions[22m | lu_zhishen_rescue_attack_ne.png[39m[0m
[  70% ] [90m[1m_update_scan_actions[22m | lu_zhishen_rescue_attack_nw.png[39m[0m
[  70% ] [90m[1m_update_scan_actions[22m | lu_zhishen_rescue_attack_se.png[39m[0m
[  71% ] [90m[1m_update_scan_actions[22m | lu_zhishen_rescue_attack_sw.png[39m[0m
[  71% ] [90m[1m_update_scan_actions[22m | lu_zhishen_rescue_down_ne.png[39m[0m
[  71% ] [90m[1m_update_scan_actions[22m | lu_zhishen_rescue_down_nw.png[39m[0m
[  71% ] [90m[1m_update_scan_actions[22m | lu_zhishen_rescue_down_se.png[39m[0m
[  71% ] [90m[1m_update_scan_actions[22m | lu_zhishen_rescue_down_sw.png[39m[0m
[  71% ] [90m[1m_update_scan_actions[22m | lu_zhishen_rescue_hurt_ne.png[39m[0m
[  71% ] [90m[1m_update_scan_actions[22m | lu_zhishen_rescue_hurt_nw.png[39m[0m
[  71% ] [90m[1m_update_scan_actions[22m | lu_zhishen_rescue_hurt_se.png[39m[0m
[  71% ] [90m[1m_update_scan_actions[22m | lu_zhishen_rescue_hurt_sw.png[39m[0m
[  71% ] [90m[1m_update_scan_actions[22m | lu_zhishen_rescue_idle_ne.png[39m[0m
[  71% ] [90m[1m_update_scan_actions[22m | lu_zhishen_rescue_idle_nw.png[39m[0m
[  71% ] [90m[1m_update_scan_actions[22m | lu_zhishen_rescue_idle_se.png[39m[0m
[  72% ] [90m[1m_update_scan_actions[22m | lu_zhishen_rescue_idle_sw.png[39m[0m
[  72% ] [90m[1m_update_scan_actions[22m | lu_zhishen_rescue_intercept_ne.png[39m[0m
[  72% ] [90m[1m_update_scan_actions[22m | lu_zhishen_rescue_intercept_nw.png[39m[0m
[  72% ] [90m[1m_update_scan_actions[22m | lu_zhishen_rescue_intercept_se.png[39m[0m
[  72% ] [90m[1m_update_scan_actions[22m | lu_zhishen_rescue_intercept_sw.png[39m[0m
[  72% ] [90m[1m_update_scan_actions[22m | lu_zhishen_rescue_walk_ne.png[39m[0m
[  72% ] [90m[1m_update_scan_actions[22m | lu_zhishen_rescue_walk_nw.png[39m[0m
[  72% ] [90m[1m_update_scan_actions[22m | lu_zhishen_rescue_walk_se.png[39m[0m
[  72% ] [90m[1m_update_scan_actions[22m | lu_zhishen_rescue_walk_sw.png[39m[0m
[  72% ] [90m[1m_update_scan_actions[22m | rescued_lu_junyi_idle_ne.png[39m[0m
[  72% ] [90m[1m_update_scan_actions[22m | rescued_lu_junyi_idle_nw.png[39m[0m
[  73% ] [90m[1m_update_scan_actions[22m | rescued_lu_junyi_idle_se.png[39m[0m
[  73% ] [90m[1m_update_scan_actions[22m | rescued_lu_junyi_idle_sw.png[39m[0m
[  73% ] [90m[1m_update_scan_actions[22m | rescued_shi_xiu_idle_ne.png[39m[0m
[  73% ] [90m[1m_update_scan_actions[22m | rescued_shi_xiu_idle_nw.png[39m[0m
[  73% ] [90m[1m_update_scan_actions[22m | rescued_shi_xiu_idle_se.png[39m[0m
[  73% ] [90m[1m_update_scan_actions[22m | rescued_shi_xiu_idle_sw.png[39m[0m
[  73% ] [90m[1m_update_scan_actions[22m | shi_qian_lantern_idle_ne.png[39m[0m
[  73% ] [90m[1m_update_scan_actions[22m | shi_qian_lantern_idle_nw.png[39m[0m
[  73% ] [90m[1m_update_scan_actions[22m | shi_qian_lantern_idle_se.png[39m[0m
[  73% ] [90m[1m_update_scan_actions[22m | shi_qian_lantern_idle_sw.png[39m[0m
[  73% ] [90m[1m_update_scan_actions[22m | song_jiang_bound_idle_ne.png[39m[0m
[  73% ] [90m[1m_update_scan_actions[22m | song_jiang_bound_idle_nw.png[39m[0m
[  74% ] [90m[1m_update_scan_actions[22m | song_jiang_bound_idle_se.png[39m[0m
[  74% ] [90m[1m_update_scan_actions[22m | song_jiang_bound_idle_sw.png[39m[0m
[  74% ] [90m[1m_update_scan_actions[22m | song_jiang_rescued_idle_ne.png[39m[0m
[  74% ] [90m[1m_update_scan_actions[22m | song_jiang_rescued_idle_nw.png[39m[0m
[  74% ] [90m[1m_update_scan_actions[22m | song_jiang_rescued_idle_se.png[39m[0m
[  74% ] [90m[1m_update_scan_actions[22m | song_jiang_rescued_idle_sw.png[39m[0m
[  74% ] [90m[1m_update_scan_actions[22m | song_jiang_rescued_walk_ne.png[39m[0m
[  74% ] [90m[1m_update_scan_actions[22m | song_jiang_rescued_walk_nw.png[39m[0m
[  74% ] [90m[1m_update_scan_actions[22m | song_jiang_rescued_walk_se.png[39m[0m
[  74% ] [90m[1m_update_scan_actions[22m | song_jiang_rescued_walk_sw.png[39m[0m
[  74% ] [90m[1m_update_scan_actions[22m | town_elder_idle_ne.png[39m[0m
[  75% ] [90m[1m_update_scan_actions[22m | town_elder_idle_nw.png[39m[0m
[  75% ] [90m[1m_update_scan_actions[22m | town_elder_idle_se.png[39m[0m
[  75% ] [90m[1m_update_scan_actions[22m | town_elder_idle_sw.png[39m[0m
[  75% ] [90m[1m_update_scan_actions[22m | town_porter_idle_ne.png[39m[0m
[  75% ] [90m[1m_update_scan_actions[22m | town_porter_idle_nw.png[39m[0m
[  75% ] [90m[1m_update_scan_actions[22m | town_porter_idle_se.png[39m[0m
[  75% ] [90m[1m_update_scan_actions[22m | town_porter_idle_sw.png[39m[0m
[  75% ] [90m[1m_update_scan_actions[22m | town_vendor_idle_ne.png[39m[0m
[  75% ] [90m[1m_update_scan_actions[22m | town_vendor_idle_nw.png[39m[0m
[  75% ] [90m[1m_update_scan_actions[22m | town_vendor_idle_se.png[39m[0m
[  75% ] [90m[1m_update_scan_actions[22m | town_vendor_idle_sw.png[39m[0m
[  76% ] [90m[1m_update_scan_actions[22m | town_woman_idle_ne.png[39m[0m
[  76% ] [90m[1m_update_scan_actions[22m | town_woman_idle_nw.png[39m[0m
[  76% ] [90m[1m_update_scan_actions[22m | town_woman_idle_se.png[39m[0m
[  76% ] [90m[1m_update_scan_actions[22m | town_woman_idle_sw.png[39m[0m
[  76% ] [90m[1m_update_scan_actions[22m | wu_song_mengzhou_attack_ne.png[39m[0m
[  76% ] [90m[1m_update_scan_actions[22m | wu_song_mengzhou_attack_nw.png[39m[0m
[  76% ] [90m[1m_update_scan_actions[22m | wu_song_mengzhou_attack_se.png[39m[0m
[  76% ] [90m[1m_update_scan_actions[22m | wu_song_mengzhou_attack_sw.png[39m[0m
[  76% ] [90m[1m_update_scan_actions[22m | wu_song_mengzhou_down_ne.png[39m[0m
[  76% ] [90m[1m_update_scan_actions[22m | wu_song_mengzhou_down_nw.png[39m[0m
[  76% ] [90m[1m_update_scan_actions[22m | wu_song_mengzhou_down_se.png[39m[0m
[  76% ] [90m[1m_update_scan_actions[22m | wu_song_mengzhou_down_sw.png[39m[0m
[  77% ] [90m[1m_update_scan_actions[22m | wu_song_mengzhou_hurt_ne.png[39m[0m
[  77% ] [90m[1m_update_scan_actions[22m | wu_song_mengzhou_hurt_nw.png[39m[0m
[  77% ] [90m[1m_update_scan_actions[22m | wu_song_mengzhou_hurt_se.png[39m[0m
[  77% ] [90m[1m_update_scan_actions[22m | wu_song_mengzhou_hurt_sw.png[39m[0m
[  77% ] [90m[1m_update_scan_actions[22m | wu_song_mengzhou_idle_ne.png[39m[0m
[  77% ] [90m[1m_update_scan_actions[22m | wu_song_mengzhou_idle_nw.png[39m[0m
[  77% ] [90m[1m_update_scan_actions[22m | wu_song_mengzhou_idle_se.png[39m[0m
[  77% ] [90m[1m_update_scan_actions[22m | wu_song_mengzhou_idle_sw.png[39m[0m
[  77% ] [90m[1m_update_scan_actions[22m | wu_song_mengzhou_walk_ne.png[39m[0m
[  77% ] [90m[1m_update_scan_actions[22m | wu_song_mengzhou_walk_nw.png[39m[0m
[  77% ] [90m[1m_update_scan_actions[22m | wu_song_mengzhou_walk_se.png[39m[0m
[  78% ] [90m[1m_update_scan_actions[22m | wu_song_mengzhou_walk_sw.png[39m[0m
[  78% ] [90m[1m_update_scan_actions[22m | xue_ba_escort_idle_ne.png[39m[0m
[  78% ] [90m[1m_update_scan_actions[22m | xue_ba_escort_idle_nw.png[39m[0m
[  78% ] [90m[1m_update_scan_actions[22m | xue_ba_escort_idle_se.png[39m[0m
[  78% ] [90m[1m_update_scan_actions[22m | xue_ba_escort_idle_sw.png[39m[0m
[  78% ] [90m[1m_update_scan_actions[22m | xue_ba_escort_walk_ne.png[39m[0m
[  78% ] [90m[1m_update_scan_actions[22m | xue_ba_escort_walk_nw.png[39m[0m
[  78% ] [90m[1m_update_scan_actions[22m | xue_ba_escort_walk_se.png[39m[0m
[  78% ] [90m[1m_update_scan_actions[22m | xue_ba_escort_walk_sw.png[39m[0m
[  78% ] [90m[1m_update_scan_actions[22m | yue_he_officer_idle_ne.png[39m[0m
[  78% ] [90m[1m_update_scan_actions[22m | yue_he_officer_idle_nw.png[39m[0m
[  78% ] [90m[1m_update_scan_actions[22m | yue_he_officer_idle_se.png[39m[0m
[  79% ] [90m[1m_update_scan_actions[22m | yue_he_officer_idle_sw.png[39m[0m
[  79% ] [90m[1m_update_scan_actions[22m | huangnigang_dry_verge.png[39m[0m
[  79% ] [90m[1m_update_scan_actions[22m | huangnigang_pine_double.png[39m[0m
[  79% ] [90m[1m_update_scan_actions[22m | huangnigang_pine_old.png[39m[0m
[  79% ] [90m[1m_update_scan_actions[22m | huangnigang_pine_young_lean.png[39m[0m
[  79% ] [90m[1m_update_scan_actions[22m | huangnigang_seven_pudao.png[39m[0m
[  79% ] [90m[1m_update_scan_actions[22m | jujube_cart_01.png[39m[0m
[  79% ] [90m[1m_update_scan_actions[22m | jujube_cart_02.png[39m[0m
[  79% ] [90m[1m_update_scan_actions[22m | jujube_cart_03.png[39m[0m
[  79% ] [90m[1m_update_scan_actions[22m | jujube_cart_04.png[39m[0m
[  79% ] [90m[1m_update_scan_actions[22m | jujube_cart_05.png[39m[0m
[  80% ] [90m[1m_update_scan_actions[22m | jujube_cart_06.png[39m[0m
[  80% ] [90m[1m_update_scan_actions[22m | jujube_cart_07.png[39m[0m
[  80% ] [90m[1m_update_scan_actions[22m | jujube_load.png[39m[0m
[  80% ] [90m[1m_update_scan_actions[22m | tribute_load.png[39m[0m
[  80% ] [90m[1m_update_scan_actions[22m | wine_bowls_scoop.png[39m[0m
[  80% ] [90m[1m_update_scan_actions[22m | wine_buckets.png[39m[0m
[  80% ] [90m[1m_update_scan_actions[22m | dock_head_t.png[39m[0m
[  80% ] [90m[1m_update_scan_actions[22m | dock_straight.png[39m[0m
[  80% ] [90m[1m_update_scan_actions[22m | liangshan_hilltop_standard_blank.png[39m[0m
[  80% ] [90m[1m_update_scan_actions[22m | main_gate.png[39m[0m
[  80% ] [90m[1m_update_scan_actions[22m | reeds_bent.png[39m[0m
[  80% ] [90m[1m_update_scan_actions[22m | reeds_seeded.png[39m[0m
[  81% ] [90m[1m_update_scan_actions[22m | reeds_short.png[39m[0m
[  81% ] [90m[1m_update_scan_actions[22m | reeds_tall.png[39m[0m
[  81% ] [90m[1m_update_scan_actions[22m | stockade_segment.png[39m[0m
[  81% ] [90m[1m_update_scan_actions[22m | tree_broad.png[39m[0m
[  81% ] [90m[1m_update_scan_actions[22m | tree_young.png[39m[0m
[  81% ] [90m[1m_update_scan_actions[22m | watchtower.png[39m[0m
[  81% ] [90m[1m_update_scan_actions[22m | willow_old.png[39m[0m
[  81% ] [90m[1m_update_scan_actions[22m | zhongyi_hall.png[39m[0m
[  81% ] [90m[1m_update_scan_actions[22m | zhongyi_hall_standard_east_blank.png[39m[0m
[  81% ] [90m[1m_update_scan_actions[22m | zhongyi_hall_standard_west_blank.png[39m[0m
[  81% ] [90m[1m_update_scan_actions[22m | surface_compacted_stone.png[39m[0m
[  82% ] [90m[1m_update_scan_actions[22m | surface_dry_earth.png[39m[0m
[  82% ] [90m[1m_update_scan_actions[22m | surface_field.png[39m[0m
[  82% ] [90m[1m_update_scan_actions[22m | surface_forest_earth.png[39m[0m
[  82% ] [90m[1m_update_scan_actions[22m | surface_wet_bank.png[39m[0m
[  82% ] [90m[1m_update_scan_actions[22m | bailong_temple_default.png[39m[0m
[  82% ] [90m[1m_update_scan_actions[22m | broken_cavalry_default.png[39m[0m
[  82% ] [90m[1m_update_scan_actions[22m | cuiyun_tower_default.png[39m[0m
[  82% ] [90m[1m_update_scan_actions[22m | cuiyun_tower_signal.png[39m[0m
[  82% ] [90m[1m_update_scan_actions[22m | daming_south_gate_default.png[39m[0m
[  82% ] [90m[1m_update_scan_actions[22m | death_remains_default.png[39m[0m
[  82% ] [90m[1m_update_scan_actions[22m | gao_flagship_damaged_ne.png[39m[0m
[  83% ] [90m[1m_update_scan_actions[22m | gao_flagship_damaged_nw.png[39m[0m
[  83% ] [90m[1m_update_scan_actions[22m | gao_flagship_damaged_se.png[39m[0m
[  83% ] [90m[1m_update_scan_actions[22m | gao_flagship_damaged_sw.png[39m[0m
[  83% ] [90m[1m_update_scan_actions[22m | gao_flagship_default_ne.png[39m[0m
[  83% ] [90m[1m_update_scan_actions[22m | gao_flagship_default_nw.png[39m[0m
[  83% ] [90m[1m_update_scan_actions[22m | gao_flagship_default_se.png[39m[0m
[  83% ] [90m[1m_update_scan_actions[22m | gao_flagship_default_sw.png[39m[0m
[  83% ] [90m[1m_update_scan_actions[22m | gao_flagship_disabled_ne.png[39m[0m
[  83% ] [90m[1m_update_scan_actions[22m | gao_flagship_disabled_nw.png[39m[0m
[  83% ] [90m[1m_update_scan_actions[22m | gao_flagship_disabled_se.png[39m[0m
[  83% ] [90m[1m_update_scan_actions[22m | gao_flagship_disabled_sw.png[39m[0m
[  83% ] [90m[1m_update_scan_actions[22m | gao_flagship_flooding_ne.png[39m[0m
[  84% ] [90m[1m_update_scan_actions[22m | gao_flagship_flooding_nw.png[39m[0m
[  84% ] [90m[1m_update_scan_actions[22m | gao_flagship_flooding_se.png[39m[0m
[  84% ] [90m[1m_update_scan_actions[22m | gao_flagship_flooding_sw.png[39m[0m
[  84% ] [90m[1m_update_scan_actions[22m | heyang_tavern_default.png[39m[0m
[  84% ] [90m[1m_update_scan_actions[22m | hook_spear_team_default.png[39m[0m
[  84% ] [90m[1m_update_scan_actions[22m | hook_spear_team_engaged.png[39m[0m
[  84% ] [90m[1m_update_scan_actions[22m | hook_training_dummy_default.png[39m[0m
[  84% ] [90m[1m_update_scan_actions[22m | jujube_cart_default.png[39m[0m
[  84% ] [90m[1m_update_scan_actions[22m | jujube_load_default.png[39m[0m
[  84% ] [90m[1m_update_scan_actions[22m | liangshan_boat_default.png[39m[0m
[  84% ] [90m[1m_update_scan_actions[22m | liangshan_boat_default_ne.png[39m[0m
[  85% ] [90m[1m_update_scan_actions[22m | liangshan_boat_default_nw.png[39m[0m
[  85% ] [90m[1m_update_scan_actions[22m | liangshan_boat_default_se.png[39m[0m
[  85% ] [90m[1m_update_scan_actions[22m | liangshan_boat_default_sw.png[39m[0m
[  85% ] [90m[1m_update_scan_actions[22m | linked_cavalry_default.png[39m[0m
[  85% ] [90m[1m_update_scan_actions[22m | official_vanguard_damaged_ne.png[39m[0m
[  85% ] [90m[1m_update_scan_actions[22m | official_vanguard_damaged_nw.png[39m[0m
[  85% ] [90m[1m_update_scan_actions[22m | official_vanguard_damaged_se.png[39m[0m
[  85% ] [90m[1m_update_scan_actions[22m | official_vanguard_damaged_sw.png[39m[0m
[  85% ] [90m[1m_update_scan_actions[22m | official_vanguard_default_ne.png[39m[0m
[  85% ] [90m[1m_update_scan_actions[22m | official_vanguard_default_nw.png[39m[0m
[  85% ] [90m[1m_update_scan_actions[22m | official_vanguard_default_se.png[39m[0m
[  85% ] [90m[1m_update_scan_actions[22m | official_vanguard_default_sw.png[39m[0m
[  86% ] [90m[1m_update_scan_actions[22m | official_vanguard_disabled_ne.png[39m[0m
[  86% ] [90m[1m_update_scan_actions[22m | official_vanguard_disabled_nw.png[39m[0m
[  86% ] [90m[1m_update_scan_actions[22m | official_vanguard_disabled_se.png[39m[0m
[  86% ] [90m[1m_update_scan_actions[22m | official_vanguard_disabled_sw.png[39m[0m
[  86% ] [90m[1m_update_scan_actions[22m | official_vanguard_flooding_ne.png[39m[0m
[  86% ] [90m[1m_update_scan_actions[22m | official_vanguard_flooding_nw.png[39m[0m
[  86% ] [90m[1m_update_scan_actions[22m | official_vanguard_flooding_se.png[39m[0m
[  86% ] [90m[1m_update_scan_actions[22m | official_vanguard_flooding_sw.png[39m[0m
[  86% ] [90m[1m_update_scan_actions[22m | official_warship_damaged.png[39m[0m
[  86% ] [90m[1m_update_scan_actions[22m | official_warship_damaged_ne.png[39m[0m
[  86% ] [90m[1m_update_scan_actions[22m | official_warship_damaged_nw.png[39m[0m
[  87% ] [90m[1m_update_scan_actions[22m | official_warship_damaged_se.png[39m[0m
[  87% ] [90m[1m_update_scan_actions[22m | official_warship_damaged_sw.png[39m[0m
[  87% ] [90m[1m_update_scan_actions[22m | official_warship_default.png[39m[0m
[  87% ] [90m[1m_update_scan_actions[22m | official_warship_default_ne.png[39m[0m
[  87% ] [90m[1m_update_scan_actions[22m | official_warship_default_nw.png[39m[0m
[  87% ] [90m[1m_update_scan_actions[22m | official_warship_default_se.png[39m[0m
[  87% ] [90m[1m_update_scan_actions[22m | official_warship_default_sw.png[39m[0m
[  87% ] [90m[1m_update_scan_actions[22m | official_warship_disabled.png[39m[0m
[  87% ] [90m[1m_update_scan_actions[22m | official_warship_flooding.png[39m[0m
[  87% ] [90m[1m_update_scan_actions[22m | official_warship_flooding_ne.png[39m[0m
[  87% ] [90m[1m_update_scan_actions[22m | official_warship_flooding_nw.png[39m[0m
[  88% ] [90m[1m_update_scan_actions[22m | official_warship_flooding_se.png[39m[0m
[  88% ] [90m[1m_update_scan_actions[22m | official_warship_flooding_sw.png[39m[0m
[  88% ] [90m[1m_update_scan_actions[22m | prison_gate_default.png[39m[0m
[  88% ] [90m[1m_update_scan_actions[22m | prison_gate_open.png[39m[0m
[  88% ] [90m[1m_update_scan_actions[22m | roadside_tavern_default.png[39m[0m
[  88% ] [90m[1m_update_scan_actions[22m | tribute_load_alpha_20260906_default.png[39m[0m
[  88% ] [90m[1m_update_scan_actions[22m | tribute_load_default.png[39m[0m
[  88% ] [90m[1m_update_scan_actions[22m | wine_bowls_default.png[39m[0m
[  88% ] [90m[1m_update_scan_actions[22m | wine_buckets_default.png[39m[0m
[  88% ] [90m[1m_update_scan_actions[22m | zhu_gate_native_20260906_default.png[39m[0m
[  88% ] [90m[1m_update_scan_actions[22m | bound_lu_junyi.png[39m[0m
[  88% ] [90m[1m_update_scan_actions[22m | bound_shi_xiu.png[39m[0m
[  89% ] [90m[1m_update_scan_actions[22m | chai_jin_officer.png[39m[0m
[  89% ] [90m[1m_update_scan_actions[22m | dai_zong_bound.png[39m[0m
[  89% ] [90m[1m_update_scan_actions[22m | dai_zong_rescued.png[39m[0m
[  89% ] [90m[1m_update_scan_actions[22m | daming_bound_lu_junyi.png[39m[0m
[  89% ] [90m[1m_update_scan_actions[22m | daming_bound_shi_xiu.png[39m[0m
[  89% ] [90m[1m_update_scan_actions[22m | daming_rescued_lu_junyi.png[39m[0m
[  89% ] [90m[1m_update_scan_actions[22m | daming_rescued_shi_xiu.png[39m[0m
[  89% ] [90m[1m_update_scan_actions[22m | dong_chao_escort.png[39m[0m
[  89% ] [90m[1m_update_scan_actions[22m | gao_qiu_captured.png[39m[0m
[  89% ] [90m[1m_update_scan_actions[22m | hn_bai_sheng.png[39m[0m
[  89% ] [90m[1m_update_scan_actions[22m | hn_chao_gai.png[39m[0m
[  90% ] [90m[1m_update_scan_actions[22m | hn_gongsun_sheng.png[39m[0m
[  90% ] [90m[1m_update_scan_actions[22m | hn_liu_tang.png[39m[0m
[  90% ] [90m[1m_update_scan_actions[22m | hn_ruan_xiaoer.png[39m[0m
[  90% ] [90m[1m_update_scan_actions[22m | hn_ruan_xiaoqi.png[39m[0m
[  90% ] [90m[1m_update_scan_actions[22m | hn_ruan_xiaowu.png[39m[0m
[  90% ] [90m[1m_update_scan_actions[22m | hn_wu_yong.png[39m[0m
[  90% ] [90m[1m_update_scan_actions[22m | jiang_menshen_fists.png[39m[0m
[  90% ] [90m[1m_update_scan_actions[22m | lin_chong_bound.png[39m[0m
[  90% ] [90m[1m_update_scan_actions[22m | lin_chong_escort.png[39m[0m
[  90% ] [90m[1m_update_scan_actions[22m | lin_chong_prisoner.png[39m[0m
[  90% ] [90m[1m_update_scan_actions[22m | li_kui_jiangzhou.png[39m[0m
[  90% ] [90m[1m_update_scan_actions[22m | lu_zhishen_rescue.png[39m[0m
[  91% ] [90m[1m_update_scan_actions[22m | rescued_lu_junyi.png[39m[0m
[  91% ] [90m[1m_update_scan_actions[22m | rescued_shi_xiu.png[39m[0m
[  91% ] [90m[1m_update_scan_actions[22m | shi_qian_lantern.png[39m[0m
[  91% ] [90m[1m_update_scan_actions[22m | song_jiang_bound.png[39m[0m
[  91% ] [90m[1m_update_scan_actions[22m | song_jiang_rescued.png[39m[0m
[  91% ] [90m[1m_update_scan_actions[22m | town_elder.png[39m[0m
[  91% ] [90m[1m_update_scan_actions[22m | town_porter.png[39m[0m
[  91% ] [90m[1m_update_scan_actions[22m | town_vendor.png[39m[0m
[  91% ] [90m[1m_update_scan_actions[22m | town_woman.png[39m[0m
[  91% ] [90m[1m_update_scan_actions[22m | wu_song_mengzhou.png[39m[0m
[  91% ] [90m[1m_update_scan_actions[22m | xue_ba_escort.png[39m[0m
[  92% ] [90m[1m_update_scan_actions[22m | yue_he_officer.png[39m[0m
[  92% ] [90m[1m_update_scan_actions[22m | ne.png[39m[0m
[  92% ] [90m[1m_update_scan_actions[22m | ne_walk.png[39m[0m
[  92% ] [90m[1m_update_scan_actions[22m | nw.png[39m[0m
[  92% ] [90m[1m_update_scan_actions[22m | se.png[39m[0m
[  92% ] [90m[1m_update_scan_actions[22m | sw.png[39m[0m
[  92% ] [90m[1m_update_scan_actions[22m | sw_walk.png[39m[0m
[  92% ] [90m[1m_update_scan_actions[22m | sw_windup.png[39m[0m
[  92% ] [90m[1m_update_scan_actions[22m | attack_ne.png[39m[0m
[  92% ] [90m[1m_update_scan_actions[22m | attack_nw.png[39m[0m
[  92% ] [90m[1m_update_scan_actions[22m | attack_se.png[39m[0m
[  92% ] [90m[1m_update_scan_actions[22m | attack_sw.png[39m[0m
[  93% ] [90m[1m_update_scan_actions[22m | down_atlas.png[39m[0m
[  93% ] [90m[1m_update_scan_actions[22m | fall_ne.png[39m[0m
[  93% ] [90m[1m_update_scan_actions[22m | fall_nw.png[39m[0m
[  93% ] [90m[1m_update_scan_actions[22m | fall_se.png[39m[0m
[  93% ] [90m[1m_update_scan_actions[22m | fall_sw.png[39m[0m
[  93% ] [90m[1m_update_scan_actions[22m | idle_ne.png[39m[0m
[  93% ] [90m[1m_update_scan_actions[22m | idle_nw.png[39m[0m
[  93% ] [90m[1m_update_scan_actions[22m | idle_se.png[39m[0m
[  93% ] [90m[1m_update_scan_actions[22m | idle_sw.png[39m[0m
[  93% ] [90m[1m_update_scan_actions[22m | walk_atlas.png[39m[0m
[  93% ] [90m[1m_update_scan_actions[22m | walk_sw.png[39m[0m
[  94% ] [90m[1m_update_scan_actions[22m | gong_blackrain_v2.png[39m[0m
[  94% ] [90m[1m_update_scan_actions[22m | gong_dragon_v2.png[39m[0m
[  94% ] [90m[1m_update_scan_actions[22m | gong_icewall_v2.png[39m[0m
[  94% ] [90m[1m_update_scan_actions[22m | gong_slow_v2.png[39m[0m
[  94% ] [90m[1m_update_scan_actions[22m | hua_blade_v2.png[39m[0m
[  94% ] [90m[1m_update_scan_actions[22m | hua_blink_v2.png[39m[0m
[  94% ] [90m[1m_update_scan_actions[22m | hua_pin_v2.png[39m[0m
[  94% ] [90m[1m_update_scan_actions[22m | hua_rain_v2.png[39m[0m
[  94% ] [90m[1m_update_scan_actions[22m | lin_chrono_v2.png[39m[0m
[  94% ] [90m[1m_update_scan_actions[22m | lin_predator_v2.png[39m[0m
[  94% ] [90m[1m_update_scan_actions[22m | lin_sweep_v2.png[39m[0m
[  95% ] [90m[1m_update_scan_actions[22m | lin_thrust_v2.png[39m[0m
[  95% ] [90m[1m_update_scan_actions[22m | li_axes_v2.png[39m[0m
[  95% ] [90m[1m_update_scan_actions[22m | li_brawn_v2.png[39m[0m
[  95% ] [90m[1m_update_scan_actions[22m | li_charge_v2.png[39m[0m
[  95% ] [90m[1m_update_scan_actions[22m | li_fury_v2.png[39m[0m
[  95% ] [90m[1m_update_scan_actions[22m | song_banner_v2.png[39m[0m
[  95% ] [90m[1m_update_scan_actions[22m | song_fire_v2.png[39m[0m
[  95% ] [90m[1m_update_scan_actions[22m | song_lead_v2.png[39m[0m
[  95% ] [90m[1m_update_scan_actions[22m | song_rally_v2.png[39m[0m
[  95% ] [90m[1m_update_scan_actions[22m | wu_blades_v2.png[39m[0m
[  95% ] [90m[1m_update_scan_actions[22m | wu_drunkgod_v2.png[39m[0m
[  95% ] [90m[1m_update_scan_actions[22m | wu_tigers_v2.png[39m[0m
[  96% ] [90m[1m_update_scan_actions[22m | wu_wine_v2.png[39m[0m
[  96% ] [90m[1m_update_scan_actions[22m | app_icon_256.png[39m[0m
[  96% ] [90m[1m_update_scan_actions[22m | boot_splash.png[39m[0m
[  96% ] [90m[1m_update_scan_actions[22m | gong_beast_charge.png[39m[0m
[  96% ] [90m[1m_update_scan_actions[22m | gong_beast_charge_run.png[39m[0m
[  96% ] [90m[1m_update_scan_actions[22m | buildings2.png[39m[0m
[  96% ] [90m[1m_update_scan_actions[22m | buildings3.png[39m[0m
[  96% ] [90m[1m_update_scan_actions[22m | buildings.png[39m[0m
[  96% ] [90m[1m_update_scan_actions[22m | fx_ability_impacts.png[39m[0m
[  96% ] [90m[1m_update_scan_actions[22m | fx_ability_projectiles.png[39m[0m
[  96% ] [90m[1m_update_scan_actions[22m | fx_items.png[39m[0m
[  97% ] [90m[1m_update_scan_actions[22m | fx_kit2.png[39m[0m
[  97% ] [90m[1m_update_scan_actions[22m | objects.png[39m[0m
[  97% ] [90m[1m_update_scan_actions[22m | portraits2.png[39m[0m
[  97% ] [90m[1m_update_scan_actions[22m | portraits3.png[39m[0m
[  97% ] [90m[1m_update_scan_actions[22m | portraits4.png[39m[0m
[  97% ] [90m[1m_update_scan_actions[22m | portraits5.png[39m[0m
[  97% ] [90m[1m_update_scan_actions[22m | portraits6.png[39m[0m
[  97% ] [90m[1m_update_scan_actions[22m | portraits7.png[39m[0m
[  97% ] [90m[1m_update_scan_actions[22m | portraits8.png[39m[0m
[  97% ] [90m[1m_update_scan_actions[22m | portraits9.png[39m[0m
[  97% ] [90m[1m_update_scan_actions[22m | portraits10.png[39m[0m
[  97% ] [90m[1m_update_scan_actions[22m | portraits11.png[39m[0m
[  98% ] [90m[1m_update_scan_actions[22m | portraits12.png[39m[0m
[  98% ] [90m[1m_update_scan_actions[22m | portraits13.png[39m[0m
[  98% ] [90m[1m_update_scan_actions[22m | portraits14.png[39m[0m
[  98% ] [90m[1m_update_scan_actions[22m | portraits15.png[39m[0m
[  98% ] [90m[1m_update_scan_actions[22m | portraits16.png[39m[0m
[  98% ] [90m[1m_update_scan_actions[22m | portraits17.png[39m[0m
[  98% ] [90m[1m_update_scan_actions[22m | portraits18.png[39m[0m
[  98% ] [90m[1m_update_scan_actions[22m | portraits_sheet.png[39m[0m
[  98% ] [90m[1m_update_scan_actions[22m | portrait_gongsun_sheng.png[39m[0m
[  98% ] [90m[1m_update_scan_actions[22m | terrain2.png[39m[0m
[  98% ] [90m[1m_update_scan_actions[22m | terrain_sheet.png[39m[0m
[  99% ] [90m[1m_update_scan_actions[22m | tower_altar.png[39m[0m
[  99% ] [90m[1m_update_scan_actions[22m | tower_arrow.png[39m[0m
[  99% ] [90m[1m_update_scan_actions[22m | tower_caltrop.png[39m[0m
[  99% ] [90m[1m_update_scan_actions[22m | tower_thunder.png[39m[0m
[  99% ] [90m[1m_update_scan_actions[22m | traps.png[39m[0m
[  99% ] [90m[1m_update_scan_actions[22m | units2.png[39m[0m
[  99% ] [90m[1m_update_scan_actions[22m | units3.png[39m[0m
[  99% ] [90m[1m_update_scan_actions[22m | units_sheet.png[39m[0m
[  99% ] [90m[1m_update_scan_actions[22m | wards.png[39m[0m
[  99% ] [90m[1m_update_scan_actions[22m | icon.png[39m[0m
[92m[ DONE ][39m [1m_update_scan_actions[22m
[0m
[   0% ] [90m[1mreimport[22m | Started 正在导入或重新导入资产 (1141 steps)[39m[0m
[   0% ] [90m[1mreimport[22m | 正在准备重新导入文件……[39m[0m
[   0% ] [90m[1mreimport[22m | 正在准备重新导入文件……[39m[0m
[   0% ] [90m[1mreimport[22m | 正在准备重新导入文件……[39m[0m
[   0% ] [90m[1mreimport[22m | 正在准备重新导入文件……[39m[0m
[   0% ] [90m[1mreimport[22m | 正在准备重新导入文件……[39m[0m
[   0% ] [90m[1mreimport[22m | 正在准备重新导入文件……[39m[0m
[   0% ] [90m[1mreimport[22m | 正在准备重新导入文件……[39m[0m
[   0% ] [90m[1mreimport[22m | 正在准备重新导入文件……[39m[0m
[   0% ] [90m[1mreimport[22m | 正在准备重新导入文件……[39m[0m
[   0% ] [90m[1mreimport[22m | 正在准备重新导入文件……[39m[0m
[   0% ] [90m[1mreimport[22m | 正在准备重新导入文件……[39m[0m
[   0% ] [90m[1mreimport[22m | 正在准备重新导入文件……[39m[0m
[   1% ] [90m[1mreimport[22m | 正在准备重新导入文件……[39m[0m
[   1% ] [90m[1mreimport[22m | 正在准备重新导入文件……[39m[0m
[   1% ] [90m[1mreimport[22m | 正在准备重新导入文件……[39m[0m
[   1% ] [90m[1mreimport[22m | 正在准备重新导入文件……[39m[0m
[   1% ] [90m[1mreimport[22m | 正在准备重新导入文件……[39m[0m
[   1% ] [90m[1mreimport[22m | 正在准备重新导入文件……[39m[0m
[   1% ] [90m[1mreimport[22m | 正在准备重新导入文件……[39m[0m
[   1% ] [90m[1mreimport[22m | 正在准备重新导入文件……[39m[0m
[   1% ] [90m[1mreimport[22m | 正在准备重新导入文件……[39m[0m
[   1% ] [90m[1mreimport[22m | 正在准备重新导入文件……[39m[0m
[   1% ] [90m[1mreimport[22m | 正在准备重新导入文件……[39m[0m
[   2% ] [90m[1mreimport[22m | 正在准备重新导入文件……[39m[0m
[   2% ] [90m[1mreimport[22m | 正在准备重新导入文件……[39m[0m
[   2% ] [90m[1mreimport[22m | 正在准备重新导入文件……[39m[0m
[   2% ] [90m[1mreimport[22m | 正在准备重新导入文件……[39m[0m
[   2% ] [90m[1mreimport[22m | 正在准备重新导入文件……[39m[0m
[   2% ] [90m[1mreimport[22m | 正在准备重新导入文件……[39m[0m
[   2% ] [90m[1mreimport[22m | 正在准备重新导入文件……[39m[0m
[   2% ] [90m[1mreimport[22m | 正在准备重新导入文件……[39m[0m
[   2% ] [90m[1mreimport[22m | 正在准备重新导入文件……[39m[0m
[   2% ] [90m[1mreimport[22m | 正在准备重新导入文件……[39m[0m
[   2% ] [90m[1mreimport[22m | 正在准备重新导入文件……[39m[0m
[   2% ] [90m[1mreimport[22m | 正在准备重新导入文件……[39m[0m
[   3% ] [90m[1mreimport[22m | 正在准备重新导入文件……[39m[0m
[   3% ] [90m[1mreimport[22m | 正在准备重新导入文件……[39m[0m
[   3% ] [90m[1mreimport[22m | 正在准备重新导入文件……[39m[0m
[   3% ] [90m[1mreimport[22m | 正在准备重新导入文件……[39m[0m
[   3% ] [90m[1mreimport[22m | 正在准备重新导入文件……[39m[0m
[   3% ] [90m[1mreimport[22m | 正在准备重新导入文件……[39m[0m
[   3% ] [90m[1mreimport[22m | 正在准备重新导入文件……[39m[0m
[   3% ] [90m[1mreimport[22m | 正在准备重新导入文件……[39m[0m
[   3% ] [90m[1mreimport[22m | 正在准备重新导入文件……[39m[0m
[   3% ] [90m[1mreimport[22m | 正在准备重新导入文件……[39m[0m
[   3% ] [90m[1mreimport[22m | 正在准备重新导入文件……[39m[0m
[   4% ] [90m[1mreimport[22m | 正在准备重新导入文件……[39m[0m
[   4% ] [90m[1mreimport[22m | 正在准备重新导入文件……[39m[0m
[   4% ] [90m[1mreimport[22m | 正在准备重新导入文件……[39m[0m
[   4% ] [90m[1mreimport[22m | 正在准备重新导入文件……[39m[0m
[   4% ] [90m[1mreimport[22m | 正在准备重新导入文件……[39m[0m
[   4% ] [90m[1mreimport[22m | 正在准备重新导入文件……[39m[0m
[   4% ] [90m[1mreimport[22m | 正在准备重新导入文件……[39m[0m
[   4% ] [90m[1mreimport[22m | 正在准备重新导入文件……[39m[0m
[   4% ] [90m[1mreimport[22m | 正在准备重新导入文件……[39m[0m
[   4% ] [90m[1mreimport[22m | 正在准备重新导入文件……[39m[0m
[   4% ] [90m[1mreimport[22m | 正在准备重新导入文件……[39m[0m
[   4% ] [90m[1mreimport[22m | 正在准备重新导入文件……[39m[0m
[   5% ] [90m[1mreimport[22m | 正在准备重新导入文件……[39m[0m
[   5% ] [90m[1mreimport[22m | 正在准备重新导入文件……[39m[0m
[   5% ] [90m[1mreimport[22m | 正在准备重新导入文件……[39m[0m
[   5% ] [90m[1mreimport[22m | 正在准备重新导入文件……[39m[0m
[   5% ] [90m[1mreimport[22m | 正在准备重新导入文件……[39m[0m
[   5% ] [90m[1mreimport[22m | 正在准备重新导入文件……[39m[0m
[   5% ] [90m[1mreimport[22m | 正在准备重新导入文件……[39m[0m
[   5% ] [90m[1mreimport[22m | 正在准备重新导入文件……[39m[0m
[   5% ] [90m[1mreimport[22m | 正在准备重新导入文件……[39m[0m
[   5% ] [90m[1mreimport[22m | 正在准备重新导入文件……[39m[0m
[   5% ] [90m[1mreimport[22m | 正在准备重新导入文件……[39m[0m
[   6% ] [90m[1mreimport[22m | 正在准备重新导入文件……[39m[0m
[   6% ] [90m[1mreimport[22m | 正在准备重新导入文件……[39m[0m
[   6% ] [90m[1mreimport[22m | 正在准备重新导入文件……[39m[0m
[   6% ] [90m[1mreimport[22m | 正在准备重新导入文件……[39m[0m
[   6% ] [90m[1mreimport[22m | 正在准备重新导入文件……[39m[0m
[   6% ] [90m[1mreimport[22m | 正在准备重新导入文件……[39m[0m
[   6% ] [90m[1mreimport[22m | 正在准备重新导入文件……[39m[0m
[   6% ] [90m[1mreimport[22m | 正在准备重新导入文件……[39m[0m
[   6% ] [90m[1mreimport[22m | 正在准备重新导入文件……[39m[0m
[   6% ] [90m[1mreimport[22m | 正在准备重新导入文件……[39m[0m
[   6% ] [90m[1mreimport[22m | 正在准备重新导入文件……[39m[0m
[   7% ] [90m[1mreimport[22m | 正在准备重新导入文件……[39m[0m
[   7% ] [90m[1mreimport[22m | 正在准备重新导入文件……[39m[0m
[   7% ] [90m[1mreimport[22m | 正在准备重新导入文件……[39m[0m
[   7% ] [90m[1mreimport[22m | 正在准备重新导入文件……[39m[0m
[   7% ] [90m[1mreimport[22m | 正在准备重新导入文件……[39m[0m
[   7% ] [90m[1mreimport[22m | 正在准备重新导入文件……[39m[0m
[   7% ] [90m[1mreimport[22m | 正在准备重新导入文件……[39m[0m
[   7% ] [90m[1mreimport[22m | 正在准备重新导入文件……[39m[0m
[   7% ] [90m[1mreimport[22m | 正在准备重新导入文件……[39m[0m
[   7% ] [90m[1mreimport[22m | 正在准备重新导入文件……[39m[0m
[   7% ] [90m[1mreimport[22m | 正在准备重新导入文件……[39m[0m
[   7% ] [90m[1mreimport[22m | 正在准备重新导入文件……[39m[0m
[   8% ] [90m[1mreimport[22m | 正在准备重新导入文件……[39m[0m
[   8% ] [90m[1mreimport[22m | 正在准备重新导入文件……[39m[0m
[   8% ] [90m[1mreimport[22m | 正在准备重新导入文件……[39m[0m
[   8% ] [90m[1mreimport[22m | 正在准备重新导入文件……[39m[0m
[   8% ] [90m[1mreimport[22m | 正在准备重新导入文件……[39m[0m
[   8% ] [90m[1mreimport[22m | 正在准备重新导入文件……[39m[0m
[   8% ] [90m[1mreimport[22m | 正在准备重新导入文件……[39m[0m
[   8% ] [90m[1mreimport[22m | 正在准备重新导入文件……[39m[0m
[   8% ] [90m[1mreimport[22m | 正在准备重新导入文件……[39m[0m
[   8% ] [90m[1mreimport[22m | 正在准备重新导入文件……[39m[0m
[   8% ] [90m[1mreimport[22m | 正在准备重新导入文件……[39m[0m
[   9% ] [90m[1mreimport[22m | 正在准备重新导入文件……[39m[0m
[   9% ] [90m[1mreimport[22m | 正在准备重新导入文件……[39m[0m
[   9% ] [90m[1mreimport[22m | 正在准备重新导入文件……[39m[0m
[   9% ] [90m[1mreimport[22m | 正在准备重新导入文件……[39m[0m
[   9% ] [90m[1mreimport[22m | 正在准备重新导入文件……[39m[0m
[   9% ] [90m[1mreimport[22m | 正在准备重新导入文件……[39m[0m
[   9% ] [90m[1mreimport[22m | 正在准备重新导入文件……[39m[0m
[   9% ] [90m[1mreimport[22m | 正在准备重新导入文件……[39m[0m
[   9% ] [90m[1mreimport[22m | 正在准备重新导入文件……[39m[0m
[   9% ] [90m[1mreimport[22m | 正在准备重新导入文件……[39m[0m
[   9% ] [90m[1mreimport[22m | 正在准备重新导入文件……[39m[0m
[   9% ] [90m[1mreimport[22m | 正在准备重新导入文件……[39m[0m
[  10% ] [90m[1mreimport[22m | 正在准备重新导入文件……[39m[0m
[  10% ] [90m[1mreimport[22m | 正在准备重新导入文件……[39m[0m
[  10% ] [90m[1mreimport[22m | 正在准备重新导入文件……[39m[0m
[  10% ] [90m[1mreimport[22m | 正在准备重新导入文件……[39m[0m
[  10% ] [90m[1mreimport[22m | 正在准备重新导入文件……[39m[0m
[  10% ] [90m[1mreimport[22m | 正在准备重新导入文件……[39m[0m
[  10% ] [90m[1mreimport[22m | 正在准备重新导入文件……[39m[0m
[  10% ] [90m[1mreimport[22m | 正在准备重新导入文件……[39m[0m
[  10% ] [90m[1mreimport[22m | 正在准备重新导入文件……[39m[0m
[  10% ] [90m[1mreimport[22m | 正在准备重新导入文件……[39m[0m
[  10% ] [90m[1mreimport[22m | 正在准备重新导入文件……[39m[0m
[  11% ] [90m[1mreimport[22m | 正在准备重新导入文件……[39m[0m
[  11% ] [90m[1mreimport[22m | 正在准备重新导入文件……[39m[0m
[  11% ] [90m[1mreimport[22m | 正在准备重新导入文件……[39m[0m
[  11% ] [90m[1mreimport[22m | 正在准备重新导入文件……[39m[0m
[  11% ] [90m[1mreimport[22m | 正在准备重新导入文件……[39m[0m
[  11% ] [90m[1mreimport[22m | 正在准备重新导入文件……[39m[0m
[  11% ] [90m[1mreimport[22m | 正在准备重新导入文件……[39m[0m
[  11% ] [90m[1mreimport[22m | 正在准备重新导入文件……[39m[0m
[  11% ] [90m[1mreimport[22m | 正在准备重新导入文件……[39m[0m
[  11% ] [90m[1mreimport[22m | 正在准备重新导入文件……[39m[0m
[  11% ] [90m[1mreimport[22m | 正在准备重新导入文件……[39m[0m
[  11% ] [90m[1mreimport[22m | 正在准备重新导入文件……[39m[0m
[  12% ] [90m[1mreimport[22m | 正在准备重新导入文件……[39m[0m
[  12% ] [90m[1mreimport[22m | 正在准备重新导入文件……[39m[0m
[  12% ] [90m[1mreimport[22m | 正在准备重新导入文件……[39m[0m
[  12% ] [90m[1mreimport[22m | 正在准备重新导入文件……[39m[0m
[  12% ] [90m[1mreimport[22m | 正在准备重新导入文件……[39m[0m
[  12% ] [90m[1mreimport[22m | 正在准备重新导入文件……[39m[0m
[  12% ] [90m[1mreimport[22m | 正在准备重新导入文件……[39m[0m
[  12% ] [90m[1mreimport[22m | 正在准备重新导入文件……[39m[0m
[  12% ] [90m[1mreimport[22m | 正在准备重新导入文件……[39m[0m
[  12% ] [90m[1mreimport[22m | 正在准备重新导入文件……[39m[0m
[  12% ] [90m[1mreimport[22m | 正在准备重新导入文件……[39m[0m
[  13% ] [90m[1mreimport[22m | 正在准备重新导入文件……[39m[0m
[  13% ] [90m[1mreimport[22m | 正在准备重新导入文件……[39m[0m
[  13% ] [90m[1mreimport[22m | 正在准备重新导入文件……[39m[0m
[  13% ] [90m[1mreimport[22m | 正在准备重新导入文件……[39m[0m
[  13% ] [90m[1mreimport[22m | 正在准备重新导入文件……[39m[0m
[  13% ] [90m[1mreimport[22m | 正在准备重新导入文件……[39m[0m
[  13% ] [90m[1mreimport[22m | 正在准备重新导入文件……[39m[0m
[  13% ] [90m[1mreimport[22m | 正在准备重新导入文件……[39m[0m
[  13% ] [90m[1mreimport[22m | 正在准备重新导入文件……[39m[0m
[  13% ] [90m[1mreimport[22m | 正在准备重新导入文件……[39m[0m
[  13% ] [90m[1mreimport[22m | 正在准备重新导入文件……[39m[0m
[  14% ] [90m[1mreimport[22m | 正在准备重新导入文件……[39m[0m
[  14% ] [90m[1mreimport[22m | 正在准备重新导入文件……[39m[0m
[  14% ] [90m[1mreimport[22m | 正在准备重新导入文件……[39m[0m
[  14% ] [90m[1mreimport[22m | 正在准备重新导入文件……[39m[0m
[  14% ] [90m[1mreimport[22m | 正在准备重新导入文件……[39m[0m
[  14% ] [90m[1mreimport[22m | 正在准备重新导入文件……[39m[0m
[  14% ] [90m[1mreimport[22m | 正在准备重新导入文件……[39m[0m
[  14% ] [90m[1mreimport[22m | 正在准备重新导入文件……[39m[0m
[  14% ] [90m[1mreimport[22m | 正在准备重新导入文件……[39m[0m
[  14% ] [90m[1mreimport[22m | 正在准备重新导入文件……[39m[0m
[  14% ] [90m[1mreimport[22m | 正在准备重新导入文件……[39m[0m
[  14% ] [90m[1mreimport[22m | 正在准备重新导入文件……[39m[0m
[  15% ] [90m[1mreimport[22m | 正在准备重新导入文件……[39m[0m
[  15% ] [90m[1mreimport[22m | 正在准备重新导入文件……[39m[0m
[  15% ] [90m[1mreimport[22m | 正在准备重新导入文件……[39m[0m
[  15% ] [90m[1mreimport[22m | 正在准备重新导入文件……[39m[0m
[  15% ] [90m[1mreimport[22m | 正在准备重新导入文件……[39m[0m
[  15% ] [90m[1mreimport[22m | 正在准备重新导入文件……[39m[0m
[  15% ] [90m[1mreimport[22m | 正在准备重新导入文件……[39m[0m
[  15% ] [90m[1mreimport[22m | 正在准备重新导入文件……[39m[0m
[  15% ] [90m[1mreimport[22m | 正在准备重新导入文件……[39m[0m
[  15% ] [90m[1mreimport[22m | 正在准备重新导入文件……[39m[0m
[  15% ] [90m[1mreimport[22m | 正在准备重新导入文件……[39m[0m
[  16% ] [90m[1mreimport[22m | 正在准备重新导入文件……[39m[0m
[  16% ] [90m[1mreimport[22m | 正在准备重新导入文件……[39m[0m
[  16% ] [90m[1mreimport[22m | 正在准备重新导入文件……[39m[0m
[  16% ] [90m[1mreimport[22m | 正在准备重新导入文件……[39m[0m
[  16% ] [90m[1mreimport[22m | 正在准备重新导入文件……[39m[0m
[  16% ] [90m[1mreimport[22m | 正在准备重新导入文件……[39m[0m
[  16% ] [90m[1mreimport[22m | 正在准备重新导入文件……[39m[0m
[  16% ] [90m[1mreimport[22m | 正在准备重新导入文件……[39m[0m
[  16% ] [90m[1mreimport[22m | 正在准备重新导入文件……[39m[0m
[  16% ] [90m[1mreimport[22m | 正在准备重新导入文件……[39m[0m
[  16% ] [90m[1mreimport[22m | 正在准备重新导入文件……[39m[0m
[  16% ] [90m[1mreimport[22m | 正在准备重新导入文件……[39m[0m
[  17% ] [90m[1mreimport[22m | 正在准备重新导入文件……[39m[0m
[  17% ] [90m[1mreimport[22m | 正在准备重新导入文件……[39m[0m
[  17% ] [90m[1mreimport[22m | 正在准备重新导入文件……[39m[0m
[  17% ] [90m[1mreimport[22m | 正在准备重新导入文件……[39m[0m
[  17% ] [90m[1mreimport[22m | 正在准备重新导入文件……[39m[0m
[  17% ] [90m[1mreimport[22m | 正在准备重新导入文件……[39m[0m
[  17% ] [90m[1mreimport[22m | 正在准备重新导入文件……[39m[0m
[  17% ] [90m[1mreimport[22m | 正在准备重新导入文件……[39m[0m
[  17% ] [90m[1mreimport[22m | 正在准备重新导入文件……[39m[0m
[  17% ] [90m[1mreimport[22m | 正在准备重新导入文件……[39m[0m
[  17% ] [90m[1mreimport[22m | 正在准备重新导入文件……[39m[0m
[  18% ] [90m[1mreimport[22m | 正在准备重新导入文件……[39m[0m
[  18% ] [90m[1mreimport[22m | 正在准备重新导入文件……[39m[0m
[  18% ] [90m[1mreimport[22m | 正在准备重新导入文件……[39m[0m
[  18% ] [90m[1mreimport[22m | 正在准备重新导入文件……[39m[0m
[  18% ] [90m[1mreimport[22m | 正在准备重新导入文件……[39m[0m
[  18% ] [90m[1mreimport[22m | 正在准备重新导入文件……[39m[0m
[  18% ] [90m[1mreimport[22m | 正在准备重新导入文件……[39m[0m
[  18% ] [90m[1mreimport[22m | 正在准备重新导入文件……[39m[0m
[  18% ] [90m[1mreimport[22m | 正在准备重新导入文件……[39m[0m
[  18% ] [90m[1mreimport[22m | 正在准备重新导入文件……[39m[0m
[  18% ] [90m[1mreimport[22m | 正在准备重新导入文件……[39m[0m
[  19% ] [90m[1mreimport[22m | 正在准备重新导入文件……[39m[0m
[  19% ] [90m[1mreimport[22m | 正在准备重新导入文件……[39m[0m
[  19% ] [90m[1mreimport[22m | 正在准备重新导入文件……[39m[0m
[  19% ] [90m[1mreimport[22m | 正在准备重新导入文件……[39m[0m
[  19% ] [90m[1mreimport[22m | 正在准备重新导入文件……[39m[0m
[  19% ] [90m[1mreimport[22m | 正在准备重新导入文件……[39m[0m
[  19% ] [90m[1mreimport[22m | 正在准备重新导入文件……[39m[0m
[  19% ] [90m[1mreimport[22m | 正在准备重新导入文件……[39m[0m
[  19% ] [90m[1mreimport[22m | 正在准备重新导入文件……[39m[0m
[  19% ] [90m[1mreimport[22m | 正在准备重新导入文件……[39m[0m
[  19% ] [90m[1mreimport[22m | 正在准备重新导入文件……[39m[0m
[  19% ] [90m[1mreimport[22m | 正在准备重新导入文件……[39m[0m
[  20% ] [90m[1mreimport[22m | 正在准备重新导入文件……[39m[0m
[  20% ] [90m[1mreimport[22m | 正在准备重新导入文件……[39m[0m
[  20% ] [90m[1mreimport[22m | 正在准备重新导入文件……[39m[0m
[  20% ] [90m[1mreimport[22m | 正在准备重新导入文件……[39m[0m
[  20% ] [90m[1mreimport[22m | 正在准备重新导入文件……[39m[0m
[  20% ] [90m[1mreimport[22m | 正在准备重新导入文件……[39m[0m
[  20% ] [90m[1mreimport[22m | 正在准备重新导入文件……[39m[0m
[  20% ] [90m[1mreimport[22m | 正在准备重新导入文件……[39m[0m
[  20% ] [90m[1mreimport[22m | 正在准备重新导入文件……[39m[0m
[  20% ] [90m[1mreimport[22m | 正在准备重新导入文件……[39m[0m
[  20% ] [90m[1mreimport[22m | 正在准备重新导入文件……[39m[0m
[  21% ] [90m[1mreimport[22m | 正在准备重新导入文件……[39m[0m
[  21% ] [90m[1mreimport[22m | 正在准备重新导入文件……[39m[0m
[  21% ] [90m[1mreimport[22m | 正在准备重新导入文件……[39m[0m
[  21% ] [90m[1mreimport[22m | 正在准备重新导入文件……[39m[0m
[  21% ] [90m[1mreimport[22m | 正在准备重新导入文件……[39m[0m
[  21% ] [90m[1mreimport[22m | 正在准备重新导入文件……[39m[0m
[  21% ] [90m[1mreimport[22m | 正在准备重新导入文件……[39m[0m
[  21% ] [90m[1mreimport[22m | 正在准备重新导入文件……[39m[0m
[  21% ] [90m[1mreimport[22m | 正在准备重新导入文件……[39m[0m
[  21% ] [90m[1mreimport[22m | 正在准备重新导入文件……[39m[0m
[  21% ] [90m[1mreimport[22m | 正在准备重新导入文件……[39m[0m
[  21% ] [90m[1mreimport[22m | 正在准备重新导入文件……[39m[0m
[  22% ] [90m[1mreimport[22m | 正在准备重新导入文件……[39m[0m
[  22% ] [90m[1mreimport[22m | 正在准备重新导入文件……[39m[0m
[  22% ] [90m[1mreimport[22m | 正在准备重新导入文件……[39m[0m
[  22% ] [90m[1mreimport[22m | 正在准备重新导入文件……[39m[0m
[  22% ] [90m[1mreimport[22m | 正在准备重新导入文件……[39m[0m
[  22% ] [90m[1mreimport[22m | 正在准备重新导入文件……[39m[0m
[  22% ] [90m[1mreimport[22m | 正在准备重新导入文件……[39m[0m
[  22% ] [90m[1mreimport[22m | 正在准备重新导入文件……[39m[0m
[  22% ] [90m[1mreimport[22m | 正在准备重新导入文件……[39m[0m
[  22% ] [90m[1mreimport[22m | 正在准备重新导入文件……[39m[0m
[  22% ] [90m[1mreimport[22m | 正在准备重新导入文件……[39m[0m
[  23% ] [90m[1mreimport[22m | 正在准备重新导入文件……[39m[0m
[  23% ] [90m[1mreimport[22m | 正在准备重新导入文件……[39m[0m
[  23% ] [90m[1mreimport[22m | 正在准备重新导入文件……[39m[0m
[  23% ] [90m[1mreimport[22m | 正在准备重新导入文件……[39m[0m
[  23% ] [90m[1mreimport[22m | 正在准备重新导入文件……[39m[0m
[  23% ] [90m[1mreimport[22m | 正在准备重新导入文件……[39m[0m
[  23% ] [90m[1mreimport[22m | 正在准备重新导入文件……[39m[0m
[  23% ] [90m[1mreimport[22m | 正在准备重新导入文件……[39m[0m
[  23% ] [90m[1mreimport[22m | 正在准备重新导入文件……[39m[0m
[  23% ] [90m[1mreimport[22m | 正在准备重新导入文件……[39m[0m
[  23% ] [90m[1mreimport[22m | 正在准备重新导入文件……[39m[0m
[  23% ] [90m[1mreimport[22m | 正在准备重新导入文件……[39m[0m
[  24% ] [90m[1mreimport[22m | 正在准备重新导入文件……[39m[0m
[  24% ] [90m[1mreimport[22m | 正在准备重新导入文件……[39m[0m
[  24% ] [90m[1mreimport[22m | 正在准备重新导入文件……[39m[0m
[  24% ] [90m[1mreimport[22m | 正在准备重新导入文件……[39m[0m
[  24% ] [90m[1mreimport[22m | 正在准备重新导入文件……[39m[0m
[  24% ] [90m[1mreimport[22m | 正在准备重新导入文件……[39m[0m
[  24% ] [90m[1mreimport[22m | 正在准备重新导入文件……[39m[0m
[  24% ] [90m[1mreimport[22m | 正在准备重新导入文件……[39m[0m
[  24% ] [90m[1mreimport[22m | 正在准备重新导入文件……[39m[0m
[  24% ] [90m[1mreimport[22m | 正在准备重新导入文件……[39m[0m
[  24% ] [90m[1mreimport[22m | 正在准备重新导入文件……[39m[0m
[  25% ] [90m[1mreimport[22m | 正在准备重新导入文件……[39m[0m
[  25% ] [90m[1mreimport[22m | 正在准备重新导入文件……[39m[0m
[  25% ] [90m[1mreimport[22m | 正在准备重新导入文件……[39m[0m
[  25% ] [90m[1mreimport[22m | 正在准备重新导入文件……[39m[0m
[  25% ] [90m[1mreimport[22m | 正在准备重新导入文件……[39m[0m
[  25% ] [90m[1mreimport[22m | 正在准备重新导入文件……[39m[0m
[  25% ] [90m[1mreimport[22m | 正在准备重新导入文件……[39m[0m
[  25% ] [90m[1mreimport[22m | 正在准备重新导入文件……[39m[0m
[  25% ] [90m[1mreimport[22m | 正在准备重新导入文件……[39m[0m
[  25% ] [90m[1mreimport[22m | 正在准备重新导入文件……[39m[0m
[  25% ] [90m[1mreimport[22m | 正在准备重新导入文件……[39m[0m
[  26% ] [90m[1mreimport[22m | 正在准备重新导入文件……[39m[0m
[  26% ] [90m[1mreimport[22m | 正在准备重新导入文件……[39m[0m
[  26% ] [90m[1mreimport[22m | 正在准备重新导入文件……[39m[0m
[  26% ] [90m[1mreimport[22m | 正在准备重新导入文件……[39m[0m
[  26% ] [90m[1mreimport[22m | 正在准备重新导入文件……[39m[0m
[  26% ] [90m[1mreimport[22m | 正在准备重新导入文件……[39m[0m
[  26% ] [90m[1mreimport[22m | 正在准备重新导入文件……[39m[0m
[  26% ] [90m[1mreimport[22m | 正在准备重新导入文件……[39m[0m
[  26% ] [90m[1mreimport[22m | 正在准备重新导入文件……[39m[0m
[  26% ] [90m[1mreimport[22m | 正在准备重新导入文件……[39m[0m
[  26% ] [90m[1mreimport[22m | 正在准备重新导入文件……[39m[0m
[  26% ] [90m[1mreimport[22m | 正在准备重新导入文件……[39m[0m
[  27% ] [90m[1mreimport[22m | 正在准备重新导入文件……[39m[0m
[  27% ] [90m[1mreimport[22m | 正在准备重新导入文件……[39m[0m
[  27% ] [90m[1mreimport[22m | 正在准备重新导入文件……[39m[0m
[  27% ] [90m[1mreimport[22m | 正在准备重新导入文件……[39m[0m
[  27% ] [90m[1mreimport[22m | 正在准备重新导入文件……[39m[0m
[  27% ] [90m[1mreimport[22m | 正在准备重新导入文件……[39m[0m
[  27% ] [90m[1mreimport[22m | 正在准备重新导入文件……[39m[0m
[  27% ] [90m[1mreimport[22m | 正在准备重新导入文件……[39m[0m
[  27% ] [90m[1mreimport[22m | 正在准备重新导入文件……[39m[0m
[  27% ] [90m[1mreimport[22m | 正在准备重新导入文件……[39m[0m
[  27% ] [90m[1mreimport[22m | 正在准备重新导入文件……[39m[0m
[  28% ] [90m[1mreimport[22m | 正在准备重新导入文件……[39m[0m
[  28% ] [90m[1mreimport[22m | 正在准备重新导入文件……[39m[0m
[  28% ] [90m[1mreimport[22m | 正在准备重新导入文件……[39m[0m
[  28% ] [90m[1mreimport[22m | 正在准备重新导入文件……[39m[0m
[  28% ] [90m[1mreimport[22m | 正在准备重新导入文件……[39m[0m
[  28% ] [90m[1mreimport[22m | 正在准备重新导入文件……[39m[0m
[  28% ] [90m[1mreimport[22m | 正在准备重新导入文件……[39m[0m
[  28% ] [90m[1mreimport[22m | 正在准备重新导入文件……[39m[0m
[  28% ] [90m[1mreimport[22m | 正在准备重新导入文件……[39m[0m
[  28% ] [90m[1mreimport[22m | 正在准备重新导入文件……[39m[0m
[  28% ] [90m[1mreimport[22m | 正在准备重新导入文件……[39m[0m
[  28% ] [90m[1mreimport[22m | 正在准备重新导入文件……[39m[0m
[  29% ] [90m[1mreimport[22m | 正在准备重新导入文件……[39m[0m
[  29% ] [90m[1mreimport[22m | 正在准备重新导入文件……[39m[0m
[  29% ] [90m[1mreimport[22m | 正在准备重新导入文件……[39m[0m
[  29% ] [90m[1mreimport[22m | 正在准备重新导入文件……[39m[0m
[  29% ] [90m[1mreimport[22m | 正在准备重新导入文件……[39m[0m
[  29% ] [90m[1mreimport[22m | 正在准备重新导入文件……[39m[0m
[  29% ] [90m[1mreimport[22m | 正在准备重新导入文件……[39m[0m
[  29% ] [90m[1mreimport[22m | 正在准备重新导入文件……[39m[0m
[  29% ] [90m[1mreimport[22m | 正在准备重新导入文件……[39m[0m
[  29% ] [90m[1mreimport[22m | 正在准备重新导入文件……[39m[0m
[  29% ] [90m[1mreimport[22m | 正在准备重新导入文件……[39m[0m
[  30% ] [90m[1mreimport[22m | 正在准备重新导入文件……[39m[0m
[  30% ] [90m[1mreimport[22m | 正在准备重新导入文件……[39m[0m
[  30% ] [90m[1mreimport[22m | 正在准备重新导入文件……[39m[0m
[  30% ] [90m[1mreimport[22m | 正在准备重新导入文件……[39m[0m
[  30% ] [90m[1mreimport[22m | 正在准备重新导入文件……[39m[0m
[  30% ] [90m[1mreimport[22m | 正在准备重新导入文件……[39m[0m
[  30% ] [90m[1mreimport[22m | 正在准备重新导入文件……[39m[0m
[  30% ] [90m[1mreimport[22m | 正在准备重新导入文件……[39m[0m
[  30% ] [90m[1mreimport[22m | 正在准备重新导入文件……[39m[0m
[  30% ] [90m[1mreimport[22m | 正在准备重新导入文件……[39m[0m
[  30% ] [90m[1mreimport[22m | 正在准备重新导入文件……[39m[0m
[  30% ] [90m[1mreimport[22m | 正在准备重新导入文件……[39m[0m
[  31% ] [90m[1mreimport[22m | 正在准备重新导入文件……[39m[0m
[  31% ] [90m[1mreimport[22m | 正在准备重新导入文件……[39m[0m
[  31% ] [90m[1mreimport[22m | 正在准备重新导入文件……[39m[0m
[  31% ] [90m[1mreimport[22m | 正在准备重新导入文件……[39m[0m
[  31% ] [90m[1mreimport[22m | 正在准备重新导入文件……[39m[0m
[  31% ] [90m[1mreimport[22m | 正在准备重新导入文件……[39m[0m
[  31% ] [90m[1mreimport[22m | 正在准备重新导入文件……[39m[0m
[  31% ] [90m[1mreimport[22m | 正在准备重新导入文件……[39m[0m
[  31% ] [90m[1mreimport[22m | 正在准备重新导入文件……[39m[0m
[  31% ] [90m[1mreimport[22m | 正在准备重新导入文件……[39m[0m
[  31% ] [90m[1mreimport[22m | 正在准备重新导入文件……[39m[0m
[  32% ] [90m[1mreimport[22m | 正在准备重新导入文件……[39m[0m
[  32% ] [90m[1mreimport[22m | 正在准备重新导入文件……[39m[0m
[  32% ] [90m[1mreimport[22m | 正在准备重新导入文件……[39m[0m
[  32% ] [90m[1mreimport[22m | 正在准备重新导入文件……[39m[0m
[  32% ] [90m[1mreimport[22m | 正在准备重新导入文件……[39m[0m
[  32% ] [90m[1mreimport[22m | 正在准备重新导入文件……[39m[0m
[  32% ] [90m[1mreimport[22m | 正在准备重新导入文件……[39m[0m
[  32% ] [90m[1mreimport[22m | 正在准备重新导入文件……[39m[0m
[  32% ] [90m[1mreimport[22m | 正在准备重新导入文件……[39m[0m
[  32% ] [90m[1mreimport[22m | 正在准备重新导入文件……[39m[0m
[  32% ] [90m[1mreimport[22m | 正在准备重新导入文件……[39m[0m
[  33% ] [90m[1mreimport[22m | 正在准备重新导入文件……[39m[0m
[  33% ] [90m[1mreimport[22m | 正在准备重新导入文件……[39m[0m
[  33% ] [90m[1mreimport[22m | 正在准备重新导入文件……[39m[0m
[  33% ] [90m[1mreimport[22m | 正在准备重新导入文件……[39m[0m
[  33% ] [90m[1mreimport[22m | 正在准备重新导入文件……[39m[0m
[  33% ] [90m[1mreimport[22m | 正在准备重新导入文件……[39m[0m
[  33% ] [90m[1mreimport[22m | 正在准备重新导入文件……[39m[0m
[  33% ] [90m[1mreimport[22m | 正在准备重新导入文件……[39m[0m
[  33% ] [90m[1mreimport[22m | 正在准备重新导入文件……[39m[0m
[  33% ] [90m[1mreimport[22m | 正在准备重新导入文件……[39m[0m
[  33% ] [90m[1mreimport[22m | 正在准备重新导入文件……[39m[0m
[  33% ] [90m[1mreimport[22m | 正在准备重新导入文件……[39m[0m
[  34% ] [90m[1mreimport[22m | 正在准备重新导入文件……[39m[0m
[  34% ] [90m[1mreimport[22m | 正在准备重新导入文件……[39m[0m
[  34% ] [90m[1mreimport[22m | 正在准备重新导入文件……[39m[0m
[  34% ] [90m[1mreimport[22m | 正在准备重新导入文件……[39m[0m
[  34% ] [90m[1mreimport[22m | 正在准备重新导入文件……[39m[0m
[  34% ] [90m[1mreimport[22m | 正在准备重新导入文件……[39m[0m
[  34% ] [90m[1mreimport[22m | 正在准备重新导入文件……[39m[0m
[  34% ] [90m[1mreimport[22m | 正在准备重新导入文件……[39m[0m
[  34% ] [90m[1mreimport[22m | 正在准备重新导入文件……[39m[0m
[  34% ] [90m[1mreimport[22m | 正在准备重新导入文件……[39m[0m
[  34% ] [90m[1mreimport[22m | 正在准备重新导入文件……[39m[0m
[  35% ] [90m[1mreimport[22m | 正在准备重新导入文件……[39m[0m
[  35% ] [90m[1mreimport[22m | 正在准备重新导入文件……[39m[0m
[  35% ] [90m[1mreimport[22m | 正在准备重新导入文件……[39m[0m
[  35% ] [90m[1mreimport[22m | 正在准备重新导入文件……[39m[0m
[  35% ] [90m[1mreimport[22m | 正在准备重新导入文件……[39m[0m
[  35% ] [90m[1mreimport[22m | 正在准备重新导入文件……[39m[0m
[  35% ] [90m[1mreimport[22m | 正在准备重新导入文件……[39m[0m
[  35% ] [90m[1mreimport[22m | 正在准备重新导入文件……[39m[0m
[  35% ] [90m[1mreimport[22m | 正在准备重新导入文件……[39m[0m
[  35% ] [90m[1mreimport[22m | 正在准备重新导入文件……[39m[0m
[  35% ] [90m[1mreimport[22m | 正在准备重新导入文件……[39m[0m
[  35% ] [90m[1mreimport[22m | 正在准备重新导入文件……[39m[0m
[  36% ] [90m[1mreimport[22m | 正在准备重新导入文件……[39m[0m
[  36% ] [90m[1mreimport[22m | 正在准备重新导入文件……[39m[0m
[  36% ] [90m[1mreimport[22m | 正在准备重新导入文件……[39m[0m
[  36% ] [90m[1mreimport[22m | 正在准备重新导入文件……[39m[0m
[  36% ] [90m[1mreimport[22m | 正在准备重新导入文件……[39m[0m
[  36% ] [90m[1mreimport[22m | 正在准备重新导入文件……[39m[0m
[  36% ] [90m[1mreimport[22m | 正在准备重新导入文件……[39m[0m
[  36% ] [90m[1mreimport[22m | 正在准备重新导入文件……[39m[0m
[  36% ] [90m[1mreimport[22m | 正在准备重新导入文件……[39m[0m
[  36% ] [90m[1mreimport[22m | 正在准备重新导入文件……[39m[0m
[  36% ] [90m[1mreimport[22m | 正在准备重新导入文件……[39m[0m
[  37% ] [90m[1mreimport[22m | 正在准备重新导入文件……[39m[0m
[  37% ] [90m[1mreimport[22m | 正在准备重新导入文件……[39m[0m
[  37% ] [90m[1mreimport[22m | 正在准备重新导入文件……[39m[0m
[  37% ] [90m[1mreimport[22m | 正在准备重新导入文件……[39m[0m
[  37% ] [90m[1mreimport[22m | 正在准备重新导入文件……[39m[0m
[  37% ] [90m[1mreimport[22m | 正在准备重新导入文件……[39m[0m
[  37% ] [90m[1mreimport[22m | 正在准备重新导入文件……[39m[0m
[  37% ] [90m[1mreimport[22m | 正在准备重新导入文件……[39m[0m
[  37% ] [90m[1mreimport[22m | 正在准备重新导入文件……[39m[0m
[  37% ] [90m[1mreimport[22m | 正在准备重新导入文件……[39m[0m
[  37% ] [90m[1mreimport[22m | 正在准备重新导入文件……[39m[0m
[  38% ] [90m[1mreimport[22m | 正在准备重新导入文件……[39m[0m
[  38% ] [90m[1mreimport[22m | 正在准备重新导入文件……[39m[0m
[  38% ] [90m[1mreimport[22m | 正在准备重新导入文件……[39m[0m
[  38% ] [90m[1mreimport[22m | 正在准备重新导入文件……[39m[0m
[  38% ] [90m[1mreimport[22m | 正在准备重新导入文件……[39m[0m
[  38% ] [90m[1mreimport[22m | 正在准备重新导入文件……[39m[0m
[  38% ] [90m[1mreimport[22m | 正在准备重新导入文件……[39m[0m
[  38% ] [90m[1mreimport[22m | 正在准备重新导入文件……[39m[0m
[  38% ] [90m[1mreimport[22m | 正在准备重新导入文件……[39m[0m
[  38% ] [90m[1mreimport[22m | 正在准备重新导入文件……[39m[0m
[  38% ] [90m[1mreimport[22m | 正在准备重新导入文件……[39m[0m
[  38% ] [90m[1mreimport[22m | 正在准备重新导入文件……[39m[0m
[  39% ] [90m[1mreimport[22m | 正在准备重新导入文件……[39m[0m
[  39% ] [90m[1mreimport[22m | 正在准备重新导入文件……[39m[0m
[  39% ] [90m[1mreimport[22m | 正在准备重新导入文件……[39m[0m
[  39% ] [90m[1mreimport[22m | 正在准备重新导入文件……[39m[0m
[  39% ] [90m[1mreimport[22m | 正在准备重新导入文件……[39m[0m
[  39% ] [90m[1mreimport[22m | 正在准备重新导入文件……[39m[0m
[  39% ] [90m[1mreimport[22m | 正在准备重新导入文件……[39m[0m
[  39% ] [90m[1mreimport[22m | 正在准备重新导入文件……[39m[0m
[  39% ] [90m[1mreimport[22m | 正在准备重新导入文件……[39m[0m
[  39% ] [90m[1mreimport[22m | 正在准备重新导入文件……[39m[0m
[  39% ] [90m[1mreimport[22m | 正在准备重新导入文件……[39m[0m
[  40% ] [90m[1mreimport[22m | 正在准备重新导入文件……[39m[0m
[  40% ] [90m[1mreimport[22m | 正在准备重新导入文件……[39m[0m
[  40% ] [90m[1mreimport[22m | 正在准备重新导入文件……[39m[0m
[  40% ] [90m[1mreimport[22m | 正在准备重新导入文件……[39m[0m
[  40% ] [90m[1mreimport[22m | 正在准备重新导入文件……[39m[0m
[  40% ] [90m[1mreimport[22m | 正在准备重新导入文件……[39m[0m
[  40% ] [90m[1mreimport[22m | 正在准备重新导入文件……[39m[0m
[  40% ] [90m[1mreimport[22m | 正在准备重新导入文件……[39m[0m
[  40% ] [90m[1mreimport[22m | 正在准备重新导入文件……[39m[0m
[  40% ] [90m[1mreimport[22m | 正在准备重新导入文件……[39m[0m
[  40% ] [90m[1mreimport[22m | 正在准备重新导入文件……[39m[0m
[  40% ] [90m[1mreimport[22m | 正在准备重新导入文件……[39m[0m
[  41% ] [90m[1mreimport[22m | 正在准备重新导入文件……[39m[0m
[  41% ] [90m[1mreimport[22m | 正在准备重新导入文件……[39m[0m
[  41% ] [90m[1mreimport[22m | 正在准备重新导入文件……[39m[0m
[  41% ] [90m[1mreimport[22m | 正在准备重新导入文件……[39m[0m
[  41% ] [90m[1mreimport[22m | 正在准备重新导入文件……[39m[0m
[  41% ] [90m[1mreimport[22m | 正在准备重新导入文件……[39m[0m
[  41% ] [90m[1mreimport[22m | 正在准备重新导入文件……[39m[0m
[  41% ] [90m[1mreimport[22m | 正在准备重新导入文件……[39m[0m
[  41% ] [90m[1mreimport[22m | 正在准备重新导入文件……[39m[0m
[  41% ] [90m[1mreimport[22m | 正在准备重新导入文件……[39m[0m
[  41% ] [90m[1mreimport[22m | 正在准备重新导入文件……[39m[0m
[  42% ] [90m[1mreimport[22m | 正在准备重新导入文件……[39m[0m
[  42% ] [90m[1mreimport[22m | 正在准备重新导入文件……[39m[0m
[  42% ] [90m[1mreimport[22m | 正在准备重新导入文件……[39m[0m
[  42% ] [90m[1mreimport[22m | 正在准备重新导入文件……[39m[0m
[  42% ] [90m[1mreimport[22m | 正在准备重新导入文件……[39m[0m
[  42% ] [90m[1mreimport[22m | 正在准备重新导入文件……[39m[0m
[  42% ] [90m[1mreimport[22m | 正在准备重新导入文件……[39m[0m
[  42% ] [90m[1mreimport[22m | 正在准备重新导入文件……[39m[0m
[  42% ] [90m[1mreimport[22m | 正在准备重新导入文件……[39m[0m
[  42% ] [90m[1mreimport[22m | 正在准备重新导入文件……[39m[0m
[  42% ] [90m[1mreimport[22m | 正在准备重新导入文件……[39m[0m
[  42% ] [90m[1mreimport[22m | 正在准备重新导入文件……[39m[0m
[  43% ] [90m[1mreimport[22m | 正在准备重新导入文件……[39m[0m
[  43% ] [90m[1mreimport[22m | 正在准备重新导入文件……[39m[0m
[  43% ] [90m[1mreimport[22m | 正在准备重新导入文件……[39m[0m
[  43% ] [90m[1mreimport[22m | 正在准备重新导入文件……[39m[0m
[  43% ] [90m[1mreimport[22m | 正在准备重新导入文件……[39m[0m
[  43% ] [90m[1mreimport[22m | 正在准备重新导入文件……[39m[0m
[  43% ] [90m[1mreimport[22m | 正在准备重新导入文件……[39m[0m
[  43% ] [90m[1mreimport[22m | 正在准备重新导入文件……[39m[0m
[  43% ] [90m[1mreimport[22m | 正在准备重新导入文件……[39m[0m
[  43% ] [90m[1mreimport[22m | 正在准备重新导入文件……[39m[0m
[  43% ] [90m[1mreimport[22m | 正在准备重新导入文件……[39m[0m
[  44% ] [90m[1mreimport[22m | 正在准备重新导入文件……[39m[0m
[  44% ] [90m[1mreimport[22m | 正在准备重新导入文件……[39m[0m
[  44% ] [90m[1mreimport[22m | 正在准备重新导入文件……[39m[0m
[  44% ] [90m[1mreimport[22m | 正在准备重新导入文件……[39m[0m
[  44% ] [90m[1mreimport[22m | 正在准备重新导入文件……[39m[0m
[  44% ] [90m[1mreimport[22m | 正在准备重新导入文件……[39m[0m
[  44% ] [90m[1mreimport[22m | 正在准备重新导入文件……[39m[0m
[  44% ] [90m[1mreimport[22m | 正在准备重新导入文件……[39m[0m
[  44% ] [90m[1mreimport[22m | 正在准备重新导入文件……[39m[0m
[  44% ] [90m[1mreimport[22m | 正在准备重新导入文件……[39m[0m
[  44% ] [90m[1mreimport[22m | 正在准备重新导入文件……[39m[0m
[  45% ] [90m[1mreimport[22m | 正在准备重新导入文件……[39m[0m
[  45% ] [90m[1mreimport[22m | 正在准备重新导入文件……[39m[0m
[  45% ] [90m[1mreimport[22m | 正在准备重新导入文件……[39m[0m
[  45% ] [90m[1mreimport[22m | 正在准备重新导入文件……[39m[0m
[  45% ] [90m[1mreimport[22m | 正在准备重新导入文件……[39m[0m
[  45% ] [90m[1mreimport[22m | 正在准备重新导入文件……[39m[0m
[  45% ] [90m[1mreimport[22m | 正在准备重新导入文件……[39m[0m
[  45% ] [90m[1mreimport[22m | 正在准备重新导入文件……[39m[0m
[  45% ] [90m[1mreimport[22m | 正在准备重新导入文件……[39m[0m
[  45% ] [90m[1mreimport[22m | 正在准备重新导入文件……[39m[0m
[  45% ] [90m[1mreimport[22m | 正在准备重新导入文件……[39m[0m
[  45% ] [90m[1mreimport[22m | 正在准备重新导入文件……[39m[0m
[  46% ] [90m[1mreimport[22m | 正在准备重新导入文件……[39m[0m
[  46% ] [90m[1mreimport[22m | 正在准备重新导入文件……[39m[0m
[  46% ] [90m[1mreimport[22m | 正在准备重新导入文件……[39m[0m
[  46% ] [90m[1mreimport[22m | 正在准备重新导入文件……[39m[0m
[  46% ] [90m[1mreimport[22m | 正在准备重新导入文件……[39m[0m
[  46% ] [90m[1mreimport[22m | 正在准备重新导入文件……[39m[0m
[  46% ] [90m[1mreimport[22m | 正在准备重新导入文件……[39m[0m
[  46% ] [90m[1mreimport[22m | 正在准备重新导入文件……[39m[0m
[  46% ] [90m[1mreimport[22m | 正在准备重新导入文件……[39m[0m
[  46% ] [90m[1mreimport[22m | 正在准备重新导入文件……[39m[0m
[  46% ] [90m[1mreimport[22m | 正在准备重新导入文件……[39m[0m
[  47% ] [90m[1mreimport[22m | 正在准备重新导入文件……[39m[0m
[  47% ] [90m[1mreimport[22m | 正在准备重新导入文件……[39m[0m
[  47% ] [90m[1mreimport[22m | 正在准备重新导入文件……[39m[0m
[  47% ] [90m[1mreimport[22m | 正在准备重新导入文件……[39m[0m
[  47% ] [90m[1mreimport[22m | 正在准备重新导入文件……[39m[0m
[  47% ] [90m[1mreimport[22m | 正在准备重新导入文件……[39m[0m
[  47% ] [90m[1mreimport[22m | 正在准备重新导入文件……[39m[0m
[  47% ] [90m[1mreimport[22m | 正在准备重新导入文件……[39m[0m
[  47% ] [90m[1mreimport[22m | 正在准备重新导入文件……[39m[0m
[  47% ] [90m[1mreimport[22m | 正在准备重新导入文件……[39m[0m
[  47% ] [90m[1mreimport[22m | 正在准备重新导入文件……[39m[0m
[  47% ] [90m[1mreimport[22m | 正在准备重新导入文件……[39m[0m
[  48% ] [90m[1mreimport[22m | 正在准备重新导入文件……[39m[0m
[  48% ] [90m[1mreimport[22m | 正在准备重新导入文件……[39m[0m
[  48% ] [90m[1mreimport[22m | 正在准备重新导入文件……[39m[0m
[  48% ] [90m[1mreimport[22m | 正在准备重新导入文件……[39m[0m
[  48% ] [90m[1mreimport[22m | 正在准备重新导入文件……[39m[0m
[  48% ] [90m[1mreimport[22m | 正在准备重新导入文件……[39m[0m
[  48% ] [90m[1mreimport[22m | 正在准备重新导入文件……[39m[0m
[  48% ] [90m[1mreimport[22m | 正在准备重新导入文件……[39m[0m
[  48% ] [90m[1mreimport[22m | 正在准备重新导入文件……[39m[0m
[  48% ] [90m[1mreimport[22m | 正在准备重新导入文件……[39m[0m
[  48% ] [90m[1mreimport[22m | 正在准备重新导入文件……[39m[0m
[  49% ] [90m[1mreimport[22m | 正在准备重新导入文件……[39m[0m
[  49% ] [90m[1mreimport[22m | 正在准备重新导入文件……[39m[0m
[  49% ] [90m[1mreimport[22m | 正在准备重新导入文件……[39m[0m
[  49% ] [90m[1mreimport[22m | 正在准备重新导入文件……[39m[0m
[  49% ] [90m[1mreimport[22m | 正在准备重新导入文件……[39m[0m
[  49% ] [90m[1mreimport[22m | 正在准备重新导入文件……[39m[0m
[  49% ] [90m[1mreimport[22m | 正在准备重新导入文件……[39m[0m
[  49% ] [90m[1mreimport[22m | 正在准备重新导入文件……[39m[0m
[  49% ] [90m[1mreimport[22m | 正在准备重新导入文件……[39m[0m
[  49% ] [90m[1mreimport[22m | 正在准备重新导入文件……[39m[0m
[  49% ] [90m[1mreimport[22m | 正在准备重新导入文件……[39m[0m
[  50% ] [90m[1mreimport[22m | 正在准备重新导入文件……[39m[0m
[  50% ] [90m[1mreimport[22m | 正在准备重新导入文件……[39m[0m
[  50% ] [90m[1mreimport[22m | 正在准备重新导入文件……[39m[0m
[  50% ] [90m[1mreimport[22m | 正在准备重新导入文件……[39m[0m
[  50% ] [90m[1mreimport[22m | 正在准备重新导入文件……[39m[0m
[  50% ] [90m[1mreimport[22m | 正在准备重新导入文件……[39m[0m
[  50% ] [90m[1mreimport[22m | 正在准备重新导入文件……[39m[0m
[  50% ] [90m[1mreimport[22m | 正在准备重新导入文件……[39m[0m
[  50% ] [90m[1mreimport[22m | 正在准备重新导入文件……[39m[0m
[  50% ] [90m[1mreimport[22m | 正在准备重新导入文件……[39m[0m
[  50% ] [90m[1mreimport[22m | 正在准备重新导入文件……[39m[0m
[  50% ] [90m[1mreimport[22m | 正在准备重新导入文件……[39m[0m
[  51% ] [90m[1mreimport[22m | 正在准备重新导入文件……[39m[0m
[  51% ] [90m[1mreimport[22m | 正在准备重新导入文件……[39m[0m
[  51% ] [90m[1mreimport[22m | 正在准备重新导入文件……[39m[0m
[  51% ] [90m[1mreimport[22m | 正在准备重新导入文件……[39m[0m
[  51% ] [90m[1mreimport[22m | 正在准备重新导入文件……[39m[0m
[  51% ] [90m[1mreimport[22m | 正在准备重新导入文件……[39m[0m
[  51% ] [90m[1mreimport[22m | 正在准备重新导入文件……[39m[0m
[  51% ] [90m[1mreimport[22m | 正在准备重新导入文件……[39m[0m
[  51% ] [90m[1mreimport[22m | 正在准备重新导入文件……[39m[0m
[  51% ] [90m[1mreimport[22m | 正在准备重新导入文件……[39m[0m
[  51% ] [90m[1mreimport[22m | 正在准备重新导入文件……[39m[0m
[  52% ] [90m[1mreimport[22m | 正在准备重新导入文件……[39m[0m
[  52% ] [90m[1mreimport[22m | 正在准备重新导入文件……[39m[0m
[  52% ] [90m[1mreimport[22m | 正在准备重新导入文件……[39m[0m
[  52% ] [90m[1mreimport[22m | 正在准备重新导入文件……[39m[0m
[  52% ] [90m[1mreimport[22m | 正在准备重新导入文件……[39m[0m
[  52% ] [90m[1mreimport[22m | 正在准备重新导入文件……[39m[0m
[  52% ] [90m[1mreimport[22m | 正在准备重新导入文件……[39m[0m
[  52% ] [90m[1mreimport[22m | 正在准备重新导入文件……[39m[0m
[  52% ] [90m[1mreimport[22m | 正在准备重新导入文件……[39m[0m
[  52% ] [90m[1mreimport[22m | 正在准备重新导入文件……[39m[0m
[  52% ] [90m[1mreimport[22m | 正在准备重新导入文件……[39m[0m
[  52% ] [90m[1mreimport[22m | 正在准备重新导入文件……[39m[0m
[  53% ] [90m[1mreimport[22m | 正在准备重新导入文件……[39m[0m
[  53% ] [90m[1mreimport[22m | 正在准备重新导入文件……[39m[0m
[  53% ] [90m[1mreimport[22m | 正在准备重新导入文件……[39m[0m
[  53% ] [90m[1mreimport[22m | 正在准备重新导入文件……[39m[0m
[  53% ] [90m[1mreimport[22m | 正在准备重新导入文件……[39m[0m
[  53% ] [90m[1mreimport[22m | 正在准备重新导入文件……[39m[0m
[  53% ] [90m[1mreimport[22m | 正在准备重新导入文件……[39m[0m
[  53% ] [90m[1mreimport[22m | 正在准备重新导入文件……[39m[0m
[  53% ] [90m[1mreimport[22m | 正在准备重新导入文件……[39m[0m
[  53% ] [90m[1mreimport[22m | 正在准备重新导入文件……[39m[0m
[  53% ] [90m[1mreimport[22m | 正在准备重新导入文件……[39m[0m
[  54% ] [90m[1mreimport[22m | 正在准备重新导入文件……[39m[0m
[  54% ] [90m[1mreimport[22m | 正在准备重新导入文件……[39m[0m
[  54% ] [90m[1mreimport[22m | 正在准备重新导入文件……[39m[0m
[  54% ] [90m[1mreimport[22m | 正在准备重新导入文件……[39m[0m
[  54% ] [90m[1mreimport[22m | 正在准备重新导入文件……[39m[0m
[  54% ] [90m[1mreimport[22m | 正在准备重新导入文件……[39m[0m
[  54% ] [90m[1mreimport[22m | 正在准备重新导入文件……[39m[0m
[  54% ] [90m[1mreimport[22m | 正在准备重新导入文件……[39m[0m
[  54% ] [90m[1mreimport[22m | 正在准备重新导入文件……[39m[0m
[  54% ] [90m[1mreimport[22m | 正在准备重新导入文件……[39m[0m
[  54% ] [90m[1mreimport[22m | 正在准备重新导入文件……[39m[0m
[  54% ] [90m[1mreimport[22m | 正在准备重新导入文件……[39m[0m
[  55% ] [90m[1mreimport[22m | 正在准备重新导入文件……[39m[0m
[  55% ] [90m[1mreimport[22m | 正在准备重新导入文件……[39m[0m
[  55% ] [90m[1mreimport[22m | 正在准备重新导入文件……[39m[0m
[  55% ] [90m[1mreimport[22m | 正在准备重新导入文件……[39m[0m
[  55% ] [90m[1mreimport[22m | 正在准备重新导入文件……[39m[0m
[  55% ] [90m[1mreimport[22m | 正在准备重新导入文件……[39m[0m
[  55% ] [90m[1mreimport[22m | 正在准备重新导入文件……[39m[0m
[  55% ] [90m[1mreimport[22m | 正在准备重新导入文件……[39m[0m
[  55% ] [90m[1mreimport[22m | 正在准备重新导入文件……[39m[0m
[  55% ] [90m[1mreimport[22m | 正在准备重新导入文件……[39m[0m
[  55% ] [90m[1mreimport[22m | 正在准备重新导入文件……[39m[0m
[  56% ] [90m[1mreimport[22m | 正在准备重新导入文件……[39m[0m
[  56% ] [90m[1mreimport[22m | 正在准备重新导入文件……[39m[0m
[  56% ] [90m[1mreimport[22m | 正在准备重新导入文件……[39m[0m
[  56% ] [90m[1mreimport[22m | 正在准备重新导入文件……[39m[0m
[  56% ] [90m[1mreimport[22m | 正在准备重新导入文件……[39m[0m
[  56% ] [90m[1mreimport[22m | 正在准备重新导入文件……[39m[0m
[  56% ] [90m[1mreimport[22m | 正在准备重新导入文件……[39m[0m
[  56% ] [90m[1mreimport[22m | 正在准备重新导入文件……[39m[0m
[  56% ] [90m[1mreimport[22m | 正在准备重新导入文件……[39m[0m
[  56% ] [90m[1mreimport[22m | 正在准备重新导入文件……[39m[0m
[  56% ] [90m[1mreimport[22m | 正在准备重新导入文件……[39m[0m
[  57% ] [90m[1mreimport[22m | 正在准备重新导入文件……[39m[0m
[  57% ] [90m[1mreimport[22m | 正在准备重新导入文件……[39m[0m
[  57% ] [90m[1mreimport[22m | 正在准备重新导入文件……[39m[0m
[  57% ] [90m[1mreimport[22m | 正在准备重新导入文件……[39m[0m
[  57% ] [90m[1mreimport[22m | 正在准备重新导入文件……[39m[0m
[  57% ] [90m[1mreimport[22m | 正在准备重新导入文件……[39m[0m
[  57% ] [90m[1mreimport[22m | 正在准备重新导入文件……[39m[0m
[  57% ] [90m[1mreimport[22m | 正在准备重新导入文件……[39m[0m
[  57% ] [90m[1mreimport[22m | 正在准备重新导入文件……[39m[0m
[  57% ] [90m[1mreimport[22m | 正在准备重新导入文件……[39m[0m
[  57% ] [90m[1mreimport[22m | 正在准备重新导入文件……[39m[0m
[  57% ] [90m[1mreimport[22m | 正在准备重新导入文件……[39m[0m
[  58% ] [90m[1mreimport[22m | 正在准备重新导入文件……[39m[0m
[  58% ] [90m[1mreimport[22m | 正在准备重新导入文件……[39m[0m
[  58% ] [90m[1mreimport[22m | 正在准备重新导入文件……[39m[0m
[  58% ] [90m[1mreimport[22m | 正在准备重新导入文件……[39m[0m
[  58% ] [90m[1mreimport[22m | 正在准备重新导入文件……[39m[0m
[  58% ] [90m[1mreimport[22m | 正在准备重新导入文件……[39m[0m
[  58% ] [90m[1mreimport[22m | 正在准备重新导入文件……[39m[0m
[  58% ] [90m[1mreimport[22m | 正在准备重新导入文件……[39m[0m
[  58% ] [90m[1mreimport[22m | 正在准备重新导入文件……[39m[0m
[  58% ] [90m[1mreimport[22m | 正在准备重新导入文件……[39m[0m
[  58% ] [90m[1mreimport[22m | 正在准备重新导入文件……[39m[0m
[  59% ] [90m[1mreimport[22m | 正在准备重新导入文件……[39m[0m
[  59% ] [90m[1mreimport[22m | 正在准备重新导入文件……[39m[0m
[  59% ] [90m[1mreimport[22m | 正在准备重新导入文件……[39m[0m
[  59% ] [90m[1mreimport[22m | 正在准备重新导入文件……[39m[0m
[  59% ] [90m[1mreimport[22m | 正在准备重新导入文件……[39m[0m
[  59% ] [90m[1mreimport[22m | 正在准备重新导入文件……[39m[0m
[  59% ] [90m[1mreimport[22m | 正在准备重新导入文件……[39m[0m
[  59% ] [90m[1mreimport[22m | 正在准备重新导入文件……[39m[0m
[  59% ] [90m[1mreimport[22m | 正在准备重新导入文件……[39m[0m
[  59% ] [90m[1mreimport[22m | 正在准备重新导入文件……[39m[0m
[  59% ] [90m[1mreimport[22m | 正在准备重新导入文件……[39m[0m
[  59% ] [90m[1mreimport[22m | 正在准备重新导入文件……[39m[0m
[  60% ] [90m[1mreimport[22m | 正在准备重新导入文件……[39m[0m
[  60% ] [90m[1mreimport[22m | 正在准备重新导入文件……[39m[0m
[  60% ] [90m[1mreimport[22m | 正在准备重新导入文件……[39m[0m
[  60% ] [90m[1mreimport[22m | 正在准备重新导入文件……[39m[0m
[  60% ] [90m[1mreimport[22m | 正在准备重新导入文件……[39m[0m
[  60% ] [90m[1mreimport[22m | 正在准备重新导入文件……[39m[0m
[  60% ] [90m[1mreimport[22m | 正在准备重新导入文件……[39m[0m
[  60% ] [90m[1mreimport[22m | 正在准备重新导入文件……[39m[0m
[  60% ] [90m[1mreimport[22m | 正在准备重新导入文件……[39m[0m
[  60% ] [90m[1mreimport[22m | 正在准备重新导入文件……[39m[0m
[  60% ] [90m[1mreimport[22m | 正在准备重新导入文件……[39m[0m
[  61% ] [90m[1mreimport[22m | 正在准备重新导入文件……[39m[0m
[  61% ] [90m[1mreimport[22m | 正在准备重新导入文件……[39m[0m
[  61% ] [90m[1mreimport[22m | 正在准备重新导入文件……[39m[0m
[  61% ] [90m[1mreimport[22m | 正在准备重新导入文件……[39m[0m
[  61% ] [90m[1mreimport[22m | 正在准备重新导入文件……[39m[0m
[  61% ] [90m[1mreimport[22m | 正在准备重新导入文件……[39m[0m
[  61% ] [90m[1mreimport[22m | 正在准备重新导入文件……[39m[0m
[  61% ] [90m[1mreimport[22m | 正在准备重新导入文件……[39m[0m
[  61% ] [90m[1mreimport[22m | 正在准备重新导入文件……[39m[0m
[  61% ] [90m[1mreimport[22m | 正在准备重新导入文件……[39m[0m
[  61% ] [90m[1mreimport[22m | 正在准备重新导入文件……[39m[0m
[  61% ] [90m[1mreimport[22m | 正在准备重新导入文件……[39m[0m
[  62% ] [90m[1mreimport[22m | 正在准备重新导入文件……[39m[0m
[  62% ] [90m[1mreimport[22m | 正在准备重新导入文件……[39m[0m
[  62% ] [90m[1mreimport[22m | 正在准备重新导入文件……[39m[0m
[  62% ] [90m[1mreimport[22m | 正在准备重新导入文件……[39m[0m
[  62% ] [90m[1mreimport[22m | 正在准备重新导入文件……[39m[0m
[  62% ] [90m[1mreimport[22m | 正在准备重新导入文件……[39m[0m
[  62% ] [90m[1mreimport[22m | 正在准备重新导入文件……[39m[0m
[  62% ] [90m[1mreimport[22m | 正在准备重新导入文件……[39m[0m
[  62% ] [90m[1mreimport[22m | 正在准备重新导入文件……[39m[0m
[  62% ] [90m[1mreimport[22m | 正在准备重新导入文件……[39m[0m
[  62% ] [90m[1mreimport[22m | 正在准备重新导入文件……[39m[0m
[  63% ] [90m[1mreimport[22m | 正在准备重新导入文件……[39m[0m
[  63% ] [90m[1mreimport[22m | 正在准备重新导入文件……[39m[0m
[  63% ] [90m[1mreimport[22m | 正在准备重新导入文件……[39m[0m
[  63% ] [90m[1mreimport[22m | 正在准备重新导入文件……[39m[0m
[  63% ] [90m[1mreimport[22m | 正在准备重新导入文件……[39m[0m
[  63% ] [90m[1mreimport[22m | 正在准备重新导入文件……[39m[0m
[  63% ] [90m[1mreimport[22m | 正在准备重新导入文件……[39m[0m
[  63% ] [90m[1mreimport[22m | 正在准备重新导入文件……[39m[0m
[  63% ] [90m[1mreimport[22m | 正在准备重新导入文件……[39m[0m
[  63% ] [90m[1mreimport[22m | 正在准备重新导入文件……[39m[0m
[  63% ] [90m[1mreimport[22m | 正在准备重新导入文件……[39m[0m
[  64% ] [90m[1mreimport[22m | 正在准备重新导入文件……[39m[0m
[  64% ] [90m[1mreimport[22m | 正在准备重新导入文件……[39m[0m
[  64% ] [90m[1mreimport[22m | 正在准备重新导入文件……[39m[0m
[  64% ] [90m[1mreimport[22m | 正在准备重新导入文件……[39m[0m
[  64% ] [90m[1mreimport[22m | 正在准备重新导入文件……[39m[0m
[  64% ] [90m[1mreimport[22m | 正在准备重新导入文件……[39m[0m
[  64% ] [90m[1mreimport[22m | 正在准备重新导入文件……[39m[0m
[  64% ] [90m[1mreimport[22m | 正在准备重新导入文件……[39m[0m
[  64% ] [90m[1mreimport[22m | 正在准备重新导入文件……[39m[0m
[  64% ] [90m[1mreimport[22m | 正在准备重新导入文件……[39m[0m
[  64% ] [90m[1mreimport[22m | 正在准备重新导入文件……[39m[0m
[  64% ] [90m[1mreimport[22m | 正在准备重新导入文件……[39m[0m
[  65% ] [90m[1mreimport[22m | 正在准备重新导入文件……[39m[0m
[  65% ] [90m[1mreimport[22m | 正在准备重新导入文件……[39m[0m
[  65% ] [90m[1mreimport[22m | 正在准备重新导入文件……[39m[0m
[  65% ] [90m[1mreimport[22m | 正在准备重新导入文件……[39m[0m
[  65% ] [90m[1mreimport[22m | 正在准备重新导入文件……[39m[0m
[  65% ] [90m[1mreimport[22m | 正在准备重新导入文件……[39m[0m
[  65% ] [90m[1mreimport[22m | 正在准备重新导入文件……[39m[0m
[  65% ] [90m[1mreimport[22m | 正在准备重新导入文件……[39m[0m
[  65% ] [90m[1mreimport[22m | 正在准备重新导入文件……[39m[0m
[  65% ] [90m[1mreimport[22m | 正在准备重新导入文件……[39m[0m
[  65% ] [90m[1mreimport[22m | 正在准备重新导入文件……[39m[0m
[  66% ] [90m[1mreimport[22m | 正在准备重新导入文件……[39m[0m
[  66% ] [90m[1mreimport[22m | 正在准备重新导入文件……[39m[0m
[  66% ] [90m[1mreimport[22m | 正在准备重新导入文件……[39m[0m
[  66% ] [90m[1mreimport[22m | 正在准备重新导入文件……[39m[0m
[  66% ] [90m[1mreimport[22m | 正在准备重新导入文件……[39m[0m
[  66% ] [90m[1mreimport[22m | 正在准备重新导入文件……[39m[0m
[  66% ] [90m[1mreimport[22m | 正在准备重新导入文件……[39m[0m
[  66% ] [90m[1mreimport[22m | 正在准备重新导入文件……[39m[0m
[  66% ] [90m[1mreimport[22m | 正在准备重新导入文件……[39m[0m
[  66% ] [90m[1mreimport[22m | 正在准备重新导入文件……[39m[0m
[  66% ] [90m[1mreimport[22m | 正在准备重新导入文件……[39m[0m
[  66% ] [90m[1mreimport[22m | 正在准备重新导入文件……[39m[0m
[  67% ] [90m[1mreimport[22m | 正在准备重新导入文件……[39m[0m
[  67% ] [90m[1mreimport[22m | 正在准备重新导入文件……[39m[0m
[  67% ] [90m[1mreimport[22m | 正在准备重新导入文件……[39m[0m
[  67% ] [90m[1mreimport[22m | 正在准备重新导入文件……[39m[0m
[  67% ] [90m[1mreimport[22m | 正在准备重新导入文件……[39m[0m
[  67% ] [90m[1mreimport[22m | 正在准备重新导入文件……[39m[0m
[  67% ] [90m[1mreimport[22m | 正在准备重新导入文件……[39m[0m
[  67% ] [90m[1mreimport[22m | 正在准备重新导入文件……[39m[0m
[  67% ] [90m[1mreimport[22m | 正在准备重新导入文件……[39m[0m
[  67% ] [90m[1mreimport[22m | 正在准备重新导入文件……[39m[0m
[  67% ] [90m[1mreimport[22m | 正在准备重新导入文件……[39m[0m
[  68% ] [90m[1mreimport[22m | 正在准备重新导入文件……[39m[0m
[  68% ] [90m[1mreimport[22m | 正在准备重新导入文件……[39m[0m
[  68% ] [90m[1mreimport[22m | 正在准备重新导入文件……[39m[0m
[  68% ] [90m[1mreimport[22m | 正在准备重新导入文件……[39m[0m
[  68% ] [90m[1mreimport[22m | 正在准备重新导入文件……[39m[0m
[  68% ] [90m[1mreimport[22m | 正在准备重新导入文件……[39m[0m
[  68% ] [90m[1mreimport[22m | 正在准备重新导入文件……[39m[0m
[  68% ] [90m[1mreimport[22m | 正在准备重新导入文件……[39m[0m
[  68% ] [90m[1mreimport[22m | 正在准备重新导入文件……[39m[0m
[  68% ] [90m[1mreimport[22m | 正在准备重新导入文件……[39m[0m
[  68% ] [90m[1mreimport[22m | 正在准备重新导入文件……[39m[0m
[  69% ] [90m[1mreimport[22m | 正在准备重新导入文件……[39m[0m
[  69% ] [90m[1mreimport[22m | 正在准备重新导入文件……[39m[0m
[  69% ] [90m[1mreimport[22m | 正在准备重新导入文件……[39m[0m
[  69% ] [90m[1mreimport[22m | 正在准备重新导入文件……[39m[0m
[  69% ] [90m[1mreimport[22m | 正在准备重新导入文件……[39m[0m
[  69% ] [90m[1mreimport[22m | 正在准备重新导入文件……[39m[0m
[  69% ] [90m[1mreimport[22m | 正在准备重新导入文件……[39m[0m
[  69% ] [90m[1mreimport[22m | 正在准备重新导入文件……[39m[0m
[  69% ] [90m[1mreimport[22m | 正在准备重新导入文件……[39m[0m
[  69% ] [90m[1mreimport[22m | 正在准备重新导入文件……[39m[0m
[  69% ] [90m[1mreimport[22m | 正在准备重新导入文件……[39m[0m
[  69% ] [90m[1mreimport[22m | 正在准备重新导入文件……[39m[0m
[  70% ] [90m[1mreimport[22m | 正在准备重新导入文件……[39m[0m
[  70% ] [90m[1mreimport[22m | 正在准备重新导入文件……[39m[0m
[  70% ] [90m[1mreimport[22m | 正在准备重新导入文件……[39m[0m
[  70% ] [90m[1mreimport[22m | 正在准备重新导入文件……[39m[0m
[  70% ] [90m[1mreimport[22m | 正在准备重新导入文件……[39m[0m
[  70% ] [90m[1mreimport[22m | 正在准备重新导入文件……[39m[0m
[  70% ] [90m[1mreimport[22m | 正在准备重新导入文件……[39m[0m
[  70% ] [90m[1mreimport[22m | 正在准备重新导入文件……[39m[0m
[  70% ] [90m[1mreimport[22m | 正在准备重新导入文件……[39m[0m
[  70% ] [90m[1mreimport[22m | 正在准备重新导入文件……[39m[0m
[  70% ] [90m[1mreimport[22m | 正在准备重新导入文件……[39m[0m
[  71% ] [90m[1mreimport[22m | 正在准备重新导入文件……[39m[0m
[  71% ] [90m[1mreimport[22m | 正在准备重新导入文件……[39m[0m
[  71% ] [90m[1mreimport[22m | 正在准备重新导入文件……[39m[0m
[  71% ] [90m[1mreimport[22m | 正在准备重新导入文件……[39m[0m
[  71% ] [90m[1mreimport[22m | 正在准备重新导入文件……[39m[0m
[  71% ] [90m[1mreimport[22m | 正在准备重新导入文件……[39m[0m
[  71% ] [90m[1mreimport[22m | 正在准备重新导入文件……[39m[0m
[  71% ] [90m[1mreimport[22m | 正在准备重新导入文件……[39m[0m
[  71% ] [90m[1mreimport[22m | 正在准备重新导入文件……[39m[0m
[  71% ] [90m[1mreimport[22m | 正在准备重新导入文件……[39m[0m
[  71% ] [90m[1mreimport[22m | 正在准备重新导入文件……[39m[0m
[  71% ] [90m[1mreimport[22m | 正在准备重新导入文件……[39m[0m
[  72% ] [90m[1mreimport[22m | 正在准备重新导入文件……[39m[0m
[  72% ] [90m[1mreimport[22m | 正在准备重新导入文件……[39m[0m
[  72% ] [90m[1mreimport[22m | 正在准备重新导入文件……[39m[0m
[  72% ] [90m[1mreimport[22m | 正在准备重新导入文件……[39m[0m
[  72% ] [90m[1mreimport[22m | 正在准备重新导入文件……[39m[0m
[  72% ] [90m[1mreimport[22m | 正在准备重新导入文件……[39m[0m
[  72% ] [90m[1mreimport[22m | 正在准备重新导入文件……[39m[0m
[  72% ] [90m[1mreimport[22m | 正在准备重新导入文件……[39m[0m
[  72% ] [90m[1mreimport[22m | 正在准备重新导入文件……[39m[0m
[  72% ] [90m[1mreimport[22m | 正在准备重新导入文件……[39m[0m
[  72% ] [90m[1mreimport[22m | 正在准备重新导入文件……[39m[0m
[  73% ] [90m[1mreimport[22m | 正在准备重新导入文件……[39m[0m
[  73% ] [90m[1mreimport[22m | 正在准备重新导入文件……[39m[0m
[  73% ] [90m[1mreimport[22m | 正在准备重新导入文件……[39m[0m
[  73% ] [90m[1mreimport[22m | 正在准备重新导入文件……[39m[0m
[  73% ] [90m[1mreimport[22m | 正在准备重新导入文件……[39m[0m
[  73% ] [90m[1mreimport[22m | 正在准备重新导入文件……[39m[0m
[  73% ] [90m[1mreimport[22m | 正在准备重新导入文件……[39m[0m
[  73% ] [90m[1mreimport[22m | 正在准备重新导入文件……[39m[0m
[  73% ] [90m[1mreimport[22m | 正在准备重新导入文件……[39m[0m
[  73% ] [90m[1mreimport[22m | 正在准备重新导入文件……[39m[0m
[  73% ] [90m[1mreimport[22m | 正在准备重新导入文件……[39m[0m
[  73% ] [90m[1mreimport[22m | 正在准备重新导入文件……[39m[0m
[  74% ] [90m[1mreimport[22m | 正在准备重新导入文件……[39m[0m
[  74% ] [90m[1mreimport[22m | 正在准备重新导入文件……[39m[0m
[  74% ] [90m[1mreimport[22m | 正在准备重新导入文件……[39m[0m
[  74% ] [90m[1mreimport[22m | 正在准备重新导入文件……[39m[0m
[  74% ] [90m[1mreimport[22m | 正在准备重新导入文件……[39m[0m
[  74% ] [90m[1mreimport[22m | 正在准备重新导入文件……[39m[0m
[  74% ] [90m[1mreimport[22m | 正在准备重新导入文件……[39m[0m
[  74% ] [90m[1mreimport[22m | 正在准备重新导入文件……[39m[0m
[  74% ] [90m[1mreimport[22m | 正在准备重新导入文件……[39m[0m
[  74% ] [90m[1mreimport[22m | 正在准备重新导入文件……[39m[0m
[  74% ] [90m[1mreimport[22m | 正在准备重新导入文件……[39m[0m
[  75% ] [90m[1mreimport[22m | 正在准备重新导入文件……[39m[0m
[  75% ] [90m[1mreimport[22m | 正在准备重新导入文件……[39m[0m
[  75% ] [90m[1mreimport[22m | 正在准备重新导入文件……[39m[0m
[  75% ] [90m[1mreimport[22m | 正在准备重新导入文件……[39m[0m
[  75% ] [90m[1mreimport[22m | 正在准备重新导入文件……[39m[0m
[  75% ] [90m[1mreimport[22m | 正在准备重新导入文件……[39m[0m
[  75% ] [90m[1mreimport[22m | 正在准备重新导入文件……[39m[0m
[  75% ] [90m[1mreimport[22m | 正在准备重新导入文件……[39m[0m
[  75% ] [90m[1mreimport[22m | 正在准备重新导入文件……[39m[0m
[  75% ] [90m[1mreimport[22m | 正在准备重新导入文件……[39m[0m
[  75% ] [90m[1mreimport[22m | 正在准备重新导入文件……[39m[0m
[  76% ] [90m[1mreimport[22m | 正在准备重新导入文件……[39m[0m
[  76% ] [90m[1mreimport[22m | 正在准备重新导入文件……[39m[0m
[  76% ] [90m[1mreimport[22m | 正在准备重新导入文件……[39m[0m
[  76% ] [90m[1mreimport[22m | 正在准备重新导入文件……[39m[0m
[  76% ] [90m[1mreimport[22m | 正在准备重新导入文件……[39m[0m
[  76% ] [90m[1mreimport[22m | 正在准备重新导入文件……[39m[0m
[  76% ] [90m[1mreimport[22m | 正在准备重新导入文件……[39m[0m
[  76% ] [90m[1mreimport[22m | 正在准备重新导入文件……[39m[0m
[  76% ] [90m[1mreimport[22m | 正在准备重新导入文件……[39m[0m
[  76% ] [90m[1mreimport[22m | 正在准备重新导入文件……[39m[0m
[  76% ] [90m[1mreimport[22m | 正在准备重新导入文件……[39m[0m
[  76% ] [90m[1mreimport[22m | 正在准备重新导入文件……[39m[0m
[  77% ] [90m[1mreimport[22m | 正在准备重新导入文件……[39m[0m
[  77% ] [90m[1mreimport[22m | 正在准备重新导入文件……[39m[0m
[  77% ] [90m[1mreimport[22m | 正在准备重新导入文件……[39m[0m
[  77% ] [90m[1mreimport[22m | 正在准备重新导入文件……[39m[0m
[  77% ] [90m[1mreimport[22m | 正在准备重新导入文件……[39m[0m
[  77% ] [90m[1mreimport[22m | 正在准备重新导入文件……[39m[0m
[  77% ] [90m[1mreimport[22m | 正在准备重新导入文件……[39m[0m
[  77% ] [90m[1mreimport[22m | 正在准备重新导入文件……[39m[0m
[  77% ] [90m[1mreimport[22m | 正在准备重新导入文件……[39m[0m
[  77% ] [90m[1mreimport[22m | 正在准备重新导入文件……[39m[0m
[  77% ] [90m[1mreimport[22m | 正在准备重新导入文件……[39m[0m
[  78% ] [90m[1mreimport[22m | 正在准备重新导入文件……[39m[0m
[  78% ] [90m[1mreimport[22m | 正在准备重新导入文件……[39m[0m
[  78% ] [90m[1mreimport[22m | 正在准备重新导入文件……[39m[0m
[  78% ] [90m[1mreimport[22m | 正在准备重新导入文件……[39m[0m
[  78% ] [90m[1mreimport[22m | 正在准备重新导入文件……[39m[0m
[  78% ] [90m[1mreimport[22m | 正在准备重新导入文件……[39m[0m
[  78% ] [90m[1mreimport[22m | 正在准备重新导入文件……[39m[0m
[  78% ] [90m[1mreimport[22m | 正在准备重新导入文件……[39m[0m
[  78% ] [90m[1mreimport[22m | 正在准备重新导入文件……[39m[0m
[  78% ] [90m[1mreimport[22m | 正在准备重新导入文件……[39m[0m
[  78% ] [90m[1mreimport[22m | 正在准备重新导入文件……[39m[0m
[  78% ] [90m[1mreimport[22m | 正在准备重新导入文件……[39m[0m
[  79% ] [90m[1mreimport[22m | 正在准备重新导入文件……[39m[0m
[  79% ] [90m[1mreimport[22m | 正在准备重新导入文件……[39m[0m
[  79% ] [90m[1mreimport[22m | 正在准备重新导入文件……[39m[0m
[  79% ] [90m[1mreimport[22m | 正在准备重新导入文件……[39m[0m
[  79% ] [90m[1mreimport[22m | 正在准备重新导入文件……[39m[0m
[  79% ] [90m[1mreimport[22m | 正在准备重新导入文件……[39m[0m
[  79% ] [90m[1mreimport[22m | 正在准备重新导入文件……[39m[0m
[  79% ] [90m[1mreimport[22m | 正在准备重新导入文件……[39m[0m
[  79% ] [90m[1mreimport[22m | 正在准备重新导入文件……[39m[0m
[  79% ] [90m[1mreimport[22m | 正在准备重新导入文件……[39m[0m
[  79% ] [90m[1mreimport[22m | 正在准备重新导入文件……[39m[0m
[  80% ] [90m[1mreimport[22m | 正在准备重新导入文件……[39m[0m
[  80% ] [90m[1mreimport[22m | 正在准备重新导入文件……[39m[0m
[  80% ] [90m[1mreimport[22m | 正在准备重新导入文件……[39m[0m
[  80% ] [90m[1mreimport[22m | 正在准备重新导入文件……[39m[0m
[  80% ] [90m[1mreimport[22m | 正在准备重新导入文件……[39m[0m
[  80% ] [90m[1mreimport[22m | 正在准备重新导入文件……[39m[0m
[  80% ] [90m[1mreimport[22m | 正在准备重新导入文件……[39m[0m
[  80% ] [90m[1mreimport[22m | 正在准备重新导入文件……[39m[0m
[  80% ] [90m[1mreimport[22m | 正在准备重新导入文件……[39m[0m
[  80% ] [90m[1mreimport[22m | 正在准备重新导入文件……[39m[0m
[  80% ] [90m[1mreimport[22m | 正在准备重新导入文件……[39m[0m
[  80% ] [90m[1mreimport[22m | 正在准备重新导入文件……[39m[0m
[  81% ] [90m[1mreimport[22m | 正在准备重新导入文件……[39m[0m
[  81% ] [90m[1mreimport[22m | 正在准备重新导入文件……[39m[0m
[  81% ] [90m[1mreimport[22m | 正在准备重新导入文件……[39m[0m
[  81% ] [90m[1mreimport[22m | 正在准备重新导入文件……[39m[0m
[  81% ] [90m[1mreimport[22m | 正在准备重新导入文件……[39m[0m
[  81% ] [90m[1mreimport[22m | 正在准备重新导入文件……[39m[0m
[  81% ] [90m[1mreimport[22m | 正在准备重新导入文件……[39m[0m
[  81% ] [90m[1mreimport[22m | 正在准备重新导入文件……[39m[0m
[  81% ] [90m[1mreimport[22m | 正在准备重新导入文件……[39m[0m
[  81% ] [90m[1mreimport[22m | 正在准备重新导入文件……[39m[0m
[  81% ] [90m[1mreimport[22m | 正在准备重新导入文件……[39m[0m
[  82% ] [90m[1mreimport[22m | 正在准备重新导入文件……[39m[0m
[  82% ] [90m[1mreimport[22m | 正在准备重新导入文件……[39m[0m
[  82% ] [90m[1mreimport[22m | 正在准备重新导入文件……[39m[0m
[  82% ] [90m[1mreimport[22m | 正在准备重新导入文件……[39m[0m
[  82% ] [90m[1mreimport[22m | 正在准备重新导入文件……[39m[0m
[  82% ] [90m[1mreimport[22m | 正在准备重新导入文件……[39m[0m
[  82% ] [90m[1mreimport[22m | 正在准备重新导入文件……[39m[0m
[  82% ] [90m[1mreimport[22m | 正在准备重新导入文件……[39m[0m
[  82% ] [90m[1mreimport[22m | 正在准备重新导入文件……[39m[0m
[  82% ] [90m[1mreimport[22m | 正在准备重新导入文件……[39m[0m
[  82% ] [90m[1mreimport[22m | 正在准备重新导入文件……[39m[0m
[  83% ] [90m[1mreimport[22m | 正在准备重新导入文件……[39m[0m
[  83% ] [90m[1mreimport[22m | 正在准备重新导入文件……[39m[0m
[  83% ] [90m[1mreimport[22m | 正在准备重新导入文件……[39m[0m
[  83% ] [90m[1mreimport[22m | 正在准备重新导入文件……[39m[0m
[  83% ] [90m[1mreimport[22m | 正在准备重新导入文件……[39m[0m
[  83% ] [90m[1mreimport[22m | 正在准备重新导入文件……[39m[0m
[  83% ] [90m[1mreimport[22m | 正在准备重新导入文件……[39m[0m
[  83% ] [90m[1mreimport[22m | 正在准备重新导入文件……[39m[0m
[  83% ] [90m[1mreimport[22m | 正在准备重新导入文件……[39m[0m
[  83% ] [90m[1mreimport[22m | 正在准备重新导入文件……[39m[0m
[  83% ] [90m[1mreimport[22m | 正在准备重新导入文件……[39m[0m
[  83% ] [90m[1mreimport[22m | 正在准备重新导入文件……[39m[0m
[  84% ] [90m[1mreimport[22m | 正在准备重新导入文件……[39m[0m
[  84% ] [90m[1mreimport[22m | 正在准备重新导入文件……[39m[0m
[  84% ] [90m[1mreimport[22m | 正在准备重新导入文件……[39m[0m
[  84% ] [90m[1mreimport[22m | 正在准备重新导入文件……[39m[0m
[  84% ] [90m[1mreimport[22m | 正在准备重新导入文件……[39m[0m
[  84% ] [90m[1mreimport[22m | 正在准备重新导入文件……[39m[0m
[  84% ] [90m[1mreimport[22m | 正在准备重新导入文件……[39m[0m
[  84% ] [90m[1mreimport[22m | 正在准备重新导入文件……[39m[0m
[  84% ] [90m[1mreimport[22m | 正在准备重新导入文件……[39m[0m
[  84% ] [90m[1mreimport[22m | 正在准备重新导入文件……[39m[0m
[  84% ] [90m[1mreimport[22m | 正在准备重新导入文件……[39m[0m
[  85% ] [90m[1mreimport[22m | 正在准备重新导入文件……[39m[0m
[  85% ] [90m[1mreimport[22m | 正在准备重新导入文件……[39m[0m
[  85% ] [90m[1mreimport[22m | 正在准备重新导入文件……[39m[0m
[  85% ] [90m[1mreimport[22m | 正在准备重新导入文件……[39m[0m
[  85% ] [90m[1mreimport[22m | 正在准备重新导入文件……[39m[0m
[  85% ] [90m[1mreimport[22m | 正在准备重新导入文件……[39m[0m
[  85% ] [90m[1mreimport[22m | 正在准备重新导入文件……[39m[0m
[  85% ] [90m[1mreimport[22m | 正在准备重新导入文件……[39m[0m
[  85% ] [90m[1mreimport[22m | 正在准备重新导入文件……[39m[0m
[  85% ] [90m[1mreimport[22m | 正在准备重新导入文件……[39m[0m
[  85% ] [90m[1mreimport[22m | 正在准备重新导入文件……[39m[0m
[  85% ] [90m[1mreimport[22m | 正在准备重新导入文件……[39m[0m
[  86% ] [90m[1mreimport[22m | 正在准备重新导入文件……[39m[0m
[  86% ] [90m[1mreimport[22m | 正在准备重新导入文件……[39m[0m
[  86% ] [90m[1mreimport[22m | 正在准备重新导入文件……[39m[0m
[  86% ] [90m[1mreimport[22m | 正在准备重新导入文件……[39m[0m
[  86% ] [90m[1mreimport[22m | 正在准备重新导入文件……[39m[0m
[  86% ] [90m[1mreimport[22m | 正在准备重新导入文件……[39m[0m
[  86% ] [90m[1mreimport[22m | 正在准备重新导入文件……[39m[0m
[  86% ] [90m[1mreimport[22m | 正在准备重新导入文件……[39m[0m
[  86% ] [90m[1mreimport[22m | 正在准备重新导入文件……[39m[0m
[  86% ] [90m[1mreimport[22m | 正在准备重新导入文件……[39m[0m
[  86% ] [90m[1mreimport[22m | 正在准备重新导入文件……[39m[0m
[  87% ] [90m[1mreimport[22m | 正在准备重新导入文件……[39m[0m
[  87% ] [90m[1mreimport[22m | 正在准备重新导入文件……[39m[0m
[  87% ] [90m[1mreimport[22m | 正在准备重新导入文件……[39m[0m
[  87% ] [90m[1mreimport[22m | 正在准备重新导入文件……[39m[0m
[  87% ] [90m[1mreimport[22m | 正在准备重新导入文件……[39m[0m
[  87% ] [90m[1mreimport[22m | 正在准备重新导入文件……[39m[0m
[  87% ] [90m[1mreimport[22m | 正在准备重新导入文件……[39m[0m
[  87% ] [90m[1mreimport[22m | 正在准备重新导入文件……[39m[0m
[  87% ] [90m[1mreimport[22m | 正在准备重新导入文件……[39m[0m
[  87% ] [90m[1mreimport[22m | 正在准备重新导入文件……[39m[0m
[  87% ] [90m[1mreimport[22m | 正在准备重新导入文件……[39m[0m
[  88% ] [90m[1mreimport[22m | 正在准备重新导入文件……[39m[0m
[  88% ] [90m[1mreimport[22m | 正在准备重新导入文件……[39m[0m
[  88% ] [90m[1mreimport[22m | 正在准备重新导入文件……[39m[0m
[  88% ] [90m[1mreimport[22m | 正在准备重新导入文件……[39m[0m
[  88% ] [90m[1mreimport[22m | 正在准备重新导入文件……[39m[0m
[  88% ] [90m[1mreimport[22m | 正在准备重新导入文件……[39m[0m
[  88% ] [90m[1mreimport[22m | 正在准备重新导入文件……[39m[0m
[  88% ] [90m[1mreimport[22m | 正在准备重新导入文件……[39m[0m
[  88% ] [90m[1mreimport[22m | 正在准备重新导入文件……[39m[0m
[  88% ] [90m[1mreimport[22m | 正在准备重新导入文件……[39m[0m
[  88% ] [90m[1mreimport[22m | 正在准备重新导入文件……[39m[0m
[  88% ] [90m[1mreimport[22m | 正在准备重新导入文件……[39m[0m
[  89% ] [90m[1mreimport[22m | 正在准备重新导入文件……[39m[0m
[  89% ] [90m[1mreimport[22m | 正在准备重新导入文件……[39m[0m
[  89% ] [90m[1mreimport[22m | 正在准备重新导入文件……[39m[0m
[  89% ] [90m[1mreimport[22m | 正在准备重新导入文件……[39m[0m
[  89% ] [90m[1mreimport[22m | 正在准备重新导入文件……[39m[0m
[  89% ] [90m[1mreimport[22m | 正在准备重新导入文件……[39m[0m
[  89% ] [90m[1mreimport[22m | 正在准备重新导入文件……[39m[0m
[  89% ] [90m[1mreimport[22m | 正在准备重新导入文件……[39m[0m
[  89% ] [90m[1mreimport[22m | 正在准备重新导入文件……[39m[0m
[  89% ] [90m[1mreimport[22m | 正在准备重新导入文件……[39m[0m
[  89% ] [90m[1mreimport[22m | 正在准备重新导入文件……[39m[0m
[  90% ] [90m[1mreimport[22m | 正在准备重新导入文件……[39m[0m
[  90% ] [90m[1mreimport[22m | 正在准备重新导入文件……[39m[0m
[  90% ] [90m[1mreimport[22m | 正在准备重新导入文件……[39m[0m
[  90% ] [90m[1mreimport[22m | 正在准备重新导入文件……[39m[0m
[  90% ] [90m[1mreimport[22m | 正在准备重新导入文件……[39m[0m
[  90% ] [90m[1mreimport[22m | 正在准备重新导入文件……[39m[0m
[  90% ] [90m[1mreimport[22m | 正在准备重新导入文件……[39m[0m
[  90% ] [90m[1mreimport[22m | 正在准备重新导入文件……[39m[0m
[  90% ] [90m[1mreimport[22m | 正在准备重新导入文件……[39m[0m
[  90% ] [90m[1mreimport[22m | 正在准备重新导入文件……[39m[0m
[  90% ] [90m[1mreimport[22m | 正在准备重新导入文件……[39m[0m
[  90% ] [90m[1mreimport[22m | 正在准备重新导入文件……[39m[0m
[  91% ] [90m[1mreimport[22m | 正在准备重新导入文件……[39m[0m
[  91% ] [90m[1mreimport[22m | 正在准备重新导入文件……[39m[0m
[  91% ] [90m[1mreimport[22m | 正在准备重新导入文件……[39m[0m
[  91% ] [90m[1mreimport[22m | 正在准备重新导入文件……[39m[0m
[  91% ] [90m[1mreimport[22m | 正在准备重新导入文件……[39m[0m
[  91% ] [90m[1mreimport[22m | 正在准备重新导入文件……[39m[0m
[  91% ] [90m[1mreimport[22m | 正在准备重新导入文件……[39m[0m
[  91% ] [90m[1mreimport[22m | 正在准备重新导入文件……[39m[0m
[  91% ] [90m[1mreimport[22m | 正在准备重新导入文件……[39m[0m
[  91% ] [90m[1mreimport[22m | 正在准备重新导入文件……[39m[0m
[  91% ] [90m[1mreimport[22m | 正在准备重新导入文件……[39m[0m
[  92% ] [90m[1mreimport[22m | 正在准备重新导入文件……[39m[0m
[  92% ] [90m[1mreimport[22m | 正在准备重新导入文件……[39m[0m
[  92% ] [90m[1mreimport[22m | 正在准备重新导入文件……[39m[0m
[  92% ] [90m[1mreimport[22m | 正在准备重新导入文件……[39m[0m
[  92% ] [90m[1mreimport[22m | 正在准备重新导入文件……[39m[0m
[  92% ] [90m[1mreimport[22m | 正在准备重新导入文件……[39m[0m
[  92% ] [90m[1mreimport[22m | 正在准备重新导入文件……[39m[0m
[  92% ] [90m[1mreimport[22m | 正在准备重新导入文件……[39m[0m
[  92% ] [90m[1mreimport[22m | 正在准备重新导入文件……[39m[0m
[  92% ] [90m[1mreimport[22m | 正在准备重新导入文件……[39m[0m
[  92% ] [90m[1mreimport[22m | 正在准备重新导入文件……[39m[0m
[  92% ] [90m[1mreimport[22m | 正在准备重新导入文件……[39m[0m
[  93% ] [90m[1mreimport[22m | 正在准备重新导入文件……[39m[0m
[  93% ] [90m[1mreimport[22m | 正在准备重新导入文件……[39m[0m
[  93% ] [90m[1mreimport[22m | 正在准备重新导入文件……[39m[0m
[  93% ] [90m[1mreimport[22m | 正在准备重新导入文件……[39m[0m
[  93% ] [90m[1mreimport[22m | 正在准备重新导入文件……[39m[0m
[  93% ] [90m[1mreimport[22m | 正在准备重新导入文件……[39m[0m
[  93% ] [90m[1mreimport[22m | 正在准备重新导入文件……[39m[0m
[  93% ] [90m[1mreimport[22m | 正在准备重新导入文件……[39m[0m
[  93% ] [90m[1mreimport[22m | 正在准备重新导入文件……[39m[0m
[  93% ] [90m[1mreimport[22m | 正在准备重新导入文件……[39m[0m
[  93% ] [90m[1mreimport[22m | 正在准备重新导入文件……[39m[0m
[  94% ] [90m[1mreimport[22m | 正在准备重新导入文件……[39m[0m
[  94% ] [90m[1mreimport[22m | 正在准备重新导入文件……[39m[0m
[  94% ] [90m[1mreimport[22m | 正在准备重新导入文件……[39m[0m
[  94% ] [90m[1mreimport[22m | 正在准备重新导入文件……[39m[0m
[  94% ] [90m[1mreimport[22m | 正在准备重新导入文件……[39m[0m
[  94% ] [90m[1mreimport[22m | 正在准备重新导入文件……[39m[0m
[  94% ] [90m[1mreimport[22m | 正在准备重新导入文件……[39m[0m
[  94% ] [90m[1mreimport[22m | 正在准备重新导入文件……[39m[0m
[  94% ] [90m[1mreimport[22m | 正在准备重新导入文件……[39m[0m
[  94% ] [90m[1mreimport[22m | 正在准备重新导入文件……[39m[0m
[  94% ] [90m[1mreimport[22m | 正在准备重新导入文件……[39m[0m
[  95% ] [90m[1mreimport[22m | 正在准备重新导入文件……[39m[0m
[  95% ] [90m[1mreimport[22m | 正在准备重新导入文件……[39m[0m
[  95% ] [90m[1mreimport[22m | 正在准备重新导入文件……[39m[0m
[  95% ] [90m[1mreimport[22m | 正在准备重新导入文件……[39m[0m
[  95% ] [90m[1mreimport[22m | 正在准备重新导入文件……[39m[0m
[  95% ] [90m[1mreimport[22m | 正在准备重新导入文件……[39m[0m
[  95% ] [90m[1mreimport[22m | 正在准备重新导入文件……[39m[0m
[  95% ] [90m[1mreimport[22m | 正在准备重新导入文件……[39m[0m
[  95% ] [90m[1mreimport[22m | 正在准备重新导入文件……[39m[0m
[  95% ] [90m[1mreimport[22m | 正在准备重新导入文件……[39m[0m
[  95% ] [90m[1mreimport[22m | 正在准备重新导入文件……[39m[0m
[  95% ] [90m[1mreimport[22m | 正在准备重新导入文件……[39m[0m
[  96% ] [90m[1mreimport[22m | 正在准备重新导入文件……[39m[0m
[  96% ] [90m[1mreimport[22m | 正在准备重新导入文件……[39m[0m
[  96% ] [90m[1mreimport[22m | 正在准备重新导入文件……[39m[0m
[  96% ] [90m[1mreimport[22m | 正在准备重新导入文件……[39m[0m
[  96% ] [90m[1mreimport[22m | 正在准备重新导入文件……[39m[0m
[  96% ] [90m[1mreimport[22m | 正在准备重新导入文件……[39m[0m
[  96% ] [90m[1mreimport[22m | 正在准备重新导入文件……[39m[0m
[  96% ] [90m[1mreimport[22m | 正在准备重新导入文件……[39m[0m
[  96% ] [90m[1mreimport[22m | 正在准备重新导入文件……[39m[0m
[  96% ] [90m[1mreimport[22m | 正在准备重新导入文件……[39m[0m
[  96% ] [90m[1mreimport[22m | 正在准备重新导入文件……[39m[0m
[  97% ] [90m[1mreimport[22m | 正在准备重新导入文件……[39m[0m
[  97% ] [90m[1mreimport[22m | 正在准备重新导入文件……[39m[0m
[  97% ] [90m[1mreimport[22m | 正在准备重新导入文件……[39m[0m
[  97% ] [90m[1mreimport[22m | 正在准备重新导入文件……[39m[0m
[  97% ] [90m[1mreimport[22m | 正在准备重新导入文件……[39m[0m
[  97% ] [90m[1mreimport[22m | 正在准备重新导入文件……[39m[0m
[  97% ] [90m[1mreimport[22m | 正在准备重新导入文件……[39m[0m
[  97% ] [90m[1mreimport[22m | 正在准备重新导入文件……[39m[0m
[  97% ] [90m[1mreimport[22m | 正在准备重新导入文件……[39m[0m
[  97% ] [90m[1mreimport[22m | 正在准备重新导入文件……[39m[0m
[  97% ] [90m[1mreimport[22m | 正在准备重新导入文件……[39m[0m
[  97% ] [90m[1mreimport[22m | 正在准备重新导入文件……[39m[0m
[  98% ] [90m[1mreimport[22m | 正在准备重新导入文件……[39m[0m
[  98% ] [90m[1mreimport[22m | 正在准备重新导入文件……[39m[0m
[  98% ] [90m[1mreimport[22m | 正在准备重新导入文件……[39m[0m
[  98% ] [90m[1mreimport[22m | 正在准备重新导入文件……[39m[0m
[  98% ] [90m[1mreimport[22m | 正在准备重新导入文件……[39m[0m
[  98% ] [90m[1mreimport[22m | 正在准备重新导入文件……[39m[0m
[  98% ] [90m[1mreimport[22m | 正在准备重新导入文件……[39m[0m
[  98% ] [90m[1mreimport[22m | 正在准备重新导入文件……[39m[0m
[  98% ] [90m[1mreimport[22m | 正在准备重新导入文件……[39m[0m
[  98% ] [90m[1mreimport[22m | 正在准备重新导入文件……[39m[0m
[  98% ] [90m[1mreimport[22m | 正在准备重新导入文件……[39m[0m
[  99% ] [90m[1mreimport[22m | 正在准备重新导入文件……[39m[0m
[  99% ] [90m[1mreimport[22m | 正在准备重新导入文件……[39m[0m
[  99% ] [90m[1mreimport[22m | 正在准备重新导入文件……[39m[0m
[  99% ] [90m[1mreimport[22m | 正在准备重新导入文件……[39m[0m
[  99% ] [90m[1mreimport[22m | 正在准备重新导入文件……[39m[0m
[  99% ] [90m[1mreimport[22m | 正在准备重新导入文件……[39m[0m
[  99% ] [90m[1mreimport[22m | 正在准备重新导入文件……[39m[0m
[  99% ] [90m[1mreimport[22m | 正在准备重新导入文件……[39m[0m
[  99% ] [90m[1mreimport[22m | 正在准备重新导入文件……[39m[0m
[  99% ] [90m[1mreimport[22m | 正在准备重新导入文件……[39m[0m
[   0% ] [90m[1mreimport[22m | 正在执行重新导入的前置操作……[39m[0m
[   0% ] [90m[1mreimport[22m | lin_chong_escort_walk_se.png[39m[0m
[   0% ] [90m[1mreimport[22m | lin_chong_escort_walk_nw.png[39m[0m
[   0% ] [90m[1mreimport[22m | lin_chong_escort_walk_ne.png[39m[0m
[   0% ] [90m[1mreimport[22m | lin_chong_escort_idle_sw.png[39m[0m
[   0% ] [90m[1mreimport[22m | lin_chong_escort_idle_se.png[39m[0m
[   0% ] [90m[1mreimport[22m | lin_chong_escort_idle_nw.png[39m[0m
[   0% ] [90m[1mreimport[22m | lin_chong_escort_idle_ne.png[39m[0m
[   0% ] [90m[1mreimport[22m | lin_chong_escort_hurt_sw.png[39m[0m
[   0% ] [90m[1mreimport[22m | lin_chong_escort_hurt_se.png[39m[0m
[   0% ] [90m[1mreimport[22m | lin_chong_escort_hurt_nw.png[39m[0m
[   0% ] [90m[1mreimport[22m | lin_chong_escort_hurt_ne.png[39m[0m
[   0% ] [90m[1mreimport[22m | lin_chong_escort_down_sw.png[39m[0m
[   1% ] [90m[1mreimport[22m | lin_chong_escort_down_se.png[39m[0m
[   1% ] [90m[1mreimport[22m | lin_chong_escort_down_nw.png[39m[0m
[   1% ] [90m[1mreimport[22m | lin_chong_escort_down_ne.png[39m[0m
[   1% ] [90m[1mreimport[22m | lin_chong_escort_attack_sw.png[39m[0m
[   1% ] [90m[1mreimport[22m | lin_chong_escort_attack_se.png[39m[0m
[   1% ] [90m[1mreimport[22m | lin_chong_prisoner_walk_ne.png[39m[0m
[   1% ] [90m[1mreimport[22m | lin_chong_prisoner_idle_sw.png[39m[0m
[   1% ] [90m[1mreimport[22m | lin_chong_prisoner_idle_se.png[39m[0m
[   1% ] [90m[1mreimport[22m | lin_chong_prisoner_idle_nw.png[39m[0m
[   1% ] [90m[1mreimport[22m | lin_chong_prisoner_idle_ne.png[39m[0m
[   1% ] [90m[1mreimport[22m | lin_chong_prisoner_hurt_sw.png[39m[0m
[   2% ] [90m[1mreimport[22m | lin_chong_prisoner_hurt_se.png[39m[0m
[   2% ] [90m[1mreimport[22m | lin_chong_prisoner_hurt_nw.png[39m[0m
[   2% ] [90m[1mreimport[22m | lin_chong_prisoner_hurt_ne.png[39m[0m
[   2% ] [90m[1mreimport[22m | lin_chong_prisoner_down_sw.png[39m[0m
[   2% ] [90m[1mreimport[22m | lin_chong_prisoner_down_se.png[39m[0m
[   2% ] [90m[1mreimport[22m | lin_chong_prisoner_down_nw.png[39m[0m
[   2% ] [90m[1mreimport[22m | lin_chong_prisoner_down_ne.png[39m[0m
[   2% ] [90m[1mreimport[22m | lin_chong_prisoner_attack_sw.png[39m[0m
[   2% ] [90m[1mreimport[22m | lin_chong_prisoner_attack_se.png[39m[0m
[   2% ] [90m[1mreimport[22m | lin_chong_prisoner_attack_nw.png[39m[0m
[   2% ] [90m[1mreimport[22m | lin_chong_prisoner_attack_ne.png[39m[0m
[   2% ] [90m[1mreimport[22m | lin_chong_escort_walk_sw.png[39m[0m
[   3% ] [90m[1mreimport[22m | lin_chong_bound_down_sw.png[39m[0m
[   3% ] [90m[1mreimport[22m | lin_chong_bound_down_se.png[39m[0m
[   3% ] [90m[1mreimport[22m | lin_chong_bound_down_nw.png[39m[0m
[   3% ] [90m[1mreimport[22m | lin_chong_bound_down_ne.png[39m[0m
[   3% ] [90m[1mreimport[22m | lin_chong_bound_attack_sw.png[39m[0m
[   3% ] [90m[1mreimport[22m | lin_chong_bound_attack_se.png[39m[0m
[   3% ] [90m[1mreimport[22m | lin_chong_bound_attack_nw.png[39m[0m
[   3% ] [90m[1mreimport[22m | lin_chong_bound_attack_ne.png[39m[0m
[   3% ] [90m[1mreimport[22m | jiang_menshen_fists_walk_sw.png[39m[0m
[   3% ] [90m[1mreimport[22m | jiang_menshen_fists_walk_se.png[39m[0m
[   3% ] [90m[1mreimport[22m | jiang_menshen_fists_walk_nw.png[39m[0m
[   4% ] [90m[1mreimport[22m | jiang_menshen_fists_walk_ne.png[39m[0m
[   4% ] [90m[1mreimport[22m | jiang_menshen_fists_idle_sw.png[39m[0m
[   4% ] [90m[1mreimport[22m | jiang_menshen_fists_idle_se.png[39m[0m
[   4% ] [90m[1mreimport[22m | jiang_menshen_fists_idle_nw.png[39m[0m
[   4% ] [90m[1mreimport[22m | jiang_menshen_fists_idle_ne.png[39m[0m
[   4% ] [90m[1mreimport[22m | jiang_menshen_fists_hurt_sw.png[39m[0m
[   4% ] [90m[1mreimport[22m | jiang_menshen_fists_hurt_se.png[39m[0m
[   4% ] [90m[1mreimport[22m | lin_chong_escort_attack_nw.png[39m[0m
[   4% ] [90m[1mreimport[22m | lin_chong_escort_attack_ne.png[39m[0m
[   4% ] [90m[1mreimport[22m | lin_chong_escort_assisted_sw.png[39m[0m
[   4% ] [90m[1mreimport[22m | lin_chong_escort_assisted_se.png[39m[0m
[   4% ] [90m[1mreimport[22m | lin_chong_escort_assisted_nw.png[39m[0m
[   5% ] [90m[1mreimport[22m | lin_chong_escort_assisted_ne.png[39m[0m
[   5% ] [90m[1mreimport[22m | lin_chong_bound_walk_sw.png[39m[0m
[   5% ] [90m[1mreimport[22m | lin_chong_bound_walk_se.png[39m[0m
[   5% ] [90m[1mreimport[22m | lin_chong_bound_walk_nw.png[39m[0m
[   5% ] [90m[1mreimport[22m | lin_chong_bound_walk_ne.png[39m[0m
[   5% ] [90m[1mreimport[22m | lin_chong_bound_idle_sw.png[39m[0m
[   5% ] [90m[1mreimport[22m | lin_chong_bound_idle_se.png[39m[0m
[   5% ] [90m[1mreimport[22m | lin_chong_bound_idle_nw.png[39m[0m
[   5% ] [90m[1mreimport[22m | lin_chong_bound_idle_ne.png[39m[0m
[   5% ] [90m[1mreimport[22m | lin_chong_bound_hurt_sw.png[39m[0m
[   5% ] [90m[1mreimport[22m | lin_chong_bound_hurt_se.png[39m[0m
[   6% ] [90m[1mreimport[22m | lin_chong_bound_hurt_nw.png[39m[0m
[   6% ] [90m[1mreimport[22m | lin_chong_bound_hurt_ne.png[39m[0m
[   6% ] [90m[1mreimport[22m | rescued_shi_xiu_idle_nw.png[39m[0m
[   6% ] [90m[1mreimport[22m | rescued_shi_xiu_idle_ne.png[39m[0m
[   6% ] [90m[1mreimport[22m | rescued_lu_junyi_idle_sw.png[39m[0m
[   6% ] [90m[1mreimport[22m | rescued_lu_junyi_idle_se.png[39m[0m
[   6% ] [90m[1mreimport[22m | rescued_lu_junyi_idle_nw.png[39m[0m
[   6% ] [90m[1mreimport[22m | rescued_lu_junyi_idle_ne.png[39m[0m
[   6% ] [90m[1mreimport[22m | lu_zhishen_rescue_walk_sw.png[39m[0m
[   6% ] [90m[1mreimport[22m | lu_zhishen_rescue_walk_se.png[39m[0m
[   6% ] [90m[1mreimport[22m | lu_zhishen_rescue_walk_nw.png[39m[0m
[   7% ] [90m[1mreimport[22m | lu_zhishen_rescue_walk_ne.png[39m[0m
[   7% ] [90m[1mreimport[22m | lu_zhishen_rescue_intercept_sw.png[39m[0m
[   7% ] [90m[1mreimport[22m | lu_zhishen_rescue_intercept_se.png[39m[0m
[   7% ] [90m[1mreimport[22m | lu_zhishen_rescue_intercept_nw.png[39m[0m
[   7% ] [90m[1mreimport[22m | lu_zhishen_rescue_intercept_ne.png[39m[0m
[   7% ] [90m[1mreimport[22m | lu_zhishen_rescue_idle_sw.png[39m[0m
[   7% ] [90m[1mreimport[22m | lu_zhishen_rescue_idle_se.png[39m[0m
[   7% ] [90m[1mreimport[22m | lu_zhishen_rescue_idle_nw.png[39m[0m
[   7% ] [90m[1mreimport[22m | song_jiang_rescued_walk_sw.png[39m[0m
[   7% ] [90m[1mreimport[22m | song_jiang_rescued_walk_se.png[39m[0m
[   7% ] [90m[1mreimport[22m | song_jiang_rescued_walk_nw.png[39m[0m
[   7% ] [90m[1mreimport[22m | song_jiang_rescued_walk_ne.png[39m[0m
[   8% ] [90m[1mreimport[22m | song_jiang_rescued_idle_sw.png[39m[0m
[   8% ] [90m[1mreimport[22m | song_jiang_rescued_idle_se.png[39m[0m
[   8% ] [90m[1mreimport[22m | song_jiang_rescued_idle_nw.png[39m[0m
[   8% ] [90m[1mreimport[22m | song_jiang_rescued_idle_ne.png[39m[0m
[   8% ] [90m[1mreimport[22m | song_jiang_bound_idle_sw.png[39m[0m
[   8% ] [90m[1mreimport[22m | song_jiang_bound_idle_se.png[39m[0m
[   8% ] [90m[1mreimport[22m | song_jiang_bound_idle_nw.png[39m[0m
[   8% ] [90m[1mreimport[22m | song_jiang_bound_idle_ne.png[39m[0m
[   8% ] [90m[1mreimport[22m | shi_qian_lantern_idle_sw.png[39m[0m
[   8% ] [90m[1mreimport[22m | shi_qian_lantern_idle_se.png[39m[0m
[   8% ] [90m[1mreimport[22m | shi_qian_lantern_idle_nw.png[39m[0m
[   9% ] [90m[1mreimport[22m | shi_qian_lantern_idle_ne.png[39m[0m
[   9% ] [90m[1mreimport[22m | rescued_shi_xiu_idle_sw.png[39m[0m
[   9% ] [90m[1mreimport[22m | rescued_shi_xiu_idle_se.png[39m[0m
[   9% ] [90m[1mreimport[22m | li_kui_jiangzhou_idle_se.png[39m[0m
[   9% ] [90m[1mreimport[22m | li_kui_jiangzhou_idle_nw.png[39m[0m
[   9% ] [90m[1mreimport[22m | li_kui_jiangzhou_idle_ne.png[39m[0m
[   9% ] [90m[1mreimport[22m | li_kui_jiangzhou_hurt_sw.png[39m[0m
[   9% ] [90m[1mreimport[22m | li_kui_jiangzhou_hurt_se.png[39m[0m
[   9% ] [90m[1mreimport[22m | li_kui_jiangzhou_hurt_nw.png[39m[0m
[   9% ] [90m[1mreimport[22m | li_kui_jiangzhou_hurt_ne.png[39m[0m
[   9% ] [90m[1mreimport[22m | li_kui_jiangzhou_down_sw.png[39m[0m
[   9% ] [90m[1mreimport[22m | li_kui_jiangzhou_down_se.png[39m[0m
[  10% ] [90m[1mreimport[22m | li_kui_jiangzhou_down_nw.png[39m[0m
[  10% ] [90m[1mreimport[22m | li_kui_jiangzhou_down_ne.png[39m[0m
[  10% ] [90m[1mreimport[22m | li_kui_jiangzhou_attack_sw.png[39m[0m
[  10% ] [90m[1mreimport[22m | li_kui_jiangzhou_attack_se.png[39m[0m
[  10% ] [90m[1mreimport[22m | li_kui_jiangzhou_attack_nw.png[39m[0m
[  10% ] [90m[1mreimport[22m | li_kui_jiangzhou_attack_ne.png[39m[0m
[  10% ] [90m[1mreimport[22m | lin_chong_prisoner_walk_sw.png[39m[0m
[  10% ] [90m[1mreimport[22m | lin_chong_prisoner_walk_se.png[39m[0m
[  10% ] [90m[1mreimport[22m | lin_chong_prisoner_walk_nw.png[39m[0m
[  10% ] [90m[1mreimport[22m | lu_zhishen_rescue_idle_ne.png[39m[0m
[  10% ] [90m[1mreimport[22m | lu_zhishen_rescue_hurt_sw.png[39m[0m
[  11% ] [90m[1mreimport[22m | lu_zhishen_rescue_hurt_se.png[39m[0m
[  11% ] [90m[1mreimport[22m | lu_zhishen_rescue_hurt_nw.png[39m[0m
[  11% ] [90m[1mreimport[22m | lu_zhishen_rescue_hurt_ne.png[39m[0m
[  11% ] [90m[1mreimport[22m | lu_zhishen_rescue_down_sw.png[39m[0m
[  11% ] [90m[1mreimport[22m | lu_zhishen_rescue_down_se.png[39m[0m
[  11% ] [90m[1mreimport[22m | lu_zhishen_rescue_down_nw.png[39m[0m
[  11% ] [90m[1mreimport[22m | lu_zhishen_rescue_down_ne.png[39m[0m
[  11% ] [90m[1mreimport[22m | lu_zhishen_rescue_attack_sw.png[39m[0m
[  11% ] [90m[1mreimport[22m | lu_zhishen_rescue_attack_se.png[39m[0m
[  11% ] [90m[1mreimport[22m | lu_zhishen_rescue_attack_nw.png[39m[0m
[  11% ] [90m[1mreimport[22m | lu_zhishen_rescue_attack_ne.png[39m[0m
[  11% ] [90m[1mreimport[22m | li_kui_jiangzhou_walk_sw.png[39m[0m
[  12% ] [90m[1mreimport[22m | li_kui_jiangzhou_walk_se.png[39m[0m
[  12% ] [90m[1mreimport[22m | li_kui_jiangzhou_walk_nw.png[39m[0m
[  12% ] [90m[1mreimport[22m | li_kui_jiangzhou_walk_ne.png[39m[0m
[  12% ] [90m[1mreimport[22m | li_kui_jiangzhou_idle_sw.png[39m[0m
[  12% ] [90m[1mreimport[22m | dong_chao_escort_walk_sw.png[39m[0m
[  12% ] [90m[1mreimport[22m | dong_chao_escort_walk_se.png[39m[0m
[  12% ] [90m[1mreimport[22m | dong_chao_escort_walk_nw.png[39m[0m
[  12% ] [90m[1mreimport[22m | dong_chao_escort_walk_ne.png[39m[0m
[  12% ] [90m[1mreimport[22m | dong_chao_escort_idle_sw.png[39m[0m
[  12% ] [90m[1mreimport[22m | dong_chao_escort_idle_se.png[39m[0m
[  12% ] [90m[1mreimport[22m | dong_chao_escort_idle_nw.png[39m[0m
[  13% ] [90m[1mreimport[22m | dong_chao_escort_idle_ne.png[39m[0m
[  13% ] [90m[1mreimport[22m | daming_rescued_shi_xiu_walk_sw.png[39m[0m
[  13% ] [90m[1mreimport[22m | daming_rescued_shi_xiu_walk_se.png[39m[0m
[  13% ] [90m[1mreimport[22m | daming_rescued_shi_xiu_walk_nw.png[39m[0m
[  13% ] [90m[1mreimport[22m | daming_rescued_shi_xiu_walk_ne.png[39m[0m
[  13% ] [90m[1mreimport[22m | daming_rescued_shi_xiu_idle_sw.png[39m[0m
[  13% ] [90m[1mreimport[22m | daming_rescued_shi_xiu_idle_se.png[39m[0m
[  13% ] [90m[1mreimport[22m | daming_rescued_shi_xiu_idle_nw.png[39m[0m
[  13% ] [90m[1mreimport[22m | daming_rescued_shi_xiu_idle_ne.png[39m[0m
[  13% ] [90m[1mreimport[22m | daming_rescued_lu_junyi_walk_sw.png[39m[0m
[  13% ] [90m[1mreimport[22m | hn_bai_sheng_idle_nw.png[39m[0m
[  14% ] [90m[1mreimport[22m | hn_bai_sheng_idle_ne.png[39m[0m
[  14% ] [90m[1mreimport[22m | hn_bai_sheng_carry_walk_sw.png[39m[0m
[  14% ] [90m[1mreimport[22m | hn_bai_sheng_carry_walk_se.png[39m[0m
[  14% ] [90m[1mreimport[22m | hn_bai_sheng_carry_walk_nw.png[39m[0m
[  14% ] [90m[1mreimport[22m | hn_bai_sheng_carry_walk_ne.png[39m[0m
[  14% ] [90m[1mreimport[22m | hn_bai_sheng_carry_idle_sw.png[39m[0m
[  14% ] [90m[1mreimport[22m | hn_bai_sheng_carry_idle_se.png[39m[0m
[  14% ] [90m[1mreimport[22m | hn_bai_sheng_carry_idle_nw.png[39m[0m
[  14% ] [90m[1mreimport[22m | hn_bai_sheng_carry_idle_ne.png[39m[0m
[  14% ] [90m[1mreimport[22m | gao_qiu_captured_idle_sw.png[39m[0m
[  14% ] [90m[1mreimport[22m | gao_qiu_captured_idle_se.png[39m[0m
[  14% ] [90m[1mreimport[22m | gao_qiu_captured_idle_nw.png[39m[0m
[  15% ] [90m[1mreimport[22m | gao_qiu_captured_idle_ne.png[39m[0m
[  15% ] [90m[1mreimport[22m | gao_qiu_captured_down_sw.png[39m[0m
[  15% ] [90m[1mreimport[22m | gao_qiu_captured_down_se.png[39m[0m
[  15% ] [90m[1mreimport[22m | gao_qiu_captured_down_nw.png[39m[0m
[  15% ] [90m[1mreimport[22m | gao_qiu_captured_down_ne.png[39m[0m
[  15% ] [90m[1mreimport[22m | dai_zong_rescued_walk_ne.png[39m[0m
[  15% ] [90m[1mreimport[22m | dai_zong_rescued_idle_sw.png[39m[0m
[  15% ] [90m[1mreimport[22m | dai_zong_rescued_idle_se.png[39m[0m
[  15% ] [90m[1mreimport[22m | dai_zong_rescued_idle_nw.png[39m[0m
[  15% ] [90m[1mreimport[22m | dai_zong_rescued_idle_ne.png[39m[0m
[  15% ] [90m[1mreimport[22m | dai_zong_bound_idle_sw.png[39m[0m
[  16% ] [90m[1mreimport[22m | dai_zong_bound_idle_se.png[39m[0m
[  16% ] [90m[1mreimport[22m | dai_zong_bound_idle_nw.png[39m[0m
[  16% ] [90m[1mreimport[22m | dai_zong_bound_idle_ne.png[39m[0m
[  16% ] [90m[1mreimport[22m | chai_jin_officer_idle_sw.png[39m[0m
[  16% ] [90m[1mreimport[22m | chai_jin_officer_idle_se.png[39m[0m
[  16% ] [90m[1mreimport[22m | chai_jin_officer_idle_nw.png[39m[0m
[  16% ] [90m[1mreimport[22m | chai_jin_officer_idle_ne.png[39m[0m
[  16% ] [90m[1mreimport[22m | bound_shi_xiu_idle_sw.png[39m[0m
[  16% ] [90m[1mreimport[22m | bound_shi_xiu_idle_se.png[39m[0m
[  16% ] [90m[1mreimport[22m | bound_shi_xiu_idle_nw.png[39m[0m
[  16% ] [90m[1mreimport[22m | bound_shi_xiu_idle_ne.png[39m[0m
[  16% ] [90m[1mreimport[22m | bound_lu_junyi_idle_sw.png[39m[0m
[  17% ] [90m[1mreimport[22m | daming_rescued_lu_junyi_walk_se.png[39m[0m
[  17% ] [90m[1mreimport[22m | daming_rescued_lu_junyi_walk_nw.png[39m[0m
[  17% ] [90m[1mreimport[22m | daming_rescued_lu_junyi_walk_ne.png[39m[0m
[  17% ] [90m[1mreimport[22m | daming_rescued_lu_junyi_idle_sw.png[39m[0m
[  17% ] [90m[1mreimport[22m | daming_rescued_lu_junyi_idle_se.png[39m[0m
[  17% ] [90m[1mreimport[22m | daming_rescued_lu_junyi_idle_nw.png[39m[0m
[  17% ] [90m[1mreimport[22m | daming_rescued_lu_junyi_idle_ne.png[39m[0m
[  17% ] [90m[1mreimport[22m | daming_bound_shi_xiu_idle_sw.png[39m[0m
[  17% ] [90m[1mreimport[22m | daming_bound_shi_xiu_idle_se.png[39m[0m
[  17% ] [90m[1mreimport[22m | daming_bound_shi_xiu_idle_nw.png[39m[0m
[  17% ] [90m[1mreimport[22m | daming_bound_shi_xiu_idle_ne.png[39m[0m
[  18% ] [90m[1mreimport[22m | daming_bound_lu_junyi_idle_sw.png[39m[0m
[  18% ] [90m[1mreimport[22m | daming_bound_lu_junyi_idle_se.png[39m[0m
[  18% ] [90m[1mreimport[22m | daming_bound_lu_junyi_idle_nw.png[39m[0m
[  18% ] [90m[1mreimport[22m | daming_bound_lu_junyi_idle_ne.png[39m[0m
[  18% ] [90m[1mreimport[22m | dai_zong_rescued_walk_sw.png[39m[0m
[  18% ] [90m[1mreimport[22m | dai_zong_rescued_walk_se.png[39m[0m
[  18% ] [90m[1mreimport[22m | dai_zong_rescued_walk_nw.png[39m[0m
[  18% ] [90m[1mreimport[22m | hn_ruan_xiaowu_walk_sw.png[39m[0m
[  18% ] [90m[1mreimport[22m | hn_ruan_xiaowu_walk_se.png[39m[0m
[  18% ] [90m[1mreimport[22m | hn_ruan_xiaowu_walk_nw.png[39m[0m
[  18% ] [90m[1mreimport[22m | hn_ruan_xiaowu_walk_ne.png[39m[0m
[  19% ] [90m[1mreimport[22m | hn_ruan_xiaowu_idle_sw.png[39m[0m
[  19% ] [90m[1mreimport[22m | hn_ruan_xiaowu_idle_se.png[39m[0m
[  19% ] [90m[1mreimport[22m | hn_ruan_xiaowu_idle_nw.png[39m[0m
[  19% ] [90m[1mreimport[22m | hn_ruan_xiaowu_idle_ne.png[39m[0m
[  19% ] [90m[1mreimport[22m | hn_ruan_xiaoqi_walk_sw.png[39m[0m
[  19% ] [90m[1mreimport[22m | hn_ruan_xiaoqi_walk_se.png[39m[0m
[  19% ] [90m[1mreimport[22m | hn_ruan_xiaoqi_walk_nw.png[39m[0m
[  19% ] [90m[1mreimport[22m | hn_ruan_xiaoqi_walk_ne.png[39m[0m
[  19% ] [90m[1mreimport[22m | hn_ruan_xiaoqi_idle_sw.png[39m[0m
[  19% ] [90m[1mreimport[22m | hn_ruan_xiaoqi_idle_se.png[39m[0m
[  19% ] [90m[1mreimport[22m | hn_ruan_xiaoqi_idle_nw.png[39m[0m
[  19% ] [90m[1mreimport[22m | hn_ruan_xiaoqi_idle_ne.png[39m[0m
[  20% ] [90m[1mreimport[22m | hn_ruan_xiaoer_walk_sw.png[39m[0m
[  20% ] [90m[1mreimport[22m | hn_ruan_xiaoer_walk_se.png[39m[0m
[  20% ] [90m[1mreimport[22m | jiang_menshen_fists_hurt_nw.png[39m[0m
[  20% ] [90m[1mreimport[22m | jiang_menshen_fists_hurt_ne.png[39m[0m
[  20% ] [90m[1mreimport[22m | jiang_menshen_fists_down_sw.png[39m[0m
[  20% ] [90m[1mreimport[22m | jiang_menshen_fists_down_se.png[39m[0m
[  20% ] [90m[1mreimport[22m | jiang_menshen_fists_down_nw.png[39m[0m
[  20% ] [90m[1mreimport[22m | jiang_menshen_fists_down_ne.png[39m[0m
[  20% ] [90m[1mreimport[22m | jiang_menshen_fists_attack_sw.png[39m[0m
[  20% ] [90m[1mreimport[22m | jiang_menshen_fists_attack_se.png[39m[0m
[  20% ] [90m[1mreimport[22m | jiang_menshen_fists_attack_nw.png[39m[0m
[  21% ] [90m[1mreimport[22m | jiang_menshen_fists_attack_ne.png[39m[0m
[  21% ] [90m[1mreimport[22m | hn_wu_yong_walk_sw.png[39m[0m
[  21% ] [90m[1mreimport[22m | hn_wu_yong_walk_se.png[39m[0m
[  21% ] [90m[1mreimport[22m | hn_wu_yong_walk_nw.png[39m[0m
[  21% ] [90m[1mreimport[22m | hn_wu_yong_walk_ne.png[39m[0m
[  21% ] [90m[1mreimport[22m | hn_wu_yong_idle_sw.png[39m[0m
[  21% ] [90m[1mreimport[22m | hn_wu_yong_idle_se.png[39m[0m
[  21% ] [90m[1mreimport[22m | hn_wu_yong_idle_nw.png[39m[0m
[  21% ] [90m[1mreimport[22m | hn_wu_yong_idle_ne.png[39m[0m
[  21% ] [90m[1mreimport[22m | hn_gongsun_sheng_idle_sw.png[39m[0m
[  21% ] [90m[1mreimport[22m | hn_gongsun_sheng_idle_se.png[39m[0m
[  21% ] [90m[1mreimport[22m | hn_gongsun_sheng_idle_nw.png[39m[0m
[  22% ] [90m[1mreimport[22m | hn_gongsun_sheng_idle_ne.png[39m[0m
[  22% ] [90m[1mreimport[22m | hn_chao_gai_walk_sw.png[39m[0m
[  22% ] [90m[1mreimport[22m | hn_chao_gai_walk_se.png[39m[0m
[  22% ] [90m[1mreimport[22m | hn_chao_gai_walk_nw.png[39m[0m
[  22% ] [90m[1mreimport[22m | hn_chao_gai_walk_ne.png[39m[0m
[  22% ] [90m[1mreimport[22m | hn_chao_gai_idle_sw.png[39m[0m
[  22% ] [90m[1mreimport[22m | hn_chao_gai_idle_se.png[39m[0m
[  22% ] [90m[1mreimport[22m | hn_chao_gai_idle_nw.png[39m[0m
[  22% ] [90m[1mreimport[22m | hn_chao_gai_idle_ne.png[39m[0m
[  22% ] [90m[1mreimport[22m | hn_bai_sheng_walk_sw.png[39m[0m
[  22% ] [90m[1mreimport[22m | hn_bai_sheng_walk_se.png[39m[0m
[  23% ] [90m[1mreimport[22m | hn_bai_sheng_walk_nw.png[39m[0m
[  23% ] [90m[1mreimport[22m | hn_bai_sheng_walk_ne.png[39m[0m
[  23% ] [90m[1mreimport[22m | hn_bai_sheng_idle_sw.png[39m[0m
[  23% ] [90m[1mreimport[22m | hn_bai_sheng_idle_se.png[39m[0m
[  23% ] [90m[1mreimport[22m | hn_ruan_xiaoer_walk_nw.png[39m[0m
[  23% ] [90m[1mreimport[22m | hn_ruan_xiaoer_walk_ne.png[39m[0m
[  23% ] [90m[1mreimport[22m | hn_ruan_xiaoer_idle_sw.png[39m[0m
[  23% ] [90m[1mreimport[22m | hn_ruan_xiaoer_idle_se.png[39m[0m
[  23% ] [90m[1mreimport[22m | hn_ruan_xiaoer_idle_nw.png[39m[0m
[  23% ] [90m[1mreimport[22m | hn_ruan_xiaoer_idle_ne.png[39m[0m
[  23% ] [90m[1mreimport[22m | hn_liu_tang_walk_sw.png[39m[0m
[  23% ] [90m[1mreimport[22m | hn_liu_tang_walk_se.png[39m[0m
[  24% ] [90m[1mreimport[22m | hn_liu_tang_walk_nw.png[39m[0m
[  24% ] [90m[1mreimport[22m | hn_liu_tang_walk_ne.png[39m[0m
[  24% ] [90m[1mreimport[22m | hn_liu_tang_idle_sw.png[39m[0m
[  24% ] [90m[1mreimport[22m | hn_liu_tang_idle_se.png[39m[0m
[  24% ] [90m[1mreimport[22m | hn_liu_tang_idle_nw.png[39m[0m
[  24% ] [90m[1mreimport[22m | hn_liu_tang_idle_ne.png[39m[0m
[  24% ] [90m[1mreimport[22m | hn_gongsun_sheng_walk_sw.png[39m[0m
[  24% ] [90m[1mreimport[22m | hn_gongsun_sheng_walk_se.png[39m[0m
[  24% ] [90m[1mreimport[22m | hn_gongsun_sheng_walk_nw.png[39m[0m
[  24% ] [90m[1mreimport[22m | hn_gongsun_sheng_walk_ne.png[39m[0m
[  24% ] [90m[1mreimport[22m | yue_he_officer.png[39m[0m
[  25% ] [90m[1mreimport[22m | xue_ba_escort.png[39m[0m
[  25% ] [90m[1mreimport[22m | wu_song_mengzhou.png[39m[0m
[  25% ] [90m[1mreimport[22m | town_woman.png[39m[0m
[  25% ] [90m[1mreimport[22m | town_vendor.png[39m[0m
[  25% ] [90m[1mreimport[22m | town_porter.png[39m[0m
[  25% ] [90m[1mreimport[22m | town_elder.png[39m[0m
[  25% ] [90m[1mreimport[22m | song_jiang_rescued.png[39m[0m
[  25% ] [90m[1mreimport[22m | song_jiang_bound.png[39m[0m
[  25% ] [90m[1mreimport[22m | shi_qian_lantern.png[39m[0m
[  25% ] [90m[1mreimport[22m | rescued_shi_xiu.png[39m[0m
[  25% ] [90m[1mreimport[22m | rescued_lu_junyi.png[39m[0m
[  26% ] [90m[1mreimport[22m | lu_zhishen_rescue.png[39m[0m
[  26% ] [90m[1mreimport[22m | li_kui_jiangzhou.png[39m[0m
[  26% ] [90m[1mreimport[22m | lin_chong_prisoner.png[39m[0m
[  26% ] [90m[1mreimport[22m | lin_chong_escort.png[39m[0m
[  26% ] [90m[1mreimport[22m | lin_chong_bound.png[39m[0m
[  26% ] [90m[1mreimport[22m | idle_nw.png[39m[0m
[  26% ] [90m[1mreimport[22m | idle_ne.png[39m[0m
[  26% ] [90m[1mreimport[22m | fall_sw.png[39m[0m
[  26% ] [90m[1mreimport[22m | fall_se.png[39m[0m
[  26% ] [90m[1mreimport[22m | fall_nw.png[39m[0m
[  26% ] [90m[1mreimport[22m | fall_ne.png[39m[0m
[  26% ] [90m[1mreimport[22m | down_atlas.png[39m[0m
[  27% ] [90m[1mreimport[22m | attack_sw.png[39m[0m
[  27% ] [90m[1mreimport[22m | attack_se.png[39m[0m
[  27% ] [90m[1mreimport[22m | attack_nw.png[39m[0m
[  27% ] [90m[1mreimport[22m | attack_ne.png[39m[0m
[  27% ] [90m[1mreimport[22m | sw_windup.png[39m[0m
[  27% ] [90m[1mreimport[22m | sw_walk.png[39m[0m
[  27% ] [90m[1mreimport[22m | sw.png[39m[0m
[  27% ] [90m[1mreimport[22m | se.png[39m[0m
[  27% ] [90m[1mreimport[22m | nw.png[39m[0m
[  27% ] [90m[1mreimport[22m | ne_walk.png[39m[0m
[  27% ] [90m[1mreimport[22m | ne.png[39m[0m
[  28% ] [90m[1mreimport[22m | bound_shi_xiu.png[39m[0m
[  28% ] [90m[1mreimport[22m | bound_lu_junyi.png[39m[0m
[  28% ] [90m[1mreimport[22m | zhu_gate_native_20260906_default.png[39m[0m
[  28% ] [90m[1mreimport[22m | wine_buckets_default.png[39m[0m
[  28% ] [90m[1mreimport[22m | wine_bowls_default.png[39m[0m
[  28% ] [90m[1mreimport[22m | tribute_load_default.png[39m[0m
[  28% ] [90m[1mreimport[22m | tribute_load_alpha_20260906_default.png[39m[0m
[  28% ] [90m[1mreimport[22m | roadside_tavern_default.png[39m[0m
[  28% ] [90m[1mreimport[22m | prison_gate_open.png[39m[0m
[  28% ] [90m[1mreimport[22m | prison_gate_default.png[39m[0m
[  28% ] [90m[1mreimport[22m | official_warship_flooding_sw.png[39m[0m
[  28% ] [90m[1mreimport[22m | official_warship_flooding_se.png[39m[0m
[  29% ] [90m[1mreimport[22m | official_warship_flooding_nw.png[39m[0m
[  29% ] [90m[1mreimport[22m | official_warship_flooding_ne.png[39m[0m
[  29% ] [90m[1mreimport[22m | official_warship_flooding.png[39m[0m
[  29% ] [90m[1mreimport[22m | official_warship_disabled.png[39m[0m
[  29% ] [90m[1mreimport[22m | official_warship_default_sw.png[39m[0m
[  29% ] [90m[1mreimport[22m | official_warship_default_se.png[39m[0m
[  29% ] [90m[1mreimport[22m | jiang_menshen_fists.png[39m[0m
[  29% ] [90m[1mreimport[22m | hn_wu_yong.png[39m[0m
[  29% ] [90m[1mreimport[22m | hn_ruan_xiaowu.png[39m[0m
[  29% ] [90m[1mreimport[22m | hn_ruan_xiaoqi.png[39m[0m
[  29% ] [90m[1mreimport[22m | hn_ruan_xiaoer.png[39m[0m
[  30% ] [90m[1mreimport[22m | hn_liu_tang.png[39m[0m
[  30% ] [90m[1mreimport[22m | hn_gongsun_sheng.png[39m[0m
[  30% ] [90m[1mreimport[22m | hn_chao_gai.png[39m[0m
[  30% ] [90m[1mreimport[22m | hn_bai_sheng.png[39m[0m
[  30% ] [90m[1mreimport[22m | gao_qiu_captured.png[39m[0m
[  30% ] [90m[1mreimport[22m | dong_chao_escort.png[39m[0m
[  30% ] [90m[1mreimport[22m | daming_rescued_shi_xiu.png[39m[0m
[  30% ] [90m[1mreimport[22m | daming_rescued_lu_junyi.png[39m[0m
[  30% ] [90m[1mreimport[22m | daming_bound_shi_xiu.png[39m[0m
[  30% ] [90m[1mreimport[22m | daming_bound_lu_junyi.png[39m[0m
[  30% ] [90m[1mreimport[22m | dai_zong_rescued.png[39m[0m
[  30% ] [90m[1mreimport[22m | dai_zong_bound.png[39m[0m
[  31% ] [90m[1mreimport[22m | chai_jin_officer.png[39m[0m
[  31% ] [90m[1mreimport[22m | portraits14.png[39m[0m
[  31% ] [90m[1mreimport[22m | portraits13.png[39m[0m
[  31% ] [90m[1mreimport[22m | portraits12.png[39m[0m
[  31% ] [90m[1mreimport[22m | portraits11.png[39m[0m
[  31% ] [90m[1mreimport[22m | portraits10.png[39m[0m
[  31% ] [90m[1mreimport[22m | portraits9.png[39m[0m
[  31% ] [90m[1mreimport[22m | portraits8.png[39m[0m
[  31% ] [90m[1mreimport[22m | portraits7.png[39m[0m
[  31% ] [90m[1mreimport[22m | portraits6.png[39m[0m
[  31% ] [90m[1mreimport[22m | portraits5.png[39m[0m
[  32% ] [90m[1mreimport[22m | portraits4.png[39m[0m
[  32% ] [90m[1mreimport[22m | portraits3.png[39m[0m
[  32% ] [90m[1mreimport[22m | portraits2.png[39m[0m
[  32% ] [90m[1mreimport[22m | objects.png[39m[0m
[  32% ] [90m[1mreimport[22m | fx_kit2.png[39m[0m
[  32% ] [90m[1mreimport[22m | fx_items.png[39m[0m
[  32% ] [90m[1mreimport[22m | fx_ability_projectiles.png[39m[0m
[  32% ] [90m[1mreimport[22m | icon.png[39m[0m
[  32% ] [90m[1mreimport[22m | wards.png[39m[0m
[  32% ] [90m[1mreimport[22m | units_sheet.png[39m[0m
[  32% ] [90m[1mreimport[22m | units3.png[39m[0m
[  33% ] [90m[1mreimport[22m | units2.png[39m[0m
[  33% ] [90m[1mreimport[22m | traps.png[39m[0m
[  33% ] [90m[1mreimport[22m | tower_thunder.png[39m[0m
[  33% ] [90m[1mreimport[22m | tower_caltrop.png[39m[0m
[  33% ] [90m[1mreimport[22m | tower_arrow.png[39m[0m
[  33% ] [90m[1mreimport[22m | tower_altar.png[39m[0m
[  33% ] [90m[1mreimport[22m | terrain_sheet.png[39m[0m
[  33% ] [90m[1mreimport[22m | terrain2.png[39m[0m
[  33% ] [90m[1mreimport[22m | portrait_gongsun_sheng.png[39m[0m
[  33% ] [90m[1mreimport[22m | portraits_sheet.png[39m[0m
[  33% ] [90m[1mreimport[22m | portraits18.png[39m[0m
[  33% ] [90m[1mreimport[22m | portraits17.png[39m[0m
[  34% ] [90m[1mreimport[22m | portraits16.png[39m[0m
[  34% ] [90m[1mreimport[22m | portraits15.png[39m[0m
[  34% ] [90m[1mreimport[22m | li_brawn_v2.png[39m[0m
[  34% ] [90m[1mreimport[22m | li_axes_v2.png[39m[0m
[  34% ] [90m[1mreimport[22m | lin_thrust_v2.png[39m[0m
[  34% ] [90m[1mreimport[22m | lin_sweep_v2.png[39m[0m
[  34% ] [90m[1mreimport[22m | lin_predator_v2.png[39m[0m
[  34% ] [90m[1mreimport[22m | lin_chrono_v2.png[39m[0m
[  34% ] [90m[1mreimport[22m | hua_rain_v2.png[39m[0m
[  34% ] [90m[1mreimport[22m | hua_pin_v2.png[39m[0m
[  34% ] [90m[1mreimport[22m | hua_blink_v2.png[39m[0m
[  35% ] [90m[1mreimport[22m | hua_blade_v2.png[39m[0m
[  35% ] [90m[1mreimport[22m | gong_slow_v2.png[39m[0m
[  35% ] [90m[1mreimport[22m | gong_icewall_v2.png[39m[0m
[  35% ] [90m[1mreimport[22m | gong_dragon_v2.png[39m[0m
[  35% ] [90m[1mreimport[22m | gong_blackrain_v2.png[39m[0m
[  35% ] [90m[1mreimport[22m | walk_sw.png[39m[0m
[  35% ] [90m[1mreimport[22m | walk_atlas.png[39m[0m
[  35% ] [90m[1mreimport[22m | idle_sw.png[39m[0m
[  35% ] [90m[1mreimport[22m | idle_se.png[39m[0m
[  35% ] [90m[1mreimport[22m | fx_ability_impacts.png[39m[0m
[  35% ] [90m[1mreimport[22m | buildings.png[39m[0m
[  35% ] [90m[1mreimport[22m | buildings3.png[39m[0m
[  36% ] [90m[1mreimport[22m | buildings2.png[39m[0m
[  36% ] [90m[1mreimport[22m | gong_beast_charge_run.png[39m[0m
[  36% ] [90m[1mreimport[22m | gong_beast_charge.png[39m[0m
[  36% ] [90m[1mreimport[22m | boot_splash.png[39m[0m
[  36% ] [90m[1mreimport[22m | app_icon_256.png[39m[0m
[  36% ] [90m[1mreimport[22m | wu_wine_v2.png[39m[0m
[  36% ] [90m[1mreimport[22m | wu_tigers_v2.png[39m[0m
[  36% ] [90m[1mreimport[22m | wu_drunkgod_v2.png[39m[0m
[  36% ] [90m[1mreimport[22m | wu_blades_v2.png[39m[0m
[  36% ] [90m[1mreimport[22m | song_rally_v2.png[39m[0m
[  36% ] [90m[1mreimport[22m | song_lead_v2.png[39m[0m
[  37% ] [90m[1mreimport[22m | song_fire_v2.png[39m[0m
[  37% ] [90m[1mreimport[22m | song_banner_v2.png[39m[0m
[  37% ] [90m[1mreimport[22m | li_fury_v2.png[39m[0m
[  37% ] [90m[1mreimport[22m | li_charge_v2.png[39m[0m
[  37% ] [90m[1mreimport[22m | huangnigang_seven_pudao.png[39m[0m
[  37% ] [90m[1mreimport[22m | huangnigang_pine_young_lean.png[39m[0m
[  37% ] [90m[1mreimport[22m | huangnigang_pine_old.png[39m[0m
[  37% ] [90m[1mreimport[22m | huangnigang_pine_double.png[39m[0m
[  37% ] [90m[1mreimport[22m | huangnigang_dry_verge.png[39m[0m
[  37% ] [90m[1mreimport[22m | yue_he_officer_idle_sw.png[39m[0m
[  37% ] [90m[1mreimport[22m | yue_he_officer_idle_se.png[39m[0m
[  38% ] [90m[1mreimport[22m | yue_he_officer_idle_nw.png[39m[0m
[  38% ] [90m[1mreimport[22m | yue_he_officer_idle_ne.png[39m[0m
[  38% ] [90m[1mreimport[22m | xue_ba_escort_walk_sw.png[39m[0m
[  38% ] [90m[1mreimport[22m | xue_ba_escort_walk_se.png[39m[0m
[  38% ] [90m[1mreimport[22m | xue_ba_escort_walk_nw.png[39m[0m
[  38% ] [90m[1mreimport[22m | xue_ba_escort_walk_ne.png[39m[0m
[  38% ] [90m[1mreimport[22m | xue_ba_escort_idle_sw.png[39m[0m
[  38% ] [90m[1mreimport[22m | xue_ba_escort_idle_se.png[39m[0m
[  38% ] [90m[1mreimport[22m | xue_ba_escort_idle_nw.png[39m[0m
[  38% ] [90m[1mreimport[22m | xue_ba_escort_idle_ne.png[39m[0m
[  38% ] [90m[1mreimport[22m | reeds_short.png[39m[0m
[  38% ] [90m[1mreimport[22m | reeds_seeded.png[39m[0m
[  39% ] [90m[1mreimport[22m | reeds_bent.png[39m[0m
[  39% ] [90m[1mreimport[22m | main_gate.png[39m[0m
[  39% ] [90m[1mreimport[22m | liangshan_hilltop_standard_blank.png[39m[0m
[  39% ] [90m[1mreimport[22m | dock_straight.png[39m[0m
[  39% ] [90m[1mreimport[22m | dock_head_t.png[39m[0m
[  39% ] [90m[1mreimport[22m | wine_buckets.png[39m[0m
[  39% ] [90m[1mreimport[22m | wine_bowls_scoop.png[39m[0m
[  39% ] [90m[1mreimport[22m | tribute_load.png[39m[0m
[  39% ] [90m[1mreimport[22m | jujube_load.png[39m[0m
[  39% ] [90m[1mreimport[22m | jujube_cart_07.png[39m[0m
[  39% ] [90m[1mreimport[22m | jujube_cart_06.png[39m[0m
[  40% ] [90m[1mreimport[22m | jujube_cart_05.png[39m[0m
[  40% ] [90m[1mreimport[22m | jujube_cart_04.png[39m[0m
[  40% ] [90m[1mreimport[22m | jujube_cart_03.png[39m[0m
[  40% ] [90m[1mreimport[22m | jujube_cart_02.png[39m[0m
[  40% ] [90m[1mreimport[22m | jujube_cart_01.png[39m[0m
[  40% ] [90m[1mreimport[22m | wu_song_mengzhou_attack_nw.png[39m[0m
[  40% ] [90m[1mreimport[22m | wu_song_mengzhou_attack_ne.png[39m[0m
[  40% ] [90m[1mreimport[22m | town_woman_idle_sw.png[39m[0m
[  40% ] [90m[1mreimport[22m | town_woman_idle_se.png[39m[0m
[  40% ] [90m[1mreimport[22m | town_woman_idle_nw.png[39m[0m
[  40% ] [90m[1mreimport[22m | town_woman_idle_ne.png[39m[0m
[  40% ] [90m[1mreimport[22m | town_vendor_idle_sw.png[39m[0m
[  41% ] [90m[1mreimport[22m | town_vendor_idle_se.png[39m[0m
[  41% ] [90m[1mreimport[22m | town_vendor_idle_nw.png[39m[0m
[  41% ] [90m[1mreimport[22m | town_vendor_idle_ne.png[39m[0m
[  41% ] [90m[1mreimport[22m | town_porter_idle_sw.png[39m[0m
[  41% ] [90m[1mreimport[22m | town_porter_idle_se.png[39m[0m
[  41% ] [90m[1mreimport[22m | town_porter_idle_nw.png[39m[0m
[  41% ] [90m[1mreimport[22m | town_porter_idle_ne.png[39m[0m
[  41% ] [90m[1mreimport[22m | town_elder_idle_sw.png[39m[0m
[  41% ] [90m[1mreimport[22m | town_elder_idle_se.png[39m[0m
[  41% ] [90m[1mreimport[22m | town_elder_idle_nw.png[39m[0m
[  41% ] [90m[1mreimport[22m | town_elder_idle_ne.png[39m[0m
[  42% ] [90m[1mreimport[22m | wu_song_mengzhou_walk_sw.png[39m[0m
[  42% ] [90m[1mreimport[22m | wu_song_mengzhou_walk_se.png[39m[0m
[  42% ] [90m[1mreimport[22m | wu_song_mengzhou_walk_nw.png[39m[0m
[  42% ] [90m[1mreimport[22m | wu_song_mengzhou_walk_ne.png[39m[0m
[  42% ] [90m[1mreimport[22m | wu_song_mengzhou_idle_sw.png[39m[0m
[  42% ] [90m[1mreimport[22m | wu_song_mengzhou_idle_se.png[39m[0m
[  42% ] [90m[1mreimport[22m | wu_song_mengzhou_idle_nw.png[39m[0m
[  42% ] [90m[1mreimport[22m | wu_song_mengzhou_idle_ne.png[39m[0m
[  42% ] [90m[1mreimport[22m | wu_song_mengzhou_hurt_sw.png[39m[0m
[  42% ] [90m[1mreimport[22m | wu_song_mengzhou_hurt_se.png[39m[0m
[  42% ] [90m[1mreimport[22m | wu_song_mengzhou_hurt_nw.png[39m[0m
[  42% ] [90m[1mreimport[22m | wu_song_mengzhou_hurt_ne.png[39m[0m
[  43% ] [90m[1mreimport[22m | wu_song_mengzhou_down_sw.png[39m[0m
[  43% ] [90m[1mreimport[22m | wu_song_mengzhou_down_se.png[39m[0m
[  43% ] [90m[1mreimport[22m | wu_song_mengzhou_down_nw.png[39m[0m
[  43% ] [90m[1mreimport[22m | wu_song_mengzhou_down_ne.png[39m[0m
[  43% ] [90m[1mreimport[22m | wu_song_mengzhou_attack_sw.png[39m[0m
[  43% ] [90m[1mreimport[22m | wu_song_mengzhou_attack_se.png[39m[0m
[  43% ] [90m[1mreimport[22m | official_vanguard_default_nw.png[39m[0m
[  43% ] [90m[1mreimport[22m | official_vanguard_default_ne.png[39m[0m
[  43% ] [90m[1mreimport[22m | official_vanguard_damaged_sw.png[39m[0m
[  43% ] [90m[1mreimport[22m | official_vanguard_damaged_se.png[39m[0m
[  43% ] [90m[1mreimport[22m | official_vanguard_damaged_nw.png[39m[0m
[  44% ] [90m[1mreimport[22m | official_vanguard_damaged_ne.png[39m[0m
[  44% ] [90m[1mreimport[22m | linked_cavalry_default.png[39m[0m
[  44% ] [90m[1mreimport[22m | liangshan_boat_default_sw.png[39m[0m
[  44% ] [90m[1mreimport[22m | liangshan_boat_default_se.png[39m[0m
[  44% ] [90m[1mreimport[22m | liangshan_boat_default_nw.png[39m[0m
[  44% ] [90m[1mreimport[22m | liangshan_boat_default_ne.png[39m[0m
[  44% ] [90m[1mreimport[22m | liangshan_boat_default.png[39m[0m
[  44% ] [90m[1mreimport[22m | jujube_load_default.png[39m[0m
[  44% ] [90m[1mreimport[22m | jujube_cart_default.png[39m[0m
[  44% ] [90m[1mreimport[22m | hook_training_dummy_default.png[39m[0m
[  44% ] [90m[1mreimport[22m | hook_spear_team_engaged.png[39m[0m
[  45% ] [90m[1mreimport[22m | hook_spear_team_default.png[39m[0m
[  45% ] [90m[1mreimport[22m | heyang_tavern_default.png[39m[0m
[  45% ] [90m[1mreimport[22m | official_warship_default_nw.png[39m[0m
[  45% ] [90m[1mreimport[22m | official_warship_default_ne.png[39m[0m
[  45% ] [90m[1mreimport[22m | official_warship_default.png[39m[0m
[  45% ] [90m[1mreimport[22m | official_warship_damaged_sw.png[39m[0m
[  45% ] [90m[1mreimport[22m | official_warship_damaged_se.png[39m[0m
[  45% ] [90m[1mreimport[22m | official_warship_damaged_nw.png[39m[0m
[  45% ] [90m[1mreimport[22m | official_warship_damaged_ne.png[39m[0m
[  45% ] [90m[1mreimport[22m | official_warship_damaged.png[39m[0m
[  45% ] [90m[1mreimport[22m | official_vanguard_flooding_sw.png[39m[0m
[  45% ] [90m[1mreimport[22m | official_vanguard_flooding_se.png[39m[0m
[  46% ] [90m[1mreimport[22m | official_vanguard_flooding_nw.png[39m[0m
[  46% ] [90m[1mreimport[22m | official_vanguard_flooding_ne.png[39m[0m
[  46% ] [90m[1mreimport[22m | official_vanguard_disabled_sw.png[39m[0m
[  46% ] [90m[1mreimport[22m | official_vanguard_disabled_se.png[39m[0m
[  46% ] [90m[1mreimport[22m | official_vanguard_disabled_nw.png[39m[0m
[  46% ] [90m[1mreimport[22m | official_vanguard_disabled_ne.png[39m[0m
[  46% ] [90m[1mreimport[22m | official_vanguard_default_sw.png[39m[0m
[  46% ] [90m[1mreimport[22m | official_vanguard_default_se.png[39m[0m
[  46% ] [90m[1mreimport[22m | cuiyun_tower_signal.png[39m[0m
[  46% ] [90m[1mreimport[22m | cuiyun_tower_default.png[39m[0m
[  46% ] [90m[1mreimport[22m | broken_cavalry_default.png[39m[0m
[  47% ] [90m[1mreimport[22m | bailong_temple_default.png[39m[0m
[  47% ] [90m[1mreimport[22m | surface_wet_bank.png[39m[0m
[  47% ] [90m[1mreimport[22m | surface_forest_earth.png[39m[0m
[  47% ] [90m[1mreimport[22m | surface_field.png[39m[0m
[  47% ] [90m[1mreimport[22m | surface_dry_earth.png[39m[0m
[  47% ] [90m[1mreimport[22m | surface_compacted_stone.png[39m[0m
[  47% ] [90m[1mreimport[22m | zhongyi_hall_standard_west_blank.png[39m[0m
[  47% ] [90m[1mreimport[22m | zhongyi_hall_standard_east_blank.png[39m[0m
[  47% ] [90m[1mreimport[22m | zhongyi_hall.png[39m[0m
[  47% ] [90m[1mreimport[22m | willow_old.png[39m[0m
[  47% ] [90m[1mreimport[22m | watchtower.png[39m[0m
[  47% ] [90m[1mreimport[22m | tree_young.png[39m[0m
[  48% ] [90m[1mreimport[22m | tree_broad.png[39m[0m
[  48% ] [90m[1mreimport[22m | stockade_segment.png[39m[0m
[  48% ] [90m[1mreimport[22m | reeds_tall.png[39m[0m
[  48% ] [90m[1mreimport[22m | gao_flagship_flooding_sw.png[39m[0m
[  48% ] [90m[1mreimport[22m | gao_flagship_flooding_se.png[39m[0m
[  48% ] [90m[1mreimport[22m | gao_flagship_flooding_nw.png[39m[0m
[  48% ] [90m[1mreimport[22m | gao_flagship_flooding_ne.png[39m[0m
[  48% ] [90m[1mreimport[22m | gao_flagship_disabled_sw.png[39m[0m
[  48% ] [90m[1mreimport[22m | gao_flagship_disabled_se.png[39m[0m
[  48% ] [90m[1mreimport[22m | gao_flagship_disabled_nw.png[39m[0m
[  48% ] [90m[1mreimport[22m | gao_flagship_disabled_ne.png[39m[0m
[  49% ] [90m[1mreimport[22m | gao_flagship_default_sw.png[39m[0m
[  49% ] [90m[1mreimport[22m | gao_flagship_default_se.png[39m[0m
[  49% ] [90m[1mreimport[22m | gao_flagship_default_nw.png[39m[0m
[  49% ] [90m[1mreimport[22m | gao_flagship_default_ne.png[39m[0m
[  49% ] [90m[1mreimport[22m | gao_flagship_damaged_sw.png[39m[0m
[  49% ] [90m[1mreimport[22m | gao_flagship_damaged_se.png[39m[0m
[  49% ] [90m[1mreimport[22m | gao_flagship_damaged_nw.png[39m[0m
[  49% ] [90m[1mreimport[22m | gao_flagship_damaged_ne.png[39m[0m
[  49% ] [90m[1mreimport[22m | death_remains_default.png[39m[0m
[  49% ] [90m[1mreimport[22m | daming_south_gate_default.png[39m[0m
[  49% ] [90m[1mreimport[22m | hua_rong_melee_death.png[39m[0m
[  50% ] [90m[1mreimport[22m | hua_rong_melee_attack.png[39m[0m
[  50% ] [90m[1mreimport[22m | hua_rong_idle.png[39m[0m
[  50% ] [90m[1mreimport[22m | hua_rong_death.png[39m[0m
[  50% ] [90m[1mreimport[22m | hua_rong_attack.png[39m[0m
[  50% ] [90m[1mreimport[22m | huang_xin_walk.png[39m[0m
[  50% ] [90m[1mreimport[22m | huang_xin_attack.png[39m[0m
[  50% ] [90m[1mreimport[22m | huangfu_duan_walk.png[39m[0m
[  50% ] [90m[1mreimport[22m | huangfu_duan_attack.png[39m[0m
[  50% ] [90m[1mreimport[22m | hou_jian_walk.png[39m[0m
[  50% ] [90m[1mreimport[22m | hou_jian_attack.png[39m[0m
[  50% ] [90m[1mreimport[22m | hao_siwen_walk.png[39m[0m
[  50% ] [90m[1mreimport[22m | hao_siwen_attack.png[39m[0m
[  51% ] [90m[1mreimport[22m | han_tao_walk.png[39m[0m
[  51% ] [90m[1mreimport[22m | han_tao_attack.png[39m[0m
[  51% ] [90m[1mreimport[22m | gu_dasao_walk.png[39m[0m
[  51% ] [90m[1mreimport[22m | gu_dasao_attack.png[39m[0m
[  51% ] [90m[1mreimport[22m | jiang_thug_attack.png[39m[0m
[  51% ] [90m[1mreimport[22m | jiang_menshen_walk.png[39m[0m
[  51% ] [90m[1mreimport[22m | jiang_menshen_idle.png[39m[0m
[  51% ] [90m[1mreimport[22m | jiang_menshen_death.png[39m[0m
[  51% ] [90m[1mreimport[22m | jiang_menshen_attack.png[39m[0m
[  51% ] [90m[1mreimport[22m | jiang_jing_walk.png[39m[0m
[  51% ] [90m[1mreimport[22m | jiang_jing_attack.png[39m[0m
[  52% ] [90m[1mreimport[22m | hu_yanzhuo_walk.png[39m[0m
[  52% ] [90m[1mreimport[22m | hu_yanzhuo_idle.png[39m[0m
[  52% ] [90m[1mreimport[22m | hu_yanzhuo_death.png[39m[0m
[  52% ] [90m[1mreimport[22m | hu_yanzhuo_attack.png[39m[0m
[  52% ] [90m[1mreimport[22m | hu_sanniang_walk.png[39m[0m
[  52% ] [90m[1mreimport[22m | hu_sanniang_idle.png[39m[0m
[  52% ] [90m[1mreimport[22m | hu_sanniang_death.png[39m[0m
[  52% ] [90m[1mreimport[22m | hu_sanniang_attack.png[39m[0m
[  52% ] [90m[1mreimport[22m | hua_rong_walk.png[39m[0m
[  52% ] [90m[1mreimport[22m | hua_rong_melee_walk.png[39m[0m
[  52% ] [90m[1mreimport[22m | hua_rong_melee_idle.png[39m[0m
[  52% ] [90m[1mreimport[22m | guan_qi_idle_ne.png[39m[0m
[  53% ] [90m[1mreimport[22m | guan_qi_idle.png[39m[0m
[  53% ] [90m[1mreimport[22m | guan_qi_death_sw.png[39m[0m
[  53% ] [90m[1mreimport[22m | guan_qi_death_se.png[39m[0m
[  53% ] [90m[1mreimport[22m | guan_qi_death_nw.png[39m[0m
[  53% ] [90m[1mreimport[22m | guan_qi_death_ne.png[39m[0m
[  53% ] [90m[1mreimport[22m | guan_qi_death.png[39m[0m
[  53% ] [90m[1mreimport[22m | guan_qi_attack_sw.png[39m[0m
[  53% ] [90m[1mreimport[22m | guan_qi_attack_se.png[39m[0m
[  53% ] [90m[1mreimport[22m | guan_qi_attack_nw.png[39m[0m
[  53% ] [90m[1mreimport[22m | guan_qi_attack_ne.png[39m[0m
[  53% ] [90m[1mreimport[22m | guan_qi_attack.png[39m[0m
[  54% ] [90m[1mreimport[22m | guan_qiang_walk.png[39m[0m
[  54% ] [90m[1mreimport[22m | guan_musket_walk.png[39m[0m
[  54% ] [90m[1mreimport[22m | guan_musket_idle_sw.png[39m[0m
[  54% ] [90m[1mreimport[22m | guan_musket_idle_se.png[39m[0m
[  54% ] [90m[1mreimport[22m | guan_musket_idle_nw.png[39m[0m
[  54% ] [90m[1mreimport[22m | guan_musket_idle_ne.png[39m[0m
[  54% ] [90m[1mreimport[22m | guo_sheng_walk.png[39m[0m
[  54% ] [90m[1mreimport[22m | guo_sheng_attack.png[39m[0m
[  54% ] [90m[1mreimport[22m | guan_zhanzi_walk.png[39m[0m
[  54% ] [90m[1mreimport[22m | guan_zhanzi_idle_sw.png[39m[0m
[  54% ] [90m[1mreimport[22m | guan_zhanzi_idle_se.png[39m[0m
[  54% ] [90m[1mreimport[22m | guan_zhanzi_idle_nw.png[39m[0m
[  55% ] [90m[1mreimport[22m | guan_zhanzi_idle_ne.png[39m[0m
[  55% ] [90m[1mreimport[22m | guan_zhanzi_attack.png[39m[0m
[  55% ] [90m[1mreimport[22m | guan_sheng_walk.png[39m[0m
[  55% ] [90m[1mreimport[22m | guan_sheng_attack.png[39m[0m
[  55% ] [90m[1mreimport[22m | guan_qi_walk_sw.png[39m[0m
[  55% ] [90m[1mreimport[22m | guan_qi_walk_se.png[39m[0m
[  55% ] [90m[1mreimport[22m | guan_qi_walk_nw.png[39m[0m
[  55% ] [90m[1mreimport[22m | guan_qi_walk_ne.png[39m[0m
[  55% ] [90m[1mreimport[22m | guan_qi_walk.png[39m[0m
[  55% ] [90m[1mreimport[22m | guan_qi_idle_sw.png[39m[0m
[  55% ] [90m[1mreimport[22m | guan_qi_idle_se.png[39m[0m
[  56% ] [90m[1mreimport[22m | guan_qi_idle_nw.png[39m[0m
[  56% ] [90m[1mreimport[22m | liang_ma_idle_se.png[39m[0m
[  56% ] [90m[1mreimport[22m | liang_ma_idle_nw.png[39m[0m
[  56% ] [90m[1mreimport[22m | liang_ma_idle_ne.png[39m[0m
[  56% ] [90m[1mreimport[22m | liang_ma_idle.png[39m[0m
[  56% ] [90m[1mreimport[22m | liang_ma_death.png[39m[0m
[  56% ] [90m[1mreimport[22m | liang_ma_attack.png[39m[0m
[  56% ] [90m[1mreimport[22m | liang_gong_walk.png[39m[0m
[  56% ] [90m[1mreimport[22m | liang_gong_idle_sw.png[39m[0m
[  56% ] [90m[1mreimport[22m | liang_gong_idle_se.png[39m[0m
[  56% ] [90m[1mreimport[22m | liang_gong_idle_nw.png[39m[0m
[  57% ] [90m[1mreimport[22m | liang_gong_idle_ne.png[39m[0m
[  57% ] [90m[1mreimport[22m | liang_gong_idle.png[39m[0m
[  57% ] [90m[1mreimport[22m | liang_gong_death.png[39m[0m
[  57% ] [90m[1mreimport[22m | liang_gong_attack.png[39m[0m
[  57% ] [90m[1mreimport[22m | liang_dao_walk.png[39m[0m
[  57% ] [90m[1mreimport[22m | liang_dao_idle_sw.png[39m[0m
[  57% ] [90m[1mreimport[22m | liang_dao_idle_se.png[39m[0m
[  57% ] [90m[1mreimport[22m | lian_huan_ma_death_se.png[39m[0m
[  57% ] [90m[1mreimport[22m | lian_huan_ma_death_nw.png[39m[0m
[  57% ] [90m[1mreimport[22m | lian_huan_ma_death_ne.png[39m[0m
[  57% ] [90m[1mreimport[22m | lian_huan_ma_attack_sw.png[39m[0m
[  57% ] [90m[1mreimport[22m | lian_huan_ma_attack_se.png[39m[0m
[  58% ] [90m[1mreimport[22m | lian_huan_ma_attack_nw.png[39m[0m
[  58% ] [90m[1mreimport[22m | lian_huan_ma_attack_ne.png[39m[0m
[  58% ] [90m[1mreimport[22m | lian_huan_ma_attack.png[39m[0m
[  58% ] [90m[1mreimport[22m | liang_qiang_walk.png[39m[0m
[  58% ] [90m[1mreimport[22m | liang_qiang_idle_sw.png[39m[0m
[  58% ] [90m[1mreimport[22m | liang_qiang_idle_se.png[39m[0m
[  58% ] [90m[1mreimport[22m | liang_qiang_idle_nw.png[39m[0m
[  58% ] [90m[1mreimport[22m | liang_qiang_idle_ne.png[39m[0m
[  58% ] [90m[1mreimport[22m | liang_qiang_idle.png[39m[0m
[  58% ] [90m[1mreimport[22m | liang_qiang_death.png[39m[0m
[  58% ] [90m[1mreimport[22m | liang_qiang_attack.png[39m[0m
[  59% ] [90m[1mreimport[22m | liang_ma_walk.png[39m[0m
[  59% ] [90m[1mreimport[22m | liang_ma_idle_sw.png[39m[0m
[  59% ] [90m[1mreimport[22m | kong_ming_attack.png[39m[0m
[  59% ] [90m[1mreimport[22m | kong_liang_walk.png[39m[0m
[  59% ] [90m[1mreimport[22m | kong_liang_attack.png[39m[0m
[  59% ] [90m[1mreimport[22m | jun_han_idle_sw.png[39m[0m
[  59% ] [90m[1mreimport[22m | jun_han_idle_se.png[39m[0m
[  59% ] [90m[1mreimport[22m | jun_han_idle_nw.png[39m[0m
[  59% ] [90m[1mreimport[22m | jun_han_idle_ne.png[39m[0m
[  59% ] [90m[1mreimport[22m | jin_dajian_walk.png[39m[0m
[  59% ] [90m[1mreimport[22m | jin_dajian_attack.png[39m[0m
[  59% ] [90m[1mreimport[22m | jing_zhong_walk.png[39m[0m
[  60% ] [90m[1mreimport[22m | jing_zhong_attack.png[39m[0m
[  60% ] [90m[1mreimport[22m | jiao_ting_walk.png[39m[0m
[  60% ] [90m[1mreimport[22m | jiao_ting_attack.png[39m[0m
[  60% ] [90m[1mreimport[22m | jiang_thug_walk.png[39m[0m
[  60% ] [90m[1mreimport[22m | jiang_thug_idle_sw.png[39m[0m
[  60% ] [90m[1mreimport[22m | jiang_thug_idle_se.png[39m[0m
[  60% ] [90m[1mreimport[22m | jiang_thug_idle_nw.png[39m[0m
[  60% ] [90m[1mreimport[22m | jiang_thug_idle_ne.png[39m[0m
[  60% ] [90m[1mreimport[22m | liang_dao_idle_nw.png[39m[0m
[  60% ] [90m[1mreimport[22m | liang_dao_idle_ne.png[39m[0m
[  60% ] [90m[1mreimport[22m | liang_dao_idle.png[39m[0m
[  61% ] [90m[1mreimport[22m | liang_dao_death.png[39m[0m
[  61% ] [90m[1mreimport[22m | liang_dao_attack.png[39m[0m
[  61% ] [90m[1mreimport[22m | lei_heng_walk.png[39m[0m
[  61% ] [90m[1mreimport[22m | lei_heng_attack.png[39m[0m
[  61% ] [90m[1mreimport[22m | lao_duguan_walk.png[39m[0m
[  61% ] [90m[1mreimport[22m | lao_duguan_idle_sw.png[39m[0m
[  61% ] [90m[1mreimport[22m | lao_duguan_idle_se.png[39m[0m
[  61% ] [90m[1mreimport[22m | lao_duguan_idle_nw.png[39m[0m
[  61% ] [90m[1mreimport[22m | lao_duguan_idle_ne.png[39m[0m
[  61% ] [90m[1mreimport[22m | lao_duguan_down_sw.png[39m[0m
[  61% ] [90m[1mreimport[22m | lao_duguan_down_se.png[39m[0m
[  61% ] [90m[1mreimport[22m | lao_duguan_down_nw.png[39m[0m
[  62% ] [90m[1mreimport[22m | lao_duguan_down_ne.png[39m[0m
[  62% ] [90m[1mreimport[22m | lao_duguan_attack.png[39m[0m
[  62% ] [90m[1mreimport[22m | kong_ming_walk.png[39m[0m
[  62% ] [90m[1mreimport[22m | gong_wang_attack.png[39m[0m
[  62% ] [90m[1mreimport[22m | gong_ren_walk.png[39m[0m
[  62% ] [90m[1mreimport[22m | gong_ren_attack.png[39m[0m
[  62% ] [90m[1mreimport[22m | gongsun_sheng_walk.png[39m[0m
[  62% ] [90m[1mreimport[22m | gongsun_sheng_idle.png[39m[0m
[  62% ] [90m[1mreimport[22m | gongsun_sheng_death.png[39m[0m
[  62% ] [90m[1mreimport[22m | gongsun_sheng_attack.png[39m[0m
[  62% ] [90m[1mreimport[22m | gao_qiu_walk.png[39m[0m
[  63% ] [90m[1mreimport[22m | gao_qiu_idle.png[39m[0m
[  63% ] [90m[1mreimport[22m | gao_qiu_death.png[39m[0m
[  63% ] [90m[1mreimport[22m | gao_qiu_attack.png[39m[0m
[  63% ] [90m[1mreimport[22m | fan_rui_walk.png[39m[0m
[  63% ] [90m[1mreimport[22m | fan_rui_attack.png[39m[0m
[  63% ] [90m[1mreimport[22m | du_xing_walk.png[39m[0m
[  63% ] [90m[1mreimport[22m | du_xing_attack.png[39m[0m
[  63% ] [90m[1mreimport[22m | du_qian_walk.png[39m[0m
[  63% ] [90m[1mreimport[22m | du_qian_attack.png[39m[0m
[  63% ] [90m[1mreimport[22m | gou_lian_idle_sw.png[39m[0m
[  63% ] [90m[1mreimport[22m | gou_lian_idle_se.png[39m[0m
[  64% ] [90m[1mreimport[22m | gou_lian_idle_nw.png[39m[0m
[  64% ] [90m[1mreimport[22m | gou_lian_idle_ne.png[39m[0m
[  64% ] [90m[1mreimport[22m | gou_lian_hurt_sw.png[39m[0m
[  64% ] [90m[1mreimport[22m | gou_lian_hurt_se.png[39m[0m
[  64% ] [90m[1mreimport[22m | gou_lian_hurt_nw.png[39m[0m
[  64% ] [90m[1mreimport[22m | gou_lian_hurt_ne.png[39m[0m
[  64% ] [90m[1mreimport[22m | gou_lian_down_sw.png[39m[0m
[  64% ] [90m[1mreimport[22m | gou_lian_down_se.png[39m[0m
[  64% ] [90m[1mreimport[22m | gou_lian_down_nw.png[39m[0m
[  64% ] [90m[1mreimport[22m | gou_lian_down_ne.png[39m[0m
[  64% ] [90m[1mreimport[22m | gou_lian_attack_sw.png[39m[0m
[  64% ] [90m[1mreimport[22m | gou_lian_attack_se.png[39m[0m
[  65% ] [90m[1mreimport[22m | gou_lian_attack_nw.png[39m[0m
[  65% ] [90m[1mreimport[22m | gou_lian_attack_ne.png[39m[0m
[  65% ] [90m[1mreimport[22m | gou_lian_attack.png[39m[0m
[  65% ] [90m[1mreimport[22m | gong_wang_walk.png[39m[0m
[  65% ] [90m[1mreimport[22m | chai_jin_walk.png[39m[0m
[  65% ] [90m[1mreimport[22m | chai_jin_attack.png[39m[0m
[  65% ] [90m[1mreimport[22m | cao_zheng_walk.png[39m[0m
[  65% ] [90m[1mreimport[22m | cao_zheng_attack.png[39m[0m
[  65% ] [90m[1mreimport[22m | camel_rider_walk.png[39m[0m
[  65% ] [90m[1mreimport[22m | camel_rider_attack.png[39m[0m
[  65% ] [90m[1mreimport[22m | cai_qing_walk.png[39m[0m
[  66% ] [90m[1mreimport[22m | cai_qing_attack.png[39m[0m
[  66% ] [90m[1mreimport[22m | cai_jiu_walk.png[39m[0m
[  66% ] [90m[1mreimport[22m | cai_jiu_attack.png[39m[0m
[  66% ] [90m[1mreimport[22m | cai_fu_walk.png[39m[0m
[  66% ] [90m[1mreimport[22m | cai_fu_attack.png[39m[0m
[  66% ] [90m[1mreimport[22m | bao_xu_walk.png[39m[0m
[  66% ] [90m[1mreimport[22m | bao_xu_attack.png[39m[0m
[  66% ] [90m[1mreimport[22m | bai_sheng_walk.png[39m[0m
[  66% ] [90m[1mreimport[22m | bai_sheng_attack.png[39m[0m
[  66% ] [90m[1mreimport[22m | an_daoquan_walk.png[39m[0m
[  66% ] [90m[1mreimport[22m | an_daoquan_attack.png[39m[0m
[  66% ] [90m[1mreimport[22m | duan_pengju_walk.png[39m[0m
[  67% ] [90m[1mreimport[22m | duan_pengju_attack.png[39m[0m
[  67% ] [90m[1mreimport[22m | duan_jingzhu_walk.png[39m[0m
[  67% ] [90m[1mreimport[22m | duan_jingzhu_attack.png[39m[0m
[  67% ] [90m[1mreimport[22m | dragon_summon_walk.png[39m[0m
[  67% ] [90m[1mreimport[22m | dragon_summon_attack.png[39m[0m
[  67% ] [90m[1mreimport[22m | dong_ping_walk.png[39m[0m
[  67% ] [90m[1mreimport[22m | dong_ping_attack.png[39m[0m
[  67% ] [90m[1mreimport[22m | ding_desun_walk.png[39m[0m
[  67% ] [90m[1mreimport[22m | ding_desun_attack.png[39m[0m
[  67% ] [90m[1mreimport[22m | deng_fei_walk.png[39m[0m
[  67% ] [90m[1mreimport[22m | deng_fei_attack.png[39m[0m
[  68% ] [90m[1mreimport[22m | dai_zong_walk.png[39m[0m
[  68% ] [90m[1mreimport[22m | dai_zong_attack.png[39m[0m
[  68% ] [90m[1mreimport[22m | chen_da_walk.png[39m[0m
[  68% ] [90m[1mreimport[22m | chen_da_attack.png[39m[0m
[  68% ] [90m[1mreimport[22m | chao_gai_walk.png[39m[0m
[  68% ] [90m[1mreimport[22m | chao_gai_attack.png[39m[0m
[  68% ] [90m[1mreimport[22m | guan_jingqi_death_nw.png[39m[0m
[  68% ] [90m[1mreimport[22m | guan_jingqi_death_ne.png[39m[0m
[  68% ] [90m[1mreimport[22m | guan_jingqi_attack_sw.png[39m[0m
[  68% ] [90m[1mreimport[22m | guan_jingqi_attack_se.png[39m[0m
[  68% ] [90m[1mreimport[22m | guan_jingqi_attack_nw.png[39m[0m
[  69% ] [90m[1mreimport[22m | guan_jingqi_attack_ne.png[39m[0m
[  69% ] [90m[1mreimport[22m | guan_jingqi_attack.png[39m[0m
[  69% ] [90m[1mreimport[22m | guan_gong_walk_sw.png[39m[0m
[  69% ] [90m[1mreimport[22m | guan_gong_walk_se.png[39m[0m
[  69% ] [90m[1mreimport[22m | guan_gong_walk_nw.png[39m[0m
[  69% ] [90m[1mreimport[22m | guan_gong_walk_ne.png[39m[0m
[  69% ] [90m[1mreimport[22m | guan_gong_walk.png[39m[0m
[  69% ] [90m[1mreimport[22m | guan_gong_idle_sw.png[39m[0m
[  69% ] [90m[1mreimport[22m | guan_gong_idle_se.png[39m[0m
[  69% ] [90m[1mreimport[22m | guan_gong_idle_nw.png[39m[0m
[  69% ] [90m[1mreimport[22m | guan_gong_idle_ne.png[39m[0m
[  69% ] [90m[1mreimport[22m | guan_gong_idle.png[39m[0m
[  70% ] [90m[1mreimport[22m | guan_gong_death_sw.png[39m[0m
[  70% ] [90m[1mreimport[22m | guan_musket_attack.png[39m[0m
[  70% ] [90m[1mreimport[22m | guan_laozi_walk.png[39m[0m
[  70% ] [90m[1mreimport[22m | guan_laozi_idle_sw.png[39m[0m
[  70% ] [90m[1mreimport[22m | guan_laozi_idle_se.png[39m[0m
[  70% ] [90m[1mreimport[22m | guan_laozi_idle_nw.png[39m[0m
[  70% ] [90m[1mreimport[22m | guan_laozi_idle_ne.png[39m[0m
[  70% ] [90m[1mreimport[22m | guan_laozi_attack.png[39m[0m
[  70% ] [90m[1mreimport[22m | guan_jingqi_walk_sw.png[39m[0m
[  70% ] [90m[1mreimport[22m | guan_jingqi_walk_se.png[39m[0m
[  70% ] [90m[1mreimport[22m | guan_jingqi_walk_nw.png[39m[0m
[  71% ] [90m[1mreimport[22m | guan_jingqi_walk_ne.png[39m[0m
[  71% ] [90m[1mreimport[22m | guan_jingqi_walk.png[39m[0m
[  71% ] [90m[1mreimport[22m | guan_jingqi_idle_sw.png[39m[0m
[  71% ] [90m[1mreimport[22m | guan_jingqi_idle_se.png[39m[0m
[  71% ] [90m[1mreimport[22m | guan_jingqi_idle_nw.png[39m[0m
[  71% ] [90m[1mreimport[22m | guan_jingqi_idle_ne.png[39m[0m
[  71% ] [90m[1mreimport[22m | guan_jingqi_death_sw.png[39m[0m
[  71% ] [90m[1mreimport[22m | guan_jingqi_death_se.png[39m[0m
[  71% ] [90m[1mreimport[22m | guan_dao_idle.png[39m[0m
[  71% ] [90m[1mreimport[22m | guan_dao_death_sw.png[39m[0m
[  71% ] [90m[1mreimport[22m | guan_dao_death_se.png[39m[0m
[  71% ] [90m[1mreimport[22m | guan_dao_death_nw.png[39m[0m
[  72% ] [90m[1mreimport[22m | guan_dao_death_ne.png[39m[0m
[  72% ] [90m[1mreimport[22m | guan_dao_death.png[39m[0m
[  72% ] [90m[1mreimport[22m | guan_dao_attack_sw.png[39m[0m
[  72% ] [90m[1mreimport[22m | guan_dao_attack_se.png[39m[0m
[  72% ] [90m[1mreimport[22m | guan_dao_attack_nw.png[39m[0m
[  72% ] [90m[1mreimport[22m | guan_dao_attack_ne.png[39m[0m
[  72% ] [90m[1mreimport[22m | guan_dao_attack.png[39m[0m
[  72% ] [90m[1mreimport[22m | guan_bomber_walk.png[39m[0m
[  72% ] [90m[1mreimport[22m | guan_bomber_attack.png[39m[0m
[  72% ] [90m[1mreimport[22m | gou_lian_walk_sw.png[39m[0m
[  72% ] [90m[1mreimport[22m | gou_lian_walk_se.png[39m[0m
[  73% ] [90m[1mreimport[22m | gou_lian_walk_nw.png[39m[0m
[  73% ] [90m[1mreimport[22m | gou_lian_walk_ne.png[39m[0m
[  73% ] [90m[1mreimport[22m | gou_lian_walk.png[39m[0m
[  73% ] [90m[1mreimport[22m | guan_gong_death_se.png[39m[0m
[  73% ] [90m[1mreimport[22m | guan_gong_death_nw.png[39m[0m
[  73% ] [90m[1mreimport[22m | guan_gong_death_ne.png[39m[0m
[  73% ] [90m[1mreimport[22m | guan_gong_death.png[39m[0m
[  73% ] [90m[1mreimport[22m | guan_gong_attack_sw.png[39m[0m
[  73% ] [90m[1mreimport[22m | guan_gong_attack_se.png[39m[0m
[  73% ] [90m[1mreimport[22m | guan_gong_attack_nw.png[39m[0m
[  73% ] [90m[1mreimport[22m | guan_gong_attack_ne.png[39m[0m
[  73% ] [90m[1mreimport[22m | guan_gong_attack.png[39m[0m
[  74% ] [90m[1mreimport[22m | guan_dao_walk_sw.png[39m[0m
[  74% ] [90m[1mreimport[22m | guan_dao_walk_se.png[39m[0m
[  74% ] [90m[1mreimport[22m | guan_dao_walk_nw.png[39m[0m
[  74% ] [90m[1mreimport[22m | guan_dao_walk_ne.png[39m[0m
[  74% ] [90m[1mreimport[22m | guan_dao_walk.png[39m[0m
[  74% ] [90m[1mreimport[22m | guan_dao_idle_sw.png[39m[0m
[  74% ] [90m[1mreimport[22m | guan_dao_idle_se.png[39m[0m
[  74% ] [90m[1mreimport[22m | guan_dao_idle_nw.png[39m[0m
[  74% ] [90m[1mreimport[22m | guan_dao_idle_ne.png[39m[0m
[  74% ] [90m[1mreimport[22m | xue_yong_attack.png[39m[0m
[  74% ] [90m[1mreimport[22m | xuan_zan_walk.png[39m[0m
[  75% ] [90m[1mreimport[22m | xuan_zan_attack.png[39m[0m
[  75% ] [90m[1mreimport[22m | xie_zhen_walk.png[39m[0m
[  75% ] [90m[1mreimport[22m | xie_zhen_attack.png[39m[0m
[  75% ] [90m[1mreimport[22m | xie_bao_walk.png[39m[0m
[  75% ] [90m[1mreimport[22m | xie_bao_attack.png[39m[0m
[  75% ] [90m[1mreimport[22m | xiao_rang_walk.png[39m[0m
[  75% ] [90m[1mreimport[22m | xiao_rang_attack.png[39m[0m
[  75% ] [90m[1mreimport[22m | xiang_yuanzhen_walk.png[39m[0m
[  75% ] [90m[1mreimport[22m | xiang_yuanzhen_attack.png[39m[0m
[  75% ] [90m[1mreimport[22m | xiang_chong_walk.png[39m[0m
[  75% ] [90m[1mreimport[22m | xiang_chong_attack.png[39m[0m
[  76% ] [90m[1mreimport[22m | wu_yong_walk.png[39m[0m
[  76% ] [90m[1mreimport[22m | wu_yong_idle.png[39m[0m
[  76% ] [90m[1mreimport[22m | wu_yong_death.png[39m[0m
[  76% ] [90m[1mreimport[22m | wu_yong_attack.png[39m[0m
[  76% ] [90m[1mreimport[22m | yan_shun_attack.png[39m[0m
[  76% ] [90m[1mreimport[22m | yan_qing_walk.png[39m[0m
[  76% ] [90m[1mreimport[22m | yan_qing_attack.png[39m[0m
[  76% ] [90m[1mreimport[22m | yang_zhi_walk.png[39m[0m
[  76% ] [90m[1mreimport[22m | yang_zhi_attack.png[39m[0m
[  76% ] [90m[1mreimport[22m | yang_xiong_walk.png[39m[0m
[  76% ] [90m[1mreimport[22m | yang_xiong_attack.png[39m[0m
[  76% ] [90m[1mreimport[22m | yang_wen_walk.png[39m[0m
[  77% ] [90m[1mreimport[22m | yang_wen_attack.png[39m[0m
[  77% ] [90m[1mreimport[22m | yang_lin_walk.png[39m[0m
[  77% ] [90m[1mreimport[22m | yang_lin_attack.png[39m[0m
[  77% ] [90m[1mreimport[22m | yang_chun_walk.png[39m[0m
[  77% ] [90m[1mreimport[22m | yang_chun_attack.png[39m[0m
[  77% ] [90m[1mreimport[22m | xu_ning_walk.png[39m[0m
[  77% ] [90m[1mreimport[22m | xu_ning_attack.png[39m[0m
[  77% ] [90m[1mreimport[22m | xu_jing_walk.png[39m[0m
[  77% ] [90m[1mreimport[22m | xu_jing_attack.png[39m[0m
[  77% ] [90m[1mreimport[22m | xue_yong_walk.png[39m[0m
[  77% ] [90m[1mreimport[22m | tong_wei_walk.png[39m[0m
[  78% ] [90m[1mreimport[22m | tong_wei_attack.png[39m[0m
[  78% ] [90m[1mreimport[22m | tong_meng_walk.png[39m[0m
[  78% ] [90m[1mreimport[22m | tong_meng_attack.png[39m[0m
[  78% ] [90m[1mreimport[22m | tong_guan_walk.png[39m[0m
[  78% ] [90m[1mreimport[22m | tong_guan_attack.png[39m[0m
[  78% ] [90m[1mreimport[22m | tiger_summon_walk.png[39m[0m
[  78% ] [90m[1mreimport[22m | tiger_summon_attack.png[39m[0m
[  78% ] [90m[1mreimport[22m | tao_zongwang_walk.png[39m[0m
[  78% ] [90m[1mreimport[22m | tao_zongwang_attack.png[39m[0m
[  78% ] [90m[1mreimport[22m | tang_long_walk.png[39m[0m
[  78% ] [90m[1mreimport[22m | tang_long_attack.png[39m[0m
[  78% ] [90m[1mreimport[22m | suo_chao_walk.png[39m[0m
[  79% ] [90m[1mreimport[22m | suo_chao_attack.png[39m[0m
[  79% ] [90m[1mreimport[22m | sun_xin_walk.png[39m[0m
[  79% ] [90m[1mreimport[22m | sun_xin_attack.png[39m[0m
[  79% ] [90m[1mreimport[22m | sun_li_walk.png[39m[0m
[  79% ] [90m[1mreimport[22m | sun_li_attack.png[39m[0m
[  79% ] [90m[1mreimport[22m | wu_song_walk.png[39m[0m
[  79% ] [90m[1mreimport[22m | wu_song_idle.png[39m[0m
[  79% ] [90m[1mreimport[22m | wu_song_death.png[39m[0m
[  79% ] [90m[1mreimport[22m | wu_song_attack.png[39m[0m
[  79% ] [90m[1mreimport[22m | wen_da_walk.png[39m[0m
[  79% ] [90m[1mreimport[22m | wen_da_attack.png[39m[0m
[  80% ] [90m[1mreimport[22m | wei_dingguo_walk.png[39m[0m
[  80% ] [90m[1mreimport[22m | wei_dingguo_attack.png[39m[0m
[  80% ] [90m[1mreimport[22m | war_elephant_walk.png[39m[0m
[  80% ] [90m[1mreimport[22m | war_elephant_attack.png[39m[0m
[  80% ] [90m[1mreimport[22m | wang_ying_walk.png[39m[0m
[  80% ] [90m[1mreimport[22m | wang_ying_attack.png[39m[0m
[  80% ] [90m[1mreimport[22m | wang_wende_walk.png[39m[0m
[  80% ] [90m[1mreimport[22m | wang_wende_attack.png[39m[0m
[  80% ] [90m[1mreimport[22m | wang_huan_walk.png[39m[0m
[  80% ] [90m[1mreimport[22m | wang_huan_attack.png[39m[0m
[  80% ] [90m[1mreimport[22m | wang_dingliu_walk.png[39m[0m
[  80% ] [90m[1mreimport[22m | wang_dingliu_attack.png[39m[0m
[  81% ] [90m[1mreimport[22m | zhu_long_attack.png[39m[0m
[  81% ] [90m[1mreimport[22m | zhu_keke_walk.png[39m[0m
[  81% ] [90m[1mreimport[22m | zhu_keke_idle_sw.png[39m[0m
[  81% ] [90m[1mreimport[22m | zhu_keke_idle_se.png[39m[0m
[  81% ] [90m[1mreimport[22m | zhu_keke_idle_nw.png[39m[0m
[  81% ] [90m[1mreimport[22m | zhu_keke_idle_ne.png[39m[0m
[  81% ] [90m[1mreimport[22m | zhu_keke_attack.png[39m[0m
[  81% ] [90m[1mreimport[22m | zhu_hu_walk.png[39m[0m
[  81% ] [90m[1mreimport[22m | zhu_hu_attack.png[39m[0m
[  81% ] [90m[1mreimport[22m | zhu_gui_walk.png[39m[0m
[  81% ] [90m[1mreimport[22m | zhu_gui_attack.png[39m[0m
[  82% ] [90m[1mreimport[22m | zhu_gong_walk.png[39m[0m
[  82% ] [90m[1mreimport[22m | zhu_gong_idle_sw.png[39m[0m
[  82% ] [90m[1mreimport[22m | zhu_gong_idle_se.png[39m[0m
[  82% ] [90m[1mreimport[22m | zhu_gong_idle_nw.png[39m[0m
[  82% ] [90m[1mreimport[22m | zhu_gong_idle_ne.png[39m[0m
[  82% ] [90m[1mreimport[22m | zhu_gong_attack.png[39m[0m
[  82% ] [90m[1mreimport[22m | zhu_fu_walk.png[39m[0m
[  82% ] [90m[1mreimport[22m | bound_lu_junyi_idle_se.png[39m[0m
[  82% ] [90m[1mreimport[22m | bound_lu_junyi_idle_nw.png[39m[0m
[  82% ] [90m[1mreimport[22m | bound_lu_junyi_idle_ne.png[39m[0m
[  82% ] [90m[1mreimport[22m | zou_yuan_walk.png[39m[0m
[  83% ] [90m[1mreimport[22m | zou_yuan_attack.png[39m[0m
[  83% ] [90m[1mreimport[22m | zou_run_walk.png[39m[0m
[  83% ] [90m[1mreimport[22m | zou_run_attack.png[39m[0m
[  83% ] [90m[1mreimport[22m | zhu_wu_walk.png[39m[0m
[  83% ] [90m[1mreimport[22m | zhu_wu_attack.png[39m[0m
[  83% ] [90m[1mreimport[22m | zhu_tong_walk.png[39m[0m
[  83% ] [90m[1mreimport[22m | zhu_tong_attack.png[39m[0m
[  83% ] [90m[1mreimport[22m | zhu_qi_walk.png[39m[0m
[  83% ] [90m[1mreimport[22m | zhu_qi_idle_sw.png[39m[0m
[  83% ] [90m[1mreimport[22m | zhu_qi_idle_se.png[39m[0m
[  83% ] [90m[1mreimport[22m | zhu_qi_idle_nw.png[39m[0m
[  83% ] [90m[1mreimport[22m | zhu_qi_idle_ne.png[39m[0m
[  84% ] [90m[1mreimport[22m | zhu_qi_attack.png[39m[0m
[  84% ] [90m[1mreimport[22m | zhu_long_walk.png[39m[0m
[  84% ] [90m[1mreimport[22m | zhang_kai_attack.png[39m[0m
[  84% ] [90m[1mreimport[22m | zhang_heng_walk.png[39m[0m
[  84% ] [90m[1mreimport[22m | zhang_heng_attack.png[39m[0m
[  84% ] [90m[1mreimport[22m | yu_hou_walk.png[39m[0m
[  84% ] [90m[1mreimport[22m | yu_hou_idle_sw.png[39m[0m
[  84% ] [90m[1mreimport[22m | yu_hou_idle_se.png[39m[0m
[  84% ] [90m[1mreimport[22m | yu_hou_idle_nw.png[39m[0m
[  84% ] [90m[1mreimport[22m | yu_hou_idle_ne.png[39m[0m
[  84% ] [90m[1mreimport[22m | yu_hou_down_sw.png[39m[0m
[  85% ] [90m[1mreimport[22m | yu_hou_down_se.png[39m[0m
[  85% ] [90m[1mreimport[22m | yu_hou_down_nw.png[39m[0m
[  85% ] [90m[1mreimport[22m | yu_hou_down_ne.png[39m[0m
[  85% ] [90m[1mreimport[22m | yu_hou_attack.png[39m[0m
[  85% ] [90m[1mreimport[22m | yu_baosi_walk.png[39m[0m
[  85% ] [90m[1mreimport[22m | yu_baosi_attack.png[39m[0m
[  85% ] [90m[1mreimport[22m | yue_he_walk.png[39m[0m
[  85% ] [90m[1mreimport[22m | yue_he_attack.png[39m[0m
[  85% ] [90m[1mreimport[22m | yan_shun_walk.png[39m[0m
[  85% ] [90m[1mreimport[22m | zhu_fu_attack.png[39m[0m
[  85% ] [90m[1mreimport[22m | zhu_biao_walk.png[39m[0m
[  85% ] [90m[1mreimport[22m | zhu_biao_attack.png[39m[0m
[  86% ] [90m[1mreimport[22m | zhou_tong_walk.png[39m[0m
[  86% ] [90m[1mreimport[22m | zhou_tong_attack.png[39m[0m
[  86% ] [90m[1mreimport[22m | zheng_tianshou_walk.png[39m[0m
[  86% ] [90m[1mreimport[22m | zheng_tianshou_attack.png[39m[0m
[  86% ] [90m[1mreimport[22m | zhang_tuanlian_walk.png[39m[0m
[  86% ] [90m[1mreimport[22m | zhang_tuanlian_attack.png[39m[0m
[  86% ] [90m[1mreimport[22m | zhang_shun_walk.png[39m[0m
[  86% ] [90m[1mreimport[22m | zhang_shun_attack.png[39m[0m
[  86% ] [90m[1mreimport[22m | zhang_qing_walk.png[39m[0m
[  86% ] [90m[1mreimport[22m | zhang_qing_idle.png[39m[0m
[  86% ] [90m[1mreimport[22m | zhang_qing_death.png[39m[0m
[  87% ] [90m[1mreimport[22m | zhang_qing_cai_walk.png[39m[0m
[  87% ] [90m[1mreimport[22m | zhang_qing_cai_attack.png[39m[0m
[  87% ] [90m[1mreimport[22m | zhang_qing_attack.png[39m[0m
[  87% ] [90m[1mreimport[22m | zhang_kai_walk.png[39m[0m
[  87% ] [90m[1mreimport[22m | li_li_attack.png[39m[0m
[  87% ] [90m[1mreimport[22m | li_kui_walk_sw.png[39m[0m
[  87% ] [90m[1mreimport[22m | li_kui_walk_se.png[39m[0m
[  87% ] [90m[1mreimport[22m | li_kui_walk_nw.png[39m[0m
[  87% ] [90m[1mreimport[22m | li_kui_walk_ne.png[39m[0m
[  87% ] [90m[1mreimport[22m | li_kui_walk.png[39m[0m
[  87% ] [90m[1mreimport[22m | li_kui_idle_sw.png[39m[0m
[  88% ] [90m[1mreimport[22m | li_kui_idle_se.png[39m[0m
[  88% ] [90m[1mreimport[22m | li_kui_idle_nw.png[39m[0m
[  88% ] [90m[1mreimport[22m | li_kui_idle_ne.png[39m[0m
[  88% ] [90m[1mreimport[22m | li_kui_idle.png[39m[0m
[  88% ] [90m[1mreimport[22m | li_kui_hurt_sw.png[39m[0m
[  88% ] [90m[1mreimport[22m | li_kui_hurt_se.png[39m[0m
[  88% ] [90m[1mreimport[22m | li_kui_hurt_nw.png[39m[0m
[  88% ] [90m[1mreimport[22m | li_kui_hurt_ne.png[39m[0m
[  88% ] [90m[1mreimport[22m | li_kui_down_sw.png[39m[0m
[  88% ] [90m[1mreimport[22m | li_kui_down_se.png[39m[0m
[  88% ] [90m[1mreimport[22m | luan_tingyu_death.png[39m[0m
[  88% ] [90m[1mreimport[22m | luan_tingyu_attack.png[39m[0m
[  89% ] [90m[1mreimport[22m | lou_luo_walk.png[39m[0m
[  89% ] [90m[1mreimport[22m | lou_luo_idle_sw.png[39m[0m
[  89% ] [90m[1mreimport[22m | lou_luo_idle_se.png[39m[0m
[  89% ] [90m[1mreimport[22m | lou_luo_idle_nw.png[39m[0m
[  89% ] [90m[1mreimport[22m | lou_luo_idle_ne.png[39m[0m
[  89% ] [90m[1mreimport[22m | lou_luo_idle.png[39m[0m
[  89% ] [90m[1mreimport[22m | lou_luo_gather.png[39m[0m
[  89% ] [90m[1mreimport[22m | lou_luo_death.png[39m[0m
[  89% ] [90m[1mreimport[22m | lou_luo_attack.png[39m[0m
[  89% ] [90m[1mreimport[22m | li_zhong_walk.png[39m[0m
[  89% ] [90m[1mreimport[22m | li_zhong_attack.png[39m[0m
[  90% ] [90m[1mreimport[22m | li_yun_walk.png[39m[0m
[  90% ] [90m[1mreimport[22m | li_yun_attack.png[39m[0m
[  90% ] [90m[1mreimport[22m | li_ying_walk.png[39m[0m
[  90% ] [90m[1mreimport[22m | li_ying_attack.png[39m[0m
[  90% ] [90m[1mreimport[22m | li_li_walk.png[39m[0m
[  90% ] [90m[1mreimport[22m | lin_chong_death.png[39m[0m
[  90% ] [90m[1mreimport[22m | lin_chong_attack.png[39m[0m
[  90% ] [90m[1mreimport[22m | ling_zhen_walk.png[39m[0m
[  90% ] [90m[1mreimport[22m | ling_zhen_attack.png[39m[0m
[  90% ] [90m[1mreimport[22m | lian_huan_ma_walk_sw.png[39m[0m
[  90% ] [90m[1mreimport[22m | lian_huan_ma_walk_se.png[39m[0m
[  90% ] [90m[1mreimport[22m | lian_huan_ma_walk_nw.png[39m[0m
[  91% ] [90m[1mreimport[22m | lian_huan_ma_walk_ne.png[39m[0m
[  91% ] [90m[1mreimport[22m | lian_huan_ma_walk.png[39m[0m
[  91% ] [90m[1mreimport[22m | lian_huan_ma_idle_sw.png[39m[0m
[  91% ] [90m[1mreimport[22m | lian_huan_ma_idle_se.png[39m[0m
[  91% ] [90m[1mreimport[22m | lian_huan_ma_idle_nw.png[39m[0m
[  91% ] [90m[1mreimport[22m | lian_huan_ma_idle_ne.png[39m[0m
[  91% ] [90m[1mreimport[22m | lian_huan_ma_hurt_sw.png[39m[0m
[  91% ] [90m[1mreimport[22m | lian_huan_ma_hurt_se.png[39m[0m
[  91% ] [90m[1mreimport[22m | lian_huan_ma_hurt_nw.png[39m[0m
[  91% ] [90m[1mreimport[22m | lian_huan_ma_hurt_ne.png[39m[0m
[  91% ] [90m[1mreimport[22m | lian_huan_ma_death_sw.png[39m[0m
[  92% ] [90m[1mreimport[22m | li_kui_down_nw.png[39m[0m
[  92% ] [90m[1mreimport[22m | li_kui_down_ne.png[39m[0m
[  92% ] [90m[1mreimport[22m | li_kui_death.png[39m[0m
[  92% ] [90m[1mreimport[22m | li_kui_attack_sw.png[39m[0m
[  92% ] [90m[1mreimport[22m | li_kui_attack_se.png[39m[0m
[  92% ] [90m[1mreimport[22m | li_kui_attack_nw.png[39m[0m
[  92% ] [90m[1mreimport[22m | li_kui_attack_ne.png[39m[0m
[  92% ] [90m[1mreimport[22m | li_kui_attack.png[39m[0m
[  92% ] [90m[1mreimport[22m | li_jun_walk.png[39m[0m
[  92% ] [90m[1mreimport[22m | li_jun_attack.png[39m[0m
[  92% ] [90m[1mreimport[22m | li_gun_walk.png[39m[0m
[  92% ] [90m[1mreimport[22m | li_gun_attack.png[39m[0m
[  93% ] [90m[1mreimport[22m | li_congji_walk.png[39m[0m
[  93% ] [90m[1mreimport[22m | li_congji_attack.png[39m[0m
[  93% ] [90m[1mreimport[22m | liu_tang_walk.png[39m[0m
[  93% ] [90m[1mreimport[22m | liu_tang_attack.png[39m[0m
[  93% ] [90m[1mreimport[22m | lin_chong_walk.png[39m[0m
[  93% ] [90m[1mreimport[22m | lin_chong_idle.png[39m[0m
[  93% ] [90m[1mreimport[22m | siege_cata_idle_se.png[39m[0m
[  93% ] [90m[1mreimport[22m | siege_cata_idle_nw.png[39m[0m
[  93% ] [90m[1mreimport[22m | siege_cata_idle_ne.png[39m[0m
[  93% ] [90m[1mreimport[22m | siege_cata_attack.png[39m[0m
[  93% ] [90m[1mreimport[22m | shi_yong_walk.png[39m[0m
[  94% ] [90m[1mreimport[22m | shi_yong_attack.png[39m[0m
[  94% ] [90m[1mreimport[22m | shi_xiu_walk.png[39m[0m
[  94% ] [90m[1mreimport[22m | shi_xiu_attack.png[39m[0m
[  94% ] [90m[1mreimport[22m | shi_wengong_walk.png[39m[0m
[  94% ] [90m[1mreimport[22m | shi_wengong_idle.png[39m[0m
[  94% ] [90m[1mreimport[22m | shi_wengong_death.png[39m[0m
[  94% ] [90m[1mreimport[22m | shi_wengong_attack.png[39m[0m
[  94% ] [90m[1mreimport[22m | shi_qian_walk.png[39m[0m
[  94% ] [90m[1mreimport[22m | shi_qian_attack.png[39m[0m
[  94% ] [90m[1mreimport[22m | shi_jin_walk.png[39m[0m
[  94% ] [90m[1mreimport[22m | shi_jin_attack.png[39m[0m
[  95% ] [90m[1mreimport[22m | shi_en_walk.png[39m[0m
[  95% ] [90m[1mreimport[22m | shi_en_attack.png[39m[0m
[  95% ] [90m[1mreimport[22m | sun_erniang_walk.png[39m[0m
[  95% ] [90m[1mreimport[22m | sun_erniang_attack.png[39m[0m
[  95% ] [90m[1mreimport[22m | song_wan_walk.png[39m[0m
[  95% ] [90m[1mreimport[22m | song_wan_attack.png[39m[0m
[  95% ] [90m[1mreimport[22m | song_qing_walk.png[39m[0m
[  95% ] [90m[1mreimport[22m | song_qing_attack.png[39m[0m
[  95% ] [90m[1mreimport[22m | song_jiang_walk.png[39m[0m
[  95% ] [90m[1mreimport[22m | song_jiang_idle.png[39m[0m
[  95% ] [90m[1mreimport[22m | song_jiang_death.png[39m[0m
[  95% ] [90m[1mreimport[22m | song_jiang_attack.png[39m[0m
[  96% ] [90m[1mreimport[22m | siege_ram_walk.png[39m[0m
[  96% ] [90m[1mreimport[22m | siege_ram_idle_sw.png[39m[0m
[  96% ] [90m[1mreimport[22m | siege_ram_idle_se.png[39m[0m
[  96% ] [90m[1mreimport[22m | siege_ram_idle_nw.png[39m[0m
[  96% ] [90m[1mreimport[22m | siege_ram_idle_ne.png[39m[0m
[  96% ] [90m[1mreimport[22m | siege_ram_attack.png[39m[0m
[  96% ] [90m[1mreimport[22m | siege_cata_walk.png[39m[0m
[  96% ] [90m[1mreimport[22m | siege_cata_idle_sw.png[39m[0m
[  96% ] [90m[1mreimport[22m | mu_chun_walk.png[39m[0m
[  96% ] [90m[1mreimport[22m | mu_chun_attack.png[39m[0m
[  96% ] [90m[1mreimport[22m | meng_kang_walk.png[39m[0m
[  97% ] [90m[1mreimport[22m | meng_kang_attack.png[39m[0m
[  97% ] [90m[1mreimport[22m | mei_zhan_walk.png[39m[0m
[  97% ] [90m[1mreimport[22m | mei_zhan_attack.png[39m[0m
[  97% ] [90m[1mreimport[22m | ma_lin_walk.png[39m[0m
[  97% ] [90m[1mreimport[22m | ma_lin_attack.png[39m[0m
[  97% ] [90m[1mreimport[22m | lu_zhishen_walk.png[39m[0m
[  97% ] [90m[1mreimport[22m | lu_zhishen_idle.png[39m[0m
[  97% ] [90m[1mreimport[22m | lu_zhishen_death.png[39m[0m
[  97% ] [90m[1mreimport[22m | lu_zhishen_attack.png[39m[0m
[  97% ] [90m[1mreimport[22m | lu_junyi_walk.png[39m[0m
[  97% ] [90m[1mreimport[22m | lu_junyi_attack.png[39m[0m
[  97% ] [90m[1mreimport[22m | lu_fang_walk.png[39m[0m
[  98% ] [90m[1mreimport[22m | lu_fang_attack.png[39m[0m
[  98% ] [90m[1mreimport[22m | luan_tingyu_walk.png[39m[0m
[  98% ] [90m[1mreimport[22m | luan_tingyu_idle.png[39m[0m
[  98% ] [90m[1mreimport[22m | shan_tinggui_walk.png[39m[0m
[  98% ] [90m[1mreimport[22m | shan_tinggui_attack.png[39m[0m
[  98% ] [90m[1mreimport[22m | ruan_xiaowu_walk.png[39m[0m
[  98% ] [90m[1mreimport[22m | ruan_xiaowu_attack.png[39m[0m
[  98% ] [90m[1mreimport[22m | ruan_xiaoqi_walk.png[39m[0m
[  98% ] [90m[1mreimport[22m | ruan_xiaoqi_attack.png[39m[0m
[  98% ] [90m[1mreimport[22m | ruan_brother_walk.png[39m[0m
[  98% ] [90m[1mreimport[22m | ruan_brother_attack.png[39m[0m
[  99% ] [90m[1mreimport[22m | qin_ming_walk.png[39m[0m
[  99% ] [90m[1mreimport[22m | qin_ming_attack.png[39m[0m
[  99% ] [90m[1mreimport[22m | peng_qi_walk.png[39m[0m
[  99% ] [90m[1mreimport[22m | peng_qi_attack.png[39m[0m
[  99% ] [90m[1mreimport[22m | pei_xuan_walk.png[39m[0m
[  99% ] [90m[1mreimport[22m | pei_xuan_attack.png[39m[0m
[  99% ] [90m[1mreimport[22m | ou_peng_walk.png[39m[0m
[  99% ] [90m[1mreimport[22m | ou_peng_attack.png[39m[0m
[  99% ] [90m[1mreimport[22m | mu_hong_walk.png[39m[0m
[  99% ] [90m[1mreimport[22m | mu_hong_attack.png[39m[0m
[  99% ] [90m[1mreimport[22m | 正在结束资产导入……[39m[0m
[92m[ DONE ][39m [1mreimport[22m
[0m
[   0% ] [90m[1mreimport[22m | Started 正在导入或重新导入资产 (1141 steps)[39m[0m
[   0% ] [90m[1mreimport[22m | 正在执行重新导入的后置操作……[39m[0m
[92m[ DONE ][39m [1mreimport[22m
[0m
[   0% ] [90m[1mloading_editor_layout[22m | Started 正在加载编辑器 (5 steps)[39m[0m
[   0% ] [90m[1mloading_editor_layout[22m | 正在加载编辑器布局……[39m[0m
[  16% ] [90m[1mloading_editor_layout[22m | 正在加载停靠面板……[39m[0m
[92m[ DONE ][39m [1mloading_editor_layout[22m
[0m
