Godot Engine v4.6.3.stable.official.7d41c59c4 - https://godotengine.org

[   0% ] [90m[1mfirst_scan_filesystem[22m | Started 项目初始化 (5 steps)[39m[0m
[   0% ] [90m[1mfirst_scan_filesystem[22m | 正在扫描文件结构……[39m[0m
[  16% ] [90m[1mfirst_scan_filesystem[22m | 正在加载全局类名……[39m[0m
[  33% ] [90m[1mfirst_scan_filesystem[22m | 正在校验 GDExtension……[39m[0m
[  50% ] [90m[1mfirst_scan_filesystem[22m | 正在创建自动加载脚本……[39m[0m
[  66% ] [90m[1mfirst_scan_filesystem[22m | 正在初始化插件……[39m[0m
[  83% ] [90m[1mfirst_scan_filesystem[22m | 正在启动文件扫描……[39m[0m
[92m[ DONE ][39m [1mfirst_scan_filesystem[22m
[0m
[   0% ] [90m[1mupdate_scripts_classes[22m | Started 正在注册全局类…… (44 steps)[39m[0m
[   0% ] [90m[1mupdate_scripts_classes[22m | [39m[0m
[   2% ] [90m[1mupdate_scripts_classes[22m | [39m[0m
[   4% ] [90m[1mupdate_scripts_classes[22m | [39m[0m
[   6% ] [90m[1mupdate_scripts_classes[22m | [39m[0m
[   8% ] [90m[1mupdate_scripts_classes[22m | [39m[0m
[  11% ] [90m[1mupdate_scripts_classes[22m | Battle[39m[0m
[  13% ] [90m[1mupdate_scripts_classes[22m | [39m[0m
[  15% ] [90m[1mupdate_scripts_classes[22m | [39m[0m
[  17% ] [90m[1mupdate_scripts_classes[22m | [39m[0m
[  20% ] [90m[1mupdate_scripts_classes[22m | [39m[0m
[  22% ] [90m[1mupdate_scripts_classes[22m | HUD[39m[0m
[  24% ] [90m[1mupdate_scripts_classes[22m | LevelBase[39m[0m
[  26% ] [90m[1mupdate_scripts_classes[22m | [39m[0m
[  28% ] [90m[1mupdate_scripts_classes[22m | [39m[0m
[  31% ] [90m[1mupdate_scripts_classes[22m | [39m[0m
[  33% ] [90m[1mupdate_scripts_classes[22m | [39m[0m
[  35% ] [90m[1mupdate_scripts_classes[22m | [39m[0m
[  37% ] [90m[1mupdate_scripts_classes[22m | [39m[0m
[  40% ] [90m[1mupdate_scripts_classes[22m | [39m[0m
[  42% ] [90m[1mupdate_scripts_classes[22m | [39m[0m
[  44% ] [90m[1mupdate_scripts_classes[22m | [39m[0m
[  46% ] [90m[1mupdate_scripts_classes[22m | [39m[0m
[  48% ] [90m[1mupdate_scripts_classes[22m | [39m[0m
[  51% ] [90m[1mupdate_scripts_classes[22m | [39m[0m
[  53% ] [90m[1mupdate_scripts_classes[22m | [39m[0m
[  55% ] [90m[1mupdate_scripts_classes[22m | [39m[0m
[  57% ] [90m[1mupdate_scripts_classes[22m | [39m[0m
[  60% ] [90m[1mupdate_scripts_classes[22m | [39m[0m
[  62% ] [90m[1mupdate_scripts_classes[22m | [39m[0m
[  64% ] [90m[1mupdate_scripts_classes[22m | [39m[0m
[  66% ] [90m[1mupdate_scripts_classes[22m | [39m[0m
[  68% ] [90m[1mupdate_scripts_classes[22m | [39m[0m
[  71% ] [90m[1mupdate_scripts_classes[22m | [39m[0m
[  73% ] [90m[1mupdate_scripts_classes[22m | [39m[0m
[  75% ] [90m[1mupdate_scripts_classes[22m | [39m[0m
[  77% ] [90m[1mupdate_scripts_classes[22m | [39m[0m
[  80% ] [90m[1mupdate_scripts_classes[22m | [39m[0m
[  82% ] [90m[1mupdate_scripts_classes[22m | [39m[0m
[  84% ] [90m[1mupdate_scripts_classes[22m | [39m[0m
[  86% ] [90m[1mupdate_scripts_classes[22m | [39m[0m
[  88% ] [90m[1mupdate_scripts_classes[22m | [39m[0m
[  91% ] [90m[1mupdate_scripts_classes[22m | [39m[0m
[  93% ] [90m[1mupdate_scripts_classes[22m | Unit[39m[0m
[  95% ] [90m[1mupdate_scripts_classes[22m | [39m[0m
[92m[ DONE ][39m [1mupdate_scripts_classes[22m
[0m
[   0% ] [90m[1m_update_scan_actions[22m | Started 正在扫描动作…… (561 steps)[39m[0m
[   0% ] [90m[1m_update_scan_actions[22m | fall.png[39m[0m
[   0% ] [90m[1m_update_scan_actions[22m | fall_sw_v2.png[39m[0m
[   0% ] [90m[1m_update_scan_actions[22m | hurt.png[39m[0m
[   0% ] [90m[1m_update_scan_actions[22m | hurt_sw_v2.png[39m[0m
[   0% ] [90m[1m_update_scan_actions[22m | idle.png[39m[0m
[   0% ] [90m[1m_update_scan_actions[22m | idle_sw_v3.png[39m[0m
[   1% ] [90m[1m_update_scan_actions[22m | strike_ne_v3.png[39m[0m
[   1% ] [90m[1m_update_scan_actions[22m | strike_nw_v3.png[39m[0m
[   1% ] [90m[1m_update_scan_actions[22m | strike_se_v3.png[39m[0m
[   1% ] [90m[1m_update_scan_actions[22m | strike_v2.png[39m[0m
[   1% ] [90m[1m_update_scan_actions[22m | terminal.png[39m[0m
[   1% ] [90m[1m_update_scan_actions[22m | terminal_se_v2.png[39m[0m
[   2% ] [90m[1m_update_scan_actions[22m | walk_a.png[39m[0m
[   2% ] [90m[1m_update_scan_actions[22m | walk_a_sw_v2.png[39m[0m
[   2% ] [90m[1m_update_scan_actions[22m | walk_b.png[39m[0m
[   2% ] [90m[1m_update_scan_actions[22m | walk_b_se_v3.png[39m[0m
[   2% ] [90m[1m_update_scan_actions[22m | walk_b_sw_v3.png[39m[0m
[   3% ] [90m[1m_update_scan_actions[22m | windup.png[39m[0m
[   3% ] [90m[1m_update_scan_actions[22m | windup_sw_v3.png[39m[0m
[   3% ] [90m[1m_update_scan_actions[22m | bound.png[39m[0m
[   3% ] [90m[1m_update_scan_actions[22m | idle_single_ne_v4.png[39m[0m
[   3% ] [90m[1m_update_scan_actions[22m | idle_single_nw_v4.png[39m[0m
[   3% ] [90m[1m_update_scan_actions[22m | idle_single_se_v4.png[39m[0m
[   4% ] [90m[1m_update_scan_actions[22m | idle_single_sw_v4.png[39m[0m
[   4% ] [90m[1m_update_scan_actions[22m | idle_v3.png[39m[0m
[   4% ] [90m[1m_update_scan_actions[22m | passing_a_ne_v4.png[39m[0m
[   4% ] [90m[1m_update_scan_actions[22m | passing_a_nw_v4.png[39m[0m
[   4% ] [90m[1m_update_scan_actions[22m | passing_a_se_v4.png[39m[0m
[   4% ] [90m[1m_update_scan_actions[22m | passing_a_sw_v4.png[39m[0m
[   5% ] [90m[1m_update_scan_actions[22m | passing_b2_sw_v4.png[39m[0m
[   5% ] [90m[1m_update_scan_actions[22m | passing_b3_sw_v4.png[39m[0m
[   5% ] [90m[1m_update_scan_actions[22m | passing_b4_sw_v4.png[39m[0m
[   5% ] [90m[1m_update_scan_actions[22m | passing_b_ne_v4.png[39m[0m
[   5% ] [90m[1m_update_scan_actions[22m | passing_b_nw_v4.png[39m[0m
[   6% ] [90m[1m_update_scan_actions[22m | passing_b_se_v4.png[39m[0m
[   6% ] [90m[1m_update_scan_actions[22m | passing_b_sw_v4.png[39m[0m
[   6% ] [90m[1m_update_scan_actions[22m | posture_v3.png[39m[0m
[   6% ] [90m[1m_update_scan_actions[22m | proportion_v2.png[39m[0m
[   6% ] [90m[1m_update_scan_actions[22m | walk_a_ne_v4.png[39m[0m
[   6% ] [90m[1m_update_scan_actions[22m | walk_a_nw_v4.png[39m[0m
[   7% ] [90m[1m_update_scan_actions[22m | walk_a_se_v4.png[39m[0m
[   7% ] [90m[1m_update_scan_actions[22m | walk_a_sw_v4.png[39m[0m
[   7% ] [90m[1m_update_scan_actions[22m | walk_b_ne_v4.png[39m[0m
[   7% ] [90m[1m_update_scan_actions[22m | walk_b_nw_v4.png[39m[0m
[   7% ] [90m[1m_update_scan_actions[22m | walk_b_se_v4.png[39m[0m
[   8% ] [90m[1m_update_scan_actions[22m | walk_b_sw_v4.png[39m[0m
[   8% ] [90m[1m_update_scan_actions[22m | fall.png[39m[0m
[   8% ] [90m[1m_update_scan_actions[22m | hurt.png[39m[0m
[   8% ] [90m[1m_update_scan_actions[22m | idle.png[39m[0m
[   8% ] [90m[1m_update_scan_actions[22m | idle_ne.png[39m[0m
[   8% ] [90m[1m_update_scan_actions[22m | idle_sw.png[39m[0m
[   9% ] [90m[1m_update_scan_actions[22m | strike.png[39m[0m
[   9% ] [90m[1m_update_scan_actions[22m | strike_ne.png[39m[0m
[   9% ] [90m[1m_update_scan_actions[22m | strike_sw.png[39m[0m
[   9% ] [90m[1m_update_scan_actions[22m | terminal.png[39m[0m
[   9% ] [90m[1m_update_scan_actions[22m | walk_a.png[39m[0m
[   9% ] [90m[1m_update_scan_actions[22m | walk_b.png[39m[0m
[  10% ] [90m[1m_update_scan_actions[22m | windup.png[39m[0m
[  10% ] [90m[1m_update_scan_actions[22m | windup_ne.png[39m[0m
[  10% ] [90m[1m_update_scan_actions[22m | fall.png[39m[0m
[  10% ] [90m[1m_update_scan_actions[22m | hurt.png[39m[0m
[  10% ] [90m[1m_update_scan_actions[22m | hurt_ne.png[39m[0m
[  11% ] [90m[1m_update_scan_actions[22m | idle.png[39m[0m
[  11% ] [90m[1m_update_scan_actions[22m | idle_ne.png[39m[0m
[  11% ] [90m[1m_update_scan_actions[22m | strike.png[39m[0m
[  11% ] [90m[1m_update_scan_actions[22m | strike_ne.png[39m[0m
[  11% ] [90m[1m_update_scan_actions[22m | terminal.png[39m[0m
[  11% ] [90m[1m_update_scan_actions[22m | walk_a.png[39m[0m
[  12% ] [90m[1m_update_scan_actions[22m | walk_a_ne.png[39m[0m
[  12% ] [90m[1m_update_scan_actions[22m | walk_a_nw.png[39m[0m
[  12% ] [90m[1m_update_scan_actions[22m | walk_a_sw.png[39m[0m
[  12% ] [90m[1m_update_scan_actions[22m | walk_b_ne.png[39m[0m
[  12% ] [90m[1m_update_scan_actions[22m | walk_b_se.png[39m[0m
[  12% ] [90m[1m_update_scan_actions[22m | walk_b_v2.png[39m[0m
[  13% ] [90m[1m_update_scan_actions[22m | windup_ne_v3.png[39m[0m
[  13% ] [90m[1m_update_scan_actions[22m | windup_v3.png[39m[0m
[  13% ] [90m[1m_update_scan_actions[22m | captured.png[39m[0m
[  13% ] [90m[1m_update_scan_actions[22m | attack_ne.png[39m[0m
[  13% ] [90m[1m_update_scan_actions[22m | attack_nw.png[39m[0m
[  14% ] [90m[1m_update_scan_actions[22m | attack_se.png[39m[0m
[  14% ] [90m[1m_update_scan_actions[22m | attack_sw.png[39m[0m
[  14% ] [90m[1m_update_scan_actions[22m | fall.png[39m[0m
[  14% ] [90m[1m_update_scan_actions[22m | fall_sw.png[39m[0m
[  14% ] [90m[1m_update_scan_actions[22m | hurt.png[39m[0m
[  14% ] [90m[1m_update_scan_actions[22m | hurt_nw.png[39m[0m
[  15% ] [90m[1m_update_scan_actions[22m | hurt_sw.png[39m[0m
[  15% ] [90m[1m_update_scan_actions[22m | idle_ne.png[39m[0m
[  15% ] [90m[1m_update_scan_actions[22m | idle_nw.png[39m[0m
[  15% ] [90m[1m_update_scan_actions[22m | idle_se.png[39m[0m
[  15% ] [90m[1m_update_scan_actions[22m | idle_sw.png[39m[0m
[  16% ] [90m[1m_update_scan_actions[22m | terminal.png[39m[0m
[  16% ] [90m[1m_update_scan_actions[22m | walk_ne.png[39m[0m
[  16% ] [90m[1m_update_scan_actions[22m | walk_nw.png[39m[0m
[  16% ] [90m[1m_update_scan_actions[22m | walk_se.png[39m[0m
[  16% ] [90m[1m_update_scan_actions[22m | walk_sw.png[39m[0m
[  16% ] [90m[1m_update_scan_actions[22m | hua_rong.png[39m[0m
[  17% ] [90m[1m_update_scan_actions[22m | li_kui.png[39m[0m
[  17% ] [90m[1m_update_scan_actions[22m | wu_yong.png[39m[0m
[  17% ] [90m[1m_update_scan_actions[22m | yang_zhi.png[39m[0m
[  17% ] [90m[1m_update_scan_actions[22m | guan_sheng.png[39m[0m
[  17% ] [90m[1m_update_scan_actions[22m | hua_rong.png[39m[0m
[  17% ] [90m[1m_update_scan_actions[22m | hu_yanzhuo.png[39m[0m
[  18% ] [90m[1m_update_scan_actions[22m | li_kui.png[39m[0m
[  18% ] [90m[1m_update_scan_actions[22m | qin_ming.png[39m[0m
[  18% ] [90m[1m_update_scan_actions[22m | yang_zhi.png[39m[0m
[  18% ] [90m[1m_update_scan_actions[22m | guan_sheng.png[39m[0m
[  18% ] [90m[1m_update_scan_actions[22m | hu_yanzhuo.png[39m[0m
[  19% ] [90m[1m_update_scan_actions[22m | lu_junyi.png[39m[0m
[  19% ] [90m[1m_update_scan_actions[22m | qin_ming.png[39m[0m
[  19% ] [90m[1m_update_scan_actions[22m | bound.png[39m[0m
[  19% ] [90m[1m_update_scan_actions[22m | idle_single2_sw_v4.png[39m[0m
[  19% ] [90m[1m_update_scan_actions[22m | idle_single_ne_v4.png[39m[0m
[  19% ] [90m[1m_update_scan_actions[22m | idle_single_nw_v4.png[39m[0m
[  20% ] [90m[1m_update_scan_actions[22m | idle_single_se_v4.png[39m[0m
[  20% ] [90m[1m_update_scan_actions[22m | idle_single_sw_v4.png[39m[0m
[  20% ] [90m[1m_update_scan_actions[22m | idle_v3.png[39m[0m
[  20% ] [90m[1m_update_scan_actions[22m | passing_a_idlefix_sw_v4.png[39m[0m
[  20% ] [90m[1m_update_scan_actions[22m | passing_a_ne_v4.png[39m[0m
[  20% ] [90m[1m_update_scan_actions[22m | passing_a_nw_v4.png[39m[0m
[  21% ] [90m[1m_update_scan_actions[22m | passing_a_se_v4.png[39m[0m
[  21% ] [90m[1m_update_scan_actions[22m | passing_b2_sw_v4.png[39m[0m
[  21% ] [90m[1m_update_scan_actions[22m | passing_b_idlefix_sw_v4.png[39m[0m
[  21% ] [90m[1m_update_scan_actions[22m | passing_b_ne_v4.png[39m[0m
[  21% ] [90m[1m_update_scan_actions[22m | passing_b_nw_v4.png[39m[0m
[  22% ] [90m[1m_update_scan_actions[22m | passing_b_se_v4.png[39m[0m
[  22% ] [90m[1m_update_scan_actions[22m | posture_v3.png[39m[0m
[  22% ] [90m[1m_update_scan_actions[22m | proportion_v2.png[39m[0m
[  22% ] [90m[1m_update_scan_actions[22m | walk_a_idlefix_sw_v4.png[39m[0m
[  22% ] [90m[1m_update_scan_actions[22m | walk_a_ne_v4.png[39m[0m
[  22% ] [90m[1m_update_scan_actions[22m | walk_a_nw_v4.png[39m[0m
[  23% ] [90m[1m_update_scan_actions[22m | walk_a_se_v4.png[39m[0m
[  23% ] [90m[1m_update_scan_actions[22m | walk_b2_ne_v4.png[39m[0m
[  23% ] [90m[1m_update_scan_actions[22m | walk_b_idlefix_sw_v4.png[39m[0m
[  23% ] [90m[1m_update_scan_actions[22m | walk_b_ne_v4.png[39m[0m
[  23% ] [90m[1m_update_scan_actions[22m | walk_b_nw_v4.png[39m[0m
[  24% ] [90m[1m_update_scan_actions[22m | walk_b_se_v4.png[39m[0m
[  24% ] [90m[1m_update_scan_actions[22m | fall.png[39m[0m
[  24% ] [90m[1m_update_scan_actions[22m | hurt.png[39m[0m
[  24% ] [90m[1m_update_scan_actions[22m | idle.png[39m[0m
[  24% ] [90m[1m_update_scan_actions[22m | strike_ne.png[39m[0m
[  24% ] [90m[1m_update_scan_actions[22m | strike_nw.png[39m[0m
[  25% ] [90m[1m_update_scan_actions[22m | strike_se.png[39m[0m
[  25% ] [90m[1m_update_scan_actions[22m | strike_sw.png[39m[0m
[  25% ] [90m[1m_update_scan_actions[22m | terminal.png[39m[0m
[  25% ] [90m[1m_update_scan_actions[22m | walk_a.png[39m[0m
[  25% ] [90m[1m_update_scan_actions[22m | walk_b.png[39m[0m
[  25% ] [90m[1m_update_scan_actions[22m | windup_ne.png[39m[0m
[  26% ] [90m[1m_update_scan_actions[22m | windup_nw.png[39m[0m
[  26% ] [90m[1m_update_scan_actions[22m | windup_se.png[39m[0m
[  26% ] [90m[1m_update_scan_actions[22m | windup_sw.png[39m[0m
[  26% ] [90m[1m_update_scan_actions[22m | attack.png[39m[0m
[  26% ] [90m[1m_update_scan_actions[22m | death.png[39m[0m
[  27% ] [90m[1m_update_scan_actions[22m | hurt.png[39m[0m
[  27% ] [90m[1m_update_scan_actions[22m | idle.png[39m[0m
[  27% ] [90m[1m_update_scan_actions[22m | ne_strike.png[39m[0m
[  27% ] [90m[1m_update_scan_actions[22m | portrait.png[39m[0m
[  27% ] [90m[1m_update_scan_actions[22m | walk_a.png[39m[0m
[  27% ] [90m[1m_update_scan_actions[22m | walk_b.png[39m[0m
[  28% ] [90m[1m_update_scan_actions[22m | windup.png[39m[0m
[  28% ] [90m[1m_update_scan_actions[22m | fall.png[39m[0m
[  28% ] [90m[1m_update_scan_actions[22m | hurt.png[39m[0m
[  28% ] [90m[1m_update_scan_actions[22m | hurt_ne.png[39m[0m
[  28% ] [90m[1m_update_scan_actions[22m | hurt_sw.png[39m[0m
[  29% ] [90m[1m_update_scan_actions[22m | idle.png[39m[0m
[  29% ] [90m[1m_update_scan_actions[22m | idle_nw.png[39m[0m
[  29% ] [90m[1m_update_scan_actions[22m | idle_sw.png[39m[0m
[  29% ] [90m[1m_update_scan_actions[22m | strike.png[39m[0m
[  29% ] [90m[1m_update_scan_actions[22m | strike_nw.png[39m[0m
[  29% ] [90m[1m_update_scan_actions[22m | strike_sw.png[39m[0m
[  30% ] [90m[1m_update_scan_actions[22m | terminal.png[39m[0m
[  30% ] [90m[1m_update_scan_actions[22m | walk_a.png[39m[0m
[  30% ] [90m[1m_update_scan_actions[22m | walk_b.png[39m[0m
[  30% ] [90m[1m_update_scan_actions[22m | windup.png[39m[0m
[  30% ] [90m[1m_update_scan_actions[22m | windup_ne.png[39m[0m
[  30% ] [90m[1m_update_scan_actions[22m | windup_sw.png[39m[0m
[  31% ] [90m[1m_update_scan_actions[22m | death_sw2_v10.png[39m[0m
[  31% ] [90m[1m_update_scan_actions[22m | death_sw_v10.png[39m[0m
[  31% ] [90m[1m_update_scan_actions[22m | idle_spacing2_v4.png[39m[0m
[  31% ] [90m[1m_update_scan_actions[22m | idle_spacing_v4.png[39m[0m
[  31% ] [90m[1m_update_scan_actions[22m | idle_v4.png[39m[0m
[  32% ] [90m[1m_update_scan_actions[22m | passing_a_ne2_v5.png[39m[0m
[  32% ] [90m[1m_update_scan_actions[22m | passing_a_nw2_v5.png[39m[0m
[  32% ] [90m[1m_update_scan_actions[22m | passing_a_se2_v5.png[39m[0m
[  32% ] [90m[1m_update_scan_actions[22m | passing_a_sw2_v5.png[39m[0m
[  32% ] [90m[1m_update_scan_actions[22m | passing_b_ne2_v5.png[39m[0m
[  32% ] [90m[1m_update_scan_actions[22m | passing_b_nw2_v5.png[39m[0m
[  33% ] [90m[1m_update_scan_actions[22m | passing_b_se2_v5.png[39m[0m
[  33% ] [90m[1m_update_scan_actions[22m | passing_b_sw2_v5.png[39m[0m
[  33% ] [90m[1m_update_scan_actions[22m | walk_a_ne2_v5.png[39m[0m
[  33% ] [90m[1m_update_scan_actions[22m | walk_a_ne3_v5.png[39m[0m
[  33% ] [90m[1m_update_scan_actions[22m | walk_a_ne_v5.png[39m[0m
[  33% ] [90m[1m_update_scan_actions[22m | walk_a_nw_v5.png[39m[0m
[  34% ] [90m[1m_update_scan_actions[22m | walk_a_se_v5.png[39m[0m
[  34% ] [90m[1m_update_scan_actions[22m | walk_a_sw_v5.png[39m[0m
[  34% ] [90m[1m_update_scan_actions[22m | walk_b_ne_v5.png[39m[0m
[  34% ] [90m[1m_update_scan_actions[22m | walk_b_nw2_v5.png[39m[0m
[  34% ] [90m[1m_update_scan_actions[22m | walk_b_nw3_v5.png[39m[0m
[  35% ] [90m[1m_update_scan_actions[22m | walk_b_nw_v5.png[39m[0m
[  35% ] [90m[1m_update_scan_actions[22m | walk_b_se2_v5.png[39m[0m
[  35% ] [90m[1m_update_scan_actions[22m | walk_b_se_v5.png[39m[0m
[  35% ] [90m[1m_update_scan_actions[22m | walk_b_sw2_v5.png[39m[0m
[  35% ] [90m[1m_update_scan_actions[22m | walk_b_sw3_v5.png[39m[0m
[  35% ] [90m[1m_update_scan_actions[22m | walk_b_sw4_v5.png[39m[0m
[  36% ] [90m[1m_update_scan_actions[22m | walk_b_sw_v5.png[39m[0m
[  36% ] [90m[1m_update_scan_actions[22m | fall.png[39m[0m
[  36% ] [90m[1m_update_scan_actions[22m | fall_ne.png[39m[0m
[  36% ] [90m[1m_update_scan_actions[22m | hurt.png[39m[0m
[  36% ] [90m[1m_update_scan_actions[22m | hurt_ne.png[39m[0m
[  37% ] [90m[1m_update_scan_actions[22m | hurt_sw.png[39m[0m
[  37% ] [90m[1m_update_scan_actions[22m | idle.png[39m[0m
[  37% ] [90m[1m_update_scan_actions[22m | idle_ne.png[39m[0m
[  37% ] [90m[1m_update_scan_actions[22m | strike.png[39m[0m
[  37% ] [90m[1m_update_scan_actions[22m | strike_ne.png[39m[0m
[  37% ] [90m[1m_update_scan_actions[22m | terminal.png[39m[0m
[  38% ] [90m[1m_update_scan_actions[22m | walk_a.png[39m[0m
[  38% ] [90m[1m_update_scan_actions[22m | walk_a_ne.png[39m[0m
[  38% ] [90m[1m_update_scan_actions[22m | walk_a_sw_v2.png[39m[0m
[  38% ] [90m[1m_update_scan_actions[22m | walk_b.png[39m[0m
[  38% ] [90m[1m_update_scan_actions[22m | walk_b_ne_v2.png[39m[0m
[  38% ] [90m[1m_update_scan_actions[22m | walk_b_se.png[39m[0m
[  39% ] [90m[1m_update_scan_actions[22m | windup.png[39m[0m
[  39% ] [90m[1m_update_scan_actions[22m | windup_ne_v2.png[39m[0m
[  39% ] [90m[1m_update_scan_actions[22m | windup_sw.png[39m[0m
[  39% ] [90m[1m_update_scan_actions[22m | hu_sanniang.png[39m[0m
[  39% ] [90m[1m_update_scan_actions[22m | sun_li.png[39m[0m
[  40% ] [90m[1m_update_scan_actions[22m | cai_jiu.png[39m[0m
[  40% ] [90m[1m_update_scan_actions[22m | shi_wengong.png[39m[0m
[  40% ] [90m[1m_update_scan_actions[22m | bound.png[39m[0m
[  40% ] [90m[1m_update_scan_actions[22m | fall.png[39m[0m
[  40% ] [90m[1m_update_scan_actions[22m | hurt.png[39m[0m
[  40% ] [90m[1m_update_scan_actions[22m | hurt_ne_v2.png[39m[0m
[  41% ] [90m[1m_update_scan_actions[22m | idle.png[39m[0m
[  41% ] [90m[1m_update_scan_actions[22m | idle_ne_v2.png[39m[0m
[  41% ] [90m[1m_update_scan_actions[22m | strike.png[39m[0m
[  41% ] [90m[1m_update_scan_actions[22m | strike_ne.png[39m[0m
[  41% ] [90m[1m_update_scan_actions[22m | terminal.png[39m[0m
[  41% ] [90m[1m_update_scan_actions[22m | walk_a.png[39m[0m
[  42% ] [90m[1m_update_scan_actions[22m | walk_a_ne_v2.png[39m[0m
[  42% ] [90m[1m_update_scan_actions[22m | walk_b_ne.png[39m[0m
[  42% ] [90m[1m_update_scan_actions[22m | walk_b_nw_v4.png[39m[0m
[  42% ] [90m[1m_update_scan_actions[22m | walk_b_se_v3.png[39m[0m
[  42% ] [90m[1m_update_scan_actions[22m | walk_b_sw_v3.png[39m[0m
[  43% ] [90m[1m_update_scan_actions[22m | windup.png[39m[0m
[  43% ] [90m[1m_update_scan_actions[22m | windup_ne.png[39m[0m
[  43% ] [90m[1m_update_scan_actions[22m | idle_single_ne_v4.png[39m[0m
[  43% ] [90m[1m_update_scan_actions[22m | idle_single_nw_v4.png[39m[0m
[  43% ] [90m[1m_update_scan_actions[22m | idle_single_se_v4.png[39m[0m
[  43% ] [90m[1m_update_scan_actions[22m | idle_single_sw_v4.png[39m[0m
[  44% ] [90m[1m_update_scan_actions[22m | idle_v3.png[39m[0m
[  44% ] [90m[1m_update_scan_actions[22m | passing_a2_ne_v4.png[39m[0m
[  44% ] [90m[1m_update_scan_actions[22m | passing_a_ne_v4.png[39m[0m
[  44% ] [90m[1m_update_scan_actions[22m | passing_a_nw_v4.png[39m[0m
[  44% ] [90m[1m_update_scan_actions[22m | passing_a_se_v4.png[39m[0m
[  45% ] [90m[1m_update_scan_actions[22m | passing_a_sw_v4.png[39m[0m
[  45% ] [90m[1m_update_scan_actions[22m | passing_b_ne_v4.png[39m[0m
[  45% ] [90m[1m_update_scan_actions[22m | passing_b_nw_v4.png[39m[0m
[  45% ] [90m[1m_update_scan_actions[22m | passing_b_se_v4.png[39m[0m
[  45% ] [90m[1m_update_scan_actions[22m | passing_b_sw_v4.png[39m[0m
[  45% ] [90m[1m_update_scan_actions[22m | posture_v3.png[39m[0m
[  46% ] [90m[1m_update_scan_actions[22m | proportion_v2.png[39m[0m
[  46% ] [90m[1m_update_scan_actions[22m | walk_a_ne_v4.png[39m[0m
[  46% ] [90m[1m_update_scan_actions[22m | walk_a_nw_v4.png[39m[0m
[  46% ] [90m[1m_update_scan_actions[22m | walk_a_se_v4.png[39m[0m
[  46% ] [90m[1m_update_scan_actions[22m | walk_a_sw_v4.png[39m[0m
[  46% ] [90m[1m_update_scan_actions[22m | walk_b_ne_v4.png[39m[0m
[  47% ] [90m[1m_update_scan_actions[22m | walk_b_nw_v4.png[39m[0m
[  47% ] [90m[1m_update_scan_actions[22m | walk_b_se_v4.png[39m[0m
[  47% ] [90m[1m_update_scan_actions[22m | walk_b_sw_v4.png[39m[0m
[  47% ] [90m[1m_update_scan_actions[22m | bound.png[39m[0m
[  47% ] [90m[1m_update_scan_actions[22m | gait_edit_rejected.png[39m[0m
[  48% ] [90m[1m_update_scan_actions[22m | opposite_step_rejected.png[39m[0m
[  48% ] [90m[1m_update_scan_actions[22m | opposite_step_se_only.png[39m[0m
[  48% ] [90m[1m_update_scan_actions[22m | step_b_rejected.png[39m[0m
[  48% ] [90m[1m_update_scan_actions[22m | sw_initial_rejected.png[39m[0m
[  48% ] [90m[1m_update_scan_actions[22m | idle_ne_v2.png[39m[0m
[  48% ] [90m[1m_update_scan_actions[22m | idle_nw_v2.png[39m[0m
[  49% ] [90m[1m_update_scan_actions[22m | idle_traits_v4.png[39m[0m
[  49% ] [90m[1m_update_scan_actions[22m | idle_v2.png[39m[0m
[  49% ] [90m[1m_update_scan_actions[22m | idle_v3.png[39m[0m
[  49% ] [90m[1m_update_scan_actions[22m | idle_walk.png[39m[0m
[  49% ] [90m[1m_update_scan_actions[22m | ne_a2_v2.png[39m[0m
[  50% ] [90m[1m_update_scan_actions[22m | ne_b2_v2.png[39m[0m
[  50% ] [90m[1m_update_scan_actions[22m | nw_a2_v2.png[39m[0m
[  50% ] [90m[1m_update_scan_actions[22m | nw_b2_v2.png[39m[0m
[  50% ] [90m[1m_update_scan_actions[22m | passing_a_geometry_ne_v4.png[39m[0m
[  50% ] [90m[1m_update_scan_actions[22m | passing_a_geometry_nw_v4.png[39m[0m
[  50% ] [90m[1m_update_scan_actions[22m | passing_a_geometry_se_v4.png[39m[0m
[  51% ] [90m[1m_update_scan_actions[22m | passing_a_geometry_sw_v4.png[39m[0m
[  51% ] [90m[1m_update_scan_actions[22m | passing_b_geometry_ne_v4.png[39m[0m
[  51% ] [90m[1m_update_scan_actions[22m | passing_b_geometry_nw_v4.png[39m[0m
[  51% ] [90m[1m_update_scan_actions[22m | passing_b_geometry_se_v4.png[39m[0m
[  51% ] [90m[1m_update_scan_actions[22m | passing_b_geometry_sw_v4.png[39m[0m
[  51% ] [90m[1m_update_scan_actions[22m | posture_v3.png[39m[0m
[  52% ] [90m[1m_update_scan_actions[22m | proportion_reference_v2.png[39m[0m
[  52% ] [90m[1m_update_scan_actions[22m | se_a2_v2.png[39m[0m
[  52% ] [90m[1m_update_scan_actions[22m | se_b2_v2.png[39m[0m
[  52% ] [90m[1m_update_scan_actions[22m | se_b_v2.png[39m[0m
[  52% ] [90m[1m_update_scan_actions[22m | se_v2.png[39m[0m
[  53% ] [90m[1m_update_scan_actions[22m | step_b_ne.png[39m[0m
[  53% ] [90m[1m_update_scan_actions[22m | step_b_nw.png[39m[0m
[  53% ] [90m[1m_update_scan_actions[22m | step_b_sw.png[39m[0m
[  53% ] [90m[1m_update_scan_actions[22m | sw_b3_v2.png[39m[0m
[  53% ] [90m[1m_update_scan_actions[22m | sw_b4_v2.png[39m[0m
[  53% ] [90m[1m_update_scan_actions[22m | sw_b_v2.png[39m[0m
[  54% ] [90m[1m_update_scan_actions[22m | walk_a_geometry_ne_v4.png[39m[0m
[  54% ] [90m[1m_update_scan_actions[22m | walk_a_spacing_atlas_v4.png[39m[0m
[  54% ] [90m[1m_update_scan_actions[22m | walk_a_traits_atlas_v4.png[39m[0m
[  54% ] [90m[1m_update_scan_actions[22m | walk_b2_geometry_nw_v4.png[39m[0m
[  54% ] [90m[1m_update_scan_actions[22m | walk_b_geometry_atlas_v4.png[39m[0m
[  54% ] [90m[1m_update_scan_actions[22m | walk_b_geometry_ne_v4.png[39m[0m
[  55% ] [90m[1m_update_scan_actions[22m | walk_b_geometry_nw_v4.png[39m[0m
[  55% ] [90m[1m_update_scan_actions[22m | walk_b_geometry_se_v4.png[39m[0m
[  55% ] [90m[1m_update_scan_actions[22m | walk_b_geometry_sw_v4.png[39m[0m
[  55% ] [90m[1m_update_scan_actions[22m | walk_b_padded_atlas_v4.png[39m[0m
[  55% ] [90m[1m_update_scan_actions[22m | walk_b_swap_atlas_v4.png[39m[0m
[  56% ] [90m[1m_update_scan_actions[22m | walk_v2.png[39m[0m
[  56% ] [90m[1m_update_scan_actions[22m | idle_matched_v4.png[39m[0m
[  56% ] [90m[1m_update_scan_actions[22m | idle_single_ne_v4.png[39m[0m
[  56% ] [90m[1m_update_scan_actions[22m | idle_single_nw_v4.png[39m[0m
[  56% ] [90m[1m_update_scan_actions[22m | idle_single_se_v4.png[39m[0m
[  56% ] [90m[1m_update_scan_actions[22m | idle_single_sw_v4.png[39m[0m
[  57% ] [90m[1m_update_scan_actions[22m | idle_spacing_matched_v4.png[39m[0m
[  57% ] [90m[1m_update_scan_actions[22m | idle_spacing_v3.png[39m[0m
[  57% ] [90m[1m_update_scan_actions[22m | idle_v2.png[39m[0m
[  57% ] [90m[1m_update_scan_actions[22m | idle_v3.png[39m[0m
[  57% ] [90m[1m_update_scan_actions[22m | idle_walk.png[39m[0m
[  58% ] [90m[1m_update_scan_actions[22m | passing_a_ne_v4.png[39m[0m
[  58% ] [90m[1m_update_scan_actions[22m | passing_a_nw_v4.png[39m[0m
[  58% ] [90m[1m_update_scan_actions[22m | passing_a_se_v4.png[39m[0m
[  58% ] [90m[1m_update_scan_actions[22m | passing_a_sw_v4.png[39m[0m
[  58% ] [90m[1m_update_scan_actions[22m | passing_b2_ne_v4.png[39m[0m
[  58% ] [90m[1m_update_scan_actions[22m | passing_b2_sw_v4.png[39m[0m
[  59% ] [90m[1m_update_scan_actions[22m | passing_b3_ne_v4.png[39m[0m
[  59% ] [90m[1m_update_scan_actions[22m | passing_b3_sw_v4.png[39m[0m
[  59% ] [90m[1m_update_scan_actions[22m | passing_b4_sw_v4.png[39m[0m
[  59% ] [90m[1m_update_scan_actions[22m | passing_b5_sw_v4.png[39m[0m
[  59% ] [90m[1m_update_scan_actions[22m | passing_b_explicit_nw_v4.png[39m[0m
[  59% ] [90m[1m_update_scan_actions[22m | passing_b_ne_v4.png[39m[0m
[  60% ] [90m[1m_update_scan_actions[22m | passing_b_se_v4.png[39m[0m
[  60% ] [90m[1m_update_scan_actions[22m | passing_b_sw_v4.png[39m[0m
[  60% ] [90m[1m_update_scan_actions[22m | posture_v3.png[39m[0m
[  60% ] [90m[1m_update_scan_actions[22m | proportion_v2.png[39m[0m
[  60% ] [90m[1m_update_scan_actions[22m | step_a_se_guide_v3.png[39m[0m
[  61% ] [90m[1m_update_scan_actions[22m | step_b_body2_ne_v4.png[39m[0m
[  61% ] [90m[1m_update_scan_actions[22m | step_b_body2_nw_v4.png[39m[0m
[  61% ] [90m[1m_update_scan_actions[22m | step_b_body2_se_v4.png[39m[0m
[  61% ] [90m[1m_update_scan_actions[22m | step_b_body2_sw_v4.png[39m[0m
[  61% ] [90m[1m_update_scan_actions[22m | step_b_body_se_v4.png[39m[0m
[  61% ] [90m[1m_update_scan_actions[22m | step_b_cloth_ne_v4.png[39m[0m
[  62% ] [90m[1m_update_scan_actions[22m | step_b_cloth_nw_v4.png[39m[0m
[  62% ] [90m[1m_update_scan_actions[22m | step_b_cloth_se_v4.png[39m[0m
[  62% ] [90m[1m_update_scan_actions[22m | step_b_cloth_sw_v4.png[39m[0m
[  62% ] [90m[1m_update_scan_actions[22m | step_b_priority_v3.png[39m[0m
[  62% ] [90m[1m_update_scan_actions[22m | step_b_se2_v3.png[39m[0m
[  62% ] [90m[1m_update_scan_actions[22m | step_b_se_guide_v3.png[39m[0m
[  63% ] [90m[1m_update_scan_actions[22m | step_b_se_v3.png[39m[0m
[  63% ] [90m[1m_update_scan_actions[22m | step_b_transfer_ne_v3.png[39m[0m
[  63% ] [90m[1m_update_scan_actions[22m | step_b_transfer_nw_v3.png[39m[0m
[  63% ] [90m[1m_update_scan_actions[22m | step_b_transfer_sw_v3.png[39m[0m
[  63% ] [90m[1m_update_scan_actions[22m | step_b_transfer_v3.png[39m[0m
[  64% ] [90m[1m_update_scan_actions[22m | walk_a_matched_ne_v4.png[39m[0m
[  64% ] [90m[1m_update_scan_actions[22m | walk_a_matched_nw2_v4.png[39m[0m
[  64% ] [90m[1m_update_scan_actions[22m | walk_a_matched_nw_v4.png[39m[0m
[  64% ] [90m[1m_update_scan_actions[22m | walk_a_matched_se_v4.png[39m[0m
[  64% ] [90m[1m_update_scan_actions[22m | walk_a_matched_sw_v4.png[39m[0m
[  64% ] [90m[1m_update_scan_actions[22m | walk_a_v3.png[39m[0m
[  65% ] [90m[1m_update_scan_actions[22m | walk_b_v3.png[39m[0m
[  65% ] [90m[1m_update_scan_actions[22m | collapse.png[39m[0m
[  65% ] [90m[1m_update_scan_actions[22m | idle.png[39m[0m
[  65% ] [90m[1m_update_scan_actions[22m | raise.png[39m[0m
[  65% ] [90m[1m_update_scan_actions[22m | recover.png[39m[0m
[  66% ] [90m[1m_update_scan_actions[22m | release.png[39m[0m
[  66% ] [90m[1m_update_scan_actions[22m | walk_a.png[39m[0m
[  66% ] [90m[1m_update_scan_actions[22m | walk_b_v2.png[39m[0m
[  66% ] [90m[1m_update_scan_actions[22m | wreck_v2.png[39m[0m
[  66% ] [90m[1m_update_scan_actions[22m | lu_qian.png[39m[0m
[  66% ] [90m[1m_update_scan_actions[22m | zhu_zhaofeng.png[39m[0m
[  67% ] [90m[1m_update_scan_actions[22m | bound.png[39m[0m
[  67% ] [90m[1m_update_scan_actions[22m | idle_single_ne_v4.png[39m[0m
[  67% ] [90m[1m_update_scan_actions[22m | idle_single_nw_v4.png[39m[0m
[  67% ] [90m[1m_update_scan_actions[22m | idle_single_se_v4.png[39m[0m
[  67% ] [90m[1m_update_scan_actions[22m | idle_single_sw_v4.png[39m[0m
[  67% ] [90m[1m_update_scan_actions[22m | idle_spacing_v3.png[39m[0m
[  68% ] [90m[1m_update_scan_actions[22m | idle_v3.png[39m[0m
[  68% ] [90m[1m_update_scan_actions[22m | passing_a_ne_v4.png[39m[0m
[  68% ] [90m[1m_update_scan_actions[22m | passing_a_nw_v4.png[39m[0m
[  68% ] [90m[1m_update_scan_actions[22m | passing_a_se_v4.png[39m[0m
[  68% ] [90m[1m_update_scan_actions[22m | passing_a_sw_v4.png[39m[0m
[  69% ] [90m[1m_update_scan_actions[22m | passing_b_ne_v4.png[39m[0m
[  69% ] [90m[1m_update_scan_actions[22m | passing_b_nw_v4.png[39m[0m
[  69% ] [90m[1m_update_scan_actions[22m | passing_b_se_v4.png[39m[0m
[  69% ] [90m[1m_update_scan_actions[22m | passing_b_sw_v4.png[39m[0m
[  69% ] [90m[1m_update_scan_actions[22m | posture_v3.png[39m[0m
[  69% ] [90m[1m_update_scan_actions[22m | proportion_v2.png[39m[0m
[  70% ] [90m[1m_update_scan_actions[22m | walk_a2_ne_v4.png[39m[0m
[  70% ] [90m[1m_update_scan_actions[22m | walk_a_ne_v4.png[39m[0m
[  70% ] [90m[1m_update_scan_actions[22m | walk_a_nw_v4.png[39m[0m
[  70% ] [90m[1m_update_scan_actions[22m | walk_a_se_v4.png[39m[0m
[  70% ] [90m[1m_update_scan_actions[22m | walk_a_sw_v4.png[39m[0m
[  70% ] [90m[1m_update_scan_actions[22m | walk_b2_se_v4.png[39m[0m
[  71% ] [90m[1m_update_scan_actions[22m | walk_b3_nw_v4.png[39m[0m
[  71% ] [90m[1m_update_scan_actions[22m | walk_b3_se_v4.png[39m[0m
[  71% ] [90m[1m_update_scan_actions[22m | walk_b3_sw_v4.png[39m[0m
[  71% ] [90m[1m_update_scan_actions[22m | walk_b_ne_v4.png[39m[0m
[  71% ] [90m[1m_update_scan_actions[22m | walk_b_se_v4.png[39m[0m
[  72% ] [90m[1m_update_scan_actions[22m | actions_ne_v6.png[39m[0m
[  72% ] [90m[1m_update_scan_actions[22m | actions_nw2_v6.png[39m[0m
[  72% ] [90m[1m_update_scan_actions[22m | actions_nw3_v7.png[39m[0m
[  72% ] [90m[1m_update_scan_actions[22m | actions_nw_v6.png[39m[0m
[  72% ] [90m[1m_update_scan_actions[22m | actions_se_v6.png[39m[0m
[  72% ] [90m[1m_update_scan_actions[22m | actions_sw2_v6.png[39m[0m
[  73% ] [90m[1m_update_scan_actions[22m | actions_sw_v6.png[39m[0m
[  73% ] [90m[1m_update_scan_actions[22m | death_ne2_v8.png[39m[0m
[  73% ] [90m[1m_update_scan_actions[22m | death_ne3_v8.png[39m[0m
[  73% ] [90m[1m_update_scan_actions[22m | death_ne_v8.png[39m[0m
[  73% ] [90m[1m_update_scan_actions[22m | death_nw2_v8.png[39m[0m
[  74% ] [90m[1m_update_scan_actions[22m | death_nw_v8.png[39m[0m
[  74% ] [90m[1m_update_scan_actions[22m | death_se_v8.png[39m[0m
[  74% ] [90m[1m_update_scan_actions[22m | death_sw2_v8.png[39m[0m
[  74% ] [90m[1m_update_scan_actions[22m | death_sw3_v8.png[39m[0m
[  74% ] [90m[1m_update_scan_actions[22m | death_sw_v8.png[39m[0m
[  74% ] [90m[1m_update_scan_actions[22m | hurt_sw_v6.png[39m[0m
[  75% ] [90m[1m_update_scan_actions[22m | idle_spacing_v4.png[39m[0m
[  75% ] [90m[1m_update_scan_actions[22m | idle_v4.png[39m[0m
[  75% ] [90m[1m_update_scan_actions[22m | passing_a_ne_v5.png[39m[0m
[  75% ] [90m[1m_update_scan_actions[22m | passing_a_nw_v5.png[39m[0m
[  75% ] [90m[1m_update_scan_actions[22m | passing_a_se_v5.png[39m[0m
[  75% ] [90m[1m_update_scan_actions[22m | passing_a_sw_v5.png[39m[0m
[  76% ] [90m[1m_update_scan_actions[22m | passing_b_ne_v5.png[39m[0m
[  76% ] [90m[1m_update_scan_actions[22m | passing_b_nw_v5.png[39m[0m
[  76% ] [90m[1m_update_scan_actions[22m | passing_b_se_v5.png[39m[0m
[  76% ] [90m[1m_update_scan_actions[22m | passing_b_sw_v5.png[39m[0m
[  76% ] [90m[1m_update_scan_actions[22m | walk_a_ne_v5.png[39m[0m
[  77% ] [90m[1m_update_scan_actions[22m | walk_a_nw_v5.png[39m[0m
[  77% ] [90m[1m_update_scan_actions[22m | walk_a_se_v5.png[39m[0m
[  77% ] [90m[1m_update_scan_actions[22m | walk_a_sw_v5.png[39m[0m
[  77% ] [90m[1m_update_scan_actions[22m | walk_b_ne_v5.png[39m[0m
[  77% ] [90m[1m_update_scan_actions[22m | walk_b_nw2_v5.png[39m[0m
[  77% ] [90m[1m_update_scan_actions[22m | walk_b_nw_v5.png[39m[0m
[  78% ] [90m[1m_update_scan_actions[22m | walk_b_se_v5.png[39m[0m
[  78% ] [90m[1m_update_scan_actions[22m | walk_b_sw2_v5.png[39m[0m
[  78% ] [90m[1m_update_scan_actions[22m | walk_b_sw3_v5.png[39m[0m
[  78% ] [90m[1m_update_scan_actions[22m | walk_b_sw_v5.png[39m[0m
[  78% ] [90m[1m_update_scan_actions[22m | fall.png[39m[0m
[  79% ] [90m[1m_update_scan_actions[22m | hurt.png[39m[0m
[  79% ] [90m[1m_update_scan_actions[22m | idle.png[39m[0m
[  79% ] [90m[1m_update_scan_actions[22m | strike.png[39m[0m
[  79% ] [90m[1m_update_scan_actions[22m | terminal.png[39m[0m
[  79% ] [90m[1m_update_scan_actions[22m | walk_a.png[39m[0m
[  79% ] [90m[1m_update_scan_actions[22m | walk_b.png[39m[0m
[  80% ] [90m[1m_update_scan_actions[22m | windup.png[39m[0m
[  80% ] [90m[1m_update_scan_actions[22m | windup_ne.png[39m[0m
[  80% ] [90m[1m_update_scan_actions[22m | windup_nw.png[39m[0m
[  80% ] [90m[1m_update_scan_actions[22m | fall_initial.png[39m[0m
[  80% ] [90m[1m_update_scan_actions[22m | fall_sw.png[39m[0m
[  80% ] [90m[1m_update_scan_actions[22m | hurt_initial.png[39m[0m
[  81% ] [90m[1m_update_scan_actions[22m | hurt_ne.png[39m[0m
[  81% ] [90m[1m_update_scan_actions[22m | hurt_nw.png[39m[0m
[  81% ] [90m[1m_update_scan_actions[22m | hurt_sw.png[39m[0m
[  81% ] [90m[1m_update_scan_actions[22m | idle_initial.png[39m[0m
[  81% ] [90m[1m_update_scan_actions[22m | idle_ne_v4.png[39m[0m
[  82% ] [90m[1m_update_scan_actions[22m | idle_sw_v2.png[39m[0m
[  82% ] [90m[1m_update_scan_actions[22m | strike_initial.png[39m[0m
[  82% ] [90m[1m_update_scan_actions[22m | strike_ne.png[39m[0m
[  82% ] [90m[1m_update_scan_actions[22m | strike_se.png[39m[0m
[  82% ] [90m[1m_update_scan_actions[22m | strike_sw_v5.png[39m[0m
[  82% ] [90m[1m_update_scan_actions[22m | terminal_initial.png[39m[0m
[  83% ] [90m[1m_update_scan_actions[22m | walk_a_ne.png[39m[0m
[  83% ] [90m[1m_update_scan_actions[22m | walk_a_nw_v3.png[39m[0m
[  83% ] [90m[1m_update_scan_actions[22m | walk_a_se.png[39m[0m
[  83% ] [90m[1m_update_scan_actions[22m | walk_a_sw.png[39m[0m
[  83% ] [90m[1m_update_scan_actions[22m | walk_b_ne.png[39m[0m
[  83% ] [90m[1m_update_scan_actions[22m | walk_b_nw.png[39m[0m
[  84% ] [90m[1m_update_scan_actions[22m | walk_b_se_v2.png[39m[0m
[  84% ] [90m[1m_update_scan_actions[22m | walk_b_sw.png[39m[0m
[  84% ] [90m[1m_update_scan_actions[22m | windup_initial.png[39m[0m
[  84% ] [90m[1m_update_scan_actions[22m | windup_ne_v2.png[39m[0m
[  84% ] [90m[1m_update_scan_actions[22m | windup_sw_v2.png[39m[0m
[  85% ] [90m[1m_update_scan_actions[22m | bound.png[39m[0m
[  85% ] [90m[1m_update_scan_actions[22m | idle_single_ne_v4.png[39m[0m
[  85% ] [90m[1m_update_scan_actions[22m | idle_single_nw_v4.png[39m[0m
[  85% ] [90m[1m_update_scan_actions[22m | idle_single_se_v4.png[39m[0m
[  85% ] [90m[1m_update_scan_actions[22m | idle_single_sw_v4.png[39m[0m
[  85% ] [90m[1m_update_scan_actions[22m | idle_v3.png[39m[0m
[  86% ] [90m[1m_update_scan_actions[22m | passing_a_ne_v4.png[39m[0m
[  86% ] [90m[1m_update_scan_actions[22m | passing_a_nw_v4.png[39m[0m
[  86% ] [90m[1m_update_scan_actions[22m | passing_a_se_v4.png[39m[0m
[  86% ] [90m[1m_update_scan_actions[22m | passing_a_sw_v4.png[39m[0m
[  86% ] [90m[1m_update_scan_actions[22m | passing_b_ne_v4.png[39m[0m
[  87% ] [90m[1m_update_scan_actions[22m | passing_b_nw_v4.png[39m[0m
[  87% ] [90m[1m_update_scan_actions[22m | passing_b_se_v4.png[39m[0m
[  87% ] [90m[1m_update_scan_actions[22m | passing_b_sw_v4.png[39m[0m
[  87% ] [90m[1m_update_scan_actions[22m | posture_v3.png[39m[0m
[  87% ] [90m[1m_update_scan_actions[22m | proportion_fix_v2.png[39m[0m
[  87% ] [90m[1m_update_scan_actions[22m | proportion_v2.png[39m[0m
[  88% ] [90m[1m_update_scan_actions[22m | walk_a_ne_v4.png[39m[0m
[  88% ] [90m[1m_update_scan_actions[22m | walk_a_nw_v4.png[39m[0m
[  88% ] [90m[1m_update_scan_actions[22m | walk_a_se_v4.png[39m[0m
[  88% ] [90m[1m_update_scan_actions[22m | walk_a_sw_v4.png[39m[0m
[  88% ] [90m[1m_update_scan_actions[22m | walk_b2_sw_v4.png[39m[0m
[  88% ] [90m[1m_update_scan_actions[22m | walk_b_ne_v4.png[39m[0m
[  89% ] [90m[1m_update_scan_actions[22m | walk_b_nw_v4.png[39m[0m
[  89% ] [90m[1m_update_scan_actions[22m | walk_b_se_v4.png[39m[0m
[  89% ] [90m[1m_update_scan_actions[22m | walk_b_sw_v4.png[39m[0m
[  89% ] [90m[1m_update_scan_actions[22m | idle_corrected_candidate.png[39m[0m
[  89% ] [90m[1m_update_scan_actions[22m | windup_candidate.png[39m[0m
[  90% ] [90m[1m_update_scan_actions[22m | yang_fall_ne.png[39m[0m
[  90% ] [90m[1m_update_scan_actions[22m | yang_fall_nw.png[39m[0m
[  90% ] [90m[1m_update_scan_actions[22m | yang_fall_se.png[39m[0m
[  90% ] [90m[1m_update_scan_actions[22m | yang_fall_sw.png[39m[0m
[  90% ] [90m[1m_update_scan_actions[22m | yang_hurt_ne.png[39m[0m
[  90% ] [90m[1m_update_scan_actions[22m | yang_hurt_nw_fixed.png[39m[0m
[  91% ] [90m[1m_update_scan_actions[22m | yang_hurt_se.png[39m[0m
[  91% ] [90m[1m_update_scan_actions[22m | yang_hurt_sw_fixed.png[39m[0m
[  91% ] [90m[1m_update_scan_actions[22m | yang_strike_ne.png[39m[0m
[  91% ] [90m[1m_update_scan_actions[22m | yang_strike_nw_low.png[39m[0m
[  91% ] [90m[1m_update_scan_actions[22m | yang_strike_se.png[39m[0m
[  91% ] [90m[1m_update_scan_actions[22m | yang_strike_sw_fixed.png[39m[0m
[  92% ] [90m[1m_update_scan_actions[22m | yang_terminal_ne.png[39m[0m
[  92% ] [90m[1m_update_scan_actions[22m | yang_terminal_nw.png[39m[0m
[  92% ] [90m[1m_update_scan_actions[22m | yang_terminal_se.png[39m[0m
[  92% ] [90m[1m_update_scan_actions[22m | yang_terminal_sw.png[39m[0m
[  92% ] [90m[1m_update_scan_actions[22m | yang_walk_a_guided.png[39m[0m
[  93% ] [90m[1m_update_scan_actions[22m | yang_walk_a_sw.png[39m[0m
[  93% ] [90m[1m_update_scan_actions[22m | yang_walk_b_guided2.png[39m[0m
[  93% ] [90m[1m_update_scan_actions[22m | yang_windup_guided.png[39m[0m
[  93% ] [90m[1m_update_scan_actions[22m | yang_windup_sw.png[39m[0m
[  93% ] [90m[1m_update_scan_actions[22m | fall.png[39m[0m
[  93% ] [90m[1m_update_scan_actions[22m | hurt.png[39m[0m
[  94% ] [90m[1m_update_scan_actions[22m | idle.png[39m[0m
[  94% ] [90m[1m_update_scan_actions[22m | strike_ne.png[39m[0m
[  94% ] [90m[1m_update_scan_actions[22m | strike_padded.png[39m[0m
[  94% ] [90m[1m_update_scan_actions[22m | strike_sw.png[39m[0m
[  94% ] [90m[1m_update_scan_actions[22m | terminal.png[39m[0m
[  95% ] [90m[1m_update_scan_actions[22m | walk_a.png[39m[0m
[  95% ] [90m[1m_update_scan_actions[22m | walk_b.png[39m[0m
[  95% ] [90m[1m_update_scan_actions[22m | windup_ne.png[39m[0m
[  95% ] [90m[1m_update_scan_actions[22m | windup_padded.png[39m[0m
[  95% ] [90m[1m_update_scan_actions[22m | windup_sw.png[39m[0m
[  95% ] [90m[1m_update_scan_actions[22m | fall.png[39m[0m
[  96% ] [90m[1m_update_scan_actions[22m | fall_sw.png[39m[0m
[  96% ] [90m[1m_update_scan_actions[22m | hurt.png[39m[0m
[  96% ] [90m[1m_update_scan_actions[22m | idle.png[39m[0m
[  96% ] [90m[1m_update_scan_actions[22m | strike.png[39m[0m
[  96% ] [90m[1m_update_scan_actions[22m | strike_nw.png[39m[0m
[  96% ] [90m[1m_update_scan_actions[22m | strike_se.png[39m[0m
[  97% ] [90m[1m_update_scan_actions[22m | terminal.png[39m[0m
[  97% ] [90m[1m_update_scan_actions[22m | terminal_sw.png[39m[0m
[  97% ] [90m[1m_update_scan_actions[22m | walk_a.png[39m[0m
[  97% ] [90m[1m_update_scan_actions[22m | walk_b.png[39m[0m
[  97% ] [90m[1m_update_scan_actions[22m | windup.png[39m[0m
[  98% ] [90m[1m_update_scan_actions[22m | windup_sw.png[39m[0m
[  98% ] [90m[1m_update_scan_actions[22m | fall.png[39m[0m
[  98% ] [90m[1m_update_scan_actions[22m | hurt.png[39m[0m
[  98% ] [90m[1m_update_scan_actions[22m | idle.png[39m[0m
[  98% ] [90m[1m_update_scan_actions[22m | strike.png[39m[0m
[  98% ] [90m[1m_update_scan_actions[22m | terminal.png[39m[0m
[  99% ] [90m[1m_update_scan_actions[22m | walk_a.png[39m[0m
[  99% ] [90m[1m_update_scan_actions[22m | walk_b_v2.png[39m[0m
[  99% ] [90m[1m_update_scan_actions[22m | windup.png[39m[0m
[  99% ] [90m[1m_update_scan_actions[22m | stockade_gate_20260926.png[39m[0m
[92m[ DONE ][39m [1m_update_scan_actions[22m
[0m
[   0% ] [90m[1mreimport[22m | Started 正在导入或重新导入资产 (561 steps)[39m[0m
[   0% ] [90m[1mreimport[22m | 正在准备重新导入文件……[39m[0m
[   0% ] [90m[1mreimport[22m | 正在准备重新导入文件……[39m[0m
[   0% ] [90m[1mreimport[22m | 正在准备重新导入文件……[39m[0m
[   0% ] [90m[1mreimport[22m | 正在准备重新导入文件……[39m[0m
[   0% ] [90m[1mreimport[22m | 正在准备重新导入文件……[39m[0m
[   0% ] [90m[1mreimport[22m | 正在准备重新导入文件……[39m[0m
[   1% ] [90m[1mreimport[22m | 正在准备重新导入文件……[39m[0m
[   1% ] [90m[1mreimport[22m | 正在准备重新导入文件……[39m[0m
[   1% ] [90m[1mreimport[22m | 正在准备重新导入文件……[39m[0m
[   1% ] [90m[1mreimport[22m | 正在准备重新导入文件……[39m[0m
[   1% ] [90m[1mreimport[22m | 正在准备重新导入文件……[39m[0m
[   1% ] [90m[1mreimport[22m | 正在准备重新导入文件……[39m[0m
[   2% ] [90m[1mreimport[22m | 正在准备重新导入文件……[39m[0m
[   2% ] [90m[1mreimport[22m | 正在准备重新导入文件……[39m[0m
[   2% ] [90m[1mreimport[22m | 正在准备重新导入文件……[39m[0m
[   2% ] [90m[1mreimport[22m | 正在准备重新导入文件……[39m[0m
[   2% ] [90m[1mreimport[22m | 正在准备重新导入文件……[39m[0m
[   3% ] [90m[1mreimport[22m | 正在准备重新导入文件……[39m[0m
[   3% ] [90m[1mreimport[22m | 正在准备重新导入文件……[39m[0m
[   3% ] [90m[1mreimport[22m | 正在准备重新导入文件……[39m[0m
[   3% ] [90m[1mreimport[22m | 正在准备重新导入文件……[39m[0m
[   3% ] [90m[1mreimport[22m | 正在准备重新导入文件……[39m[0m
[   3% ] [90m[1mreimport[22m | 正在准备重新导入文件……[39m[0m
[   4% ] [90m[1mreimport[22m | 正在准备重新导入文件……[39m[0m
[   4% ] [90m[1mreimport[22m | 正在准备重新导入文件……[39m[0m
[   4% ] [90m[1mreimport[22m | 正在准备重新导入文件……[39m[0m
[   4% ] [90m[1mreimport[22m | 正在准备重新导入文件……[39m[0m
[   4% ] [90m[1mreimport[22m | 正在准备重新导入文件……[39m[0m
[   4% ] [90m[1mreimport[22m | 正在准备重新导入文件……[39m[0m
[   5% ] [90m[1mreimport[22m | 正在准备重新导入文件……[39m[0m
[   5% ] [90m[1mreimport[22m | 正在准备重新导入文件……[39m[0m
[   5% ] [90m[1mreimport[22m | 正在准备重新导入文件……[39m[0m
[   5% ] [90m[1mreimport[22m | 正在准备重新导入文件……[39m[0m
[   5% ] [90m[1mreimport[22m | 正在准备重新导入文件……[39m[0m
[   6% ] [90m[1mreimport[22m | 正在准备重新导入文件……[39m[0m
[   6% ] [90m[1mreimport[22m | 正在准备重新导入文件……[39m[0m
[   6% ] [90m[1mreimport[22m | 正在准备重新导入文件……[39m[0m
[   6% ] [90m[1mreimport[22m | 正在准备重新导入文件……[39m[0m
[   6% ] [90m[1mreimport[22m | 正在准备重新导入文件……[39m[0m
[   6% ] [90m[1mreimport[22m | 正在准备重新导入文件……[39m[0m
[   7% ] [90m[1mreimport[22m | 正在准备重新导入文件……[39m[0m
[   7% ] [90m[1mreimport[22m | 正在准备重新导入文件……[39m[0m
[   7% ] [90m[1mreimport[22m | 正在准备重新导入文件……[39m[0m
[   7% ] [90m[1mreimport[22m | 正在准备重新导入文件……[39m[0m
[   7% ] [90m[1mreimport[22m | 正在准备重新导入文件……[39m[0m
[   8% ] [90m[1mreimport[22m | 正在准备重新导入文件……[39m[0m
[   8% ] [90m[1mreimport[22m | 正在准备重新导入文件……[39m[0m
[   8% ] [90m[1mreimport[22m | 正在准备重新导入文件……[39m[0m
[   8% ] [90m[1mreimport[22m | 正在准备重新导入文件……[39m[0m
[   8% ] [90m[1mreimport[22m | 正在准备重新导入文件……[39m[0m
[   8% ] [90m[1mreimport[22m | 正在准备重新导入文件……[39m[0m
[   9% ] [90m[1mreimport[22m | 正在准备重新导入文件……[39m[0m
[   9% ] [90m[1mreimport[22m | 正在准备重新导入文件……[39m[0m
[   9% ] [90m[1mreimport[22m | 正在准备重新导入文件……[39m[0m
[   9% ] [90m[1mreimport[22m | 正在准备重新导入文件……[39m[0m
[   9% ] [90m[1mreimport[22m | 正在准备重新导入文件……[39m[0m
[   9% ] [90m[1mreimport[22m | 正在准备重新导入文件……[39m[0m
[  10% ] [90m[1mreimport[22m | 正在准备重新导入文件……[39m[0m
[  10% ] [90m[1mreimport[22m | 正在准备重新导入文件……[39m[0m
[  10% ] [90m[1mreimport[22m | 正在准备重新导入文件……[39m[0m
[  10% ] [90m[1mreimport[22m | 正在准备重新导入文件……[39m[0m
[  10% ] [90m[1mreimport[22m | 正在准备重新导入文件……[39m[0m
[  11% ] [90m[1mreimport[22m | 正在准备重新导入文件……[39m[0m
[  11% ] [90m[1mreimport[22m | 正在准备重新导入文件……[39m[0m
[  11% ] [90m[1mreimport[22m | 正在准备重新导入文件……[39m[0m
[  11% ] [90m[1mreimport[22m | 正在准备重新导入文件……[39m[0m
[  11% ] [90m[1mreimport[22m | 正在准备重新导入文件……[39m[0m
[  11% ] [90m[1mreimport[22m | 正在准备重新导入文件……[39m[0m
[  12% ] [90m[1mreimport[22m | 正在准备重新导入文件……[39m[0m
[  12% ] [90m[1mreimport[22m | 正在准备重新导入文件……[39m[0m
[  12% ] [90m[1mreimport[22m | 正在准备重新导入文件……[39m[0m
[  12% ] [90m[1mreimport[22m | 正在准备重新导入文件……[39m[0m
[  12% ] [90m[1mreimport[22m | 正在准备重新导入文件……[39m[0m
[  12% ] [90m[1mreimport[22m | 正在准备重新导入文件……[39m[0m
[  13% ] [90m[1mreimport[22m | 正在准备重新导入文件……[39m[0m
[  13% ] [90m[1mreimport[22m | 正在准备重新导入文件……[39m[0m
[  13% ] [90m[1mreimport[22m | 正在准备重新导入文件……[39m[0m
[  13% ] [90m[1mreimport[22m | 正在准备重新导入文件……[39m[0m
[  13% ] [90m[1mreimport[22m | 正在准备重新导入文件……[39m[0m
[  14% ] [90m[1mreimport[22m | 正在准备重新导入文件……[39m[0m
[  14% ] [90m[1mreimport[22m | 正在准备重新导入文件……[39m[0m
[  14% ] [90m[1mreimport[22m | 正在准备重新导入文件……[39m[0m
[  14% ] [90m[1mreimport[22m | 正在准备重新导入文件……[39m[0m
[  14% ] [90m[1mreimport[22m | 正在准备重新导入文件……[39m[0m
[  14% ] [90m[1mreimport[22m | 正在准备重新导入文件……[39m[0m
[  15% ] [90m[1mreimport[22m | 正在准备重新导入文件……[39m[0m
[  15% ] [90m[1mreimport[22m | 正在准备重新导入文件……[39m[0m
[  15% ] [90m[1mreimport[22m | 正在准备重新导入文件……[39m[0m
[  15% ] [90m[1mreimport[22m | 正在准备重新导入文件……[39m[0m
[  15% ] [90m[1mreimport[22m | 正在准备重新导入文件……[39m[0m
[  16% ] [90m[1mreimport[22m | 正在准备重新导入文件……[39m[0m
[  16% ] [90m[1mreimport[22m | 正在准备重新导入文件……[39m[0m
[  16% ] [90m[1mreimport[22m | 正在准备重新导入文件……[39m[0m
[  16% ] [90m[1mreimport[22m | 正在准备重新导入文件……[39m[0m
[  16% ] [90m[1mreimport[22m | 正在准备重新导入文件……[39m[0m
[  16% ] [90m[1mreimport[22m | 正在准备重新导入文件……[39m[0m
[  17% ] [90m[1mreimport[22m | 正在准备重新导入文件……[39m[0m
[  17% ] [90m[1mreimport[22m | 正在准备重新导入文件……[39m[0m
[  17% ] [90m[1mreimport[22m | 正在准备重新导入文件……[39m[0m
[  17% ] [90m[1mreimport[22m | 正在准备重新导入文件……[39m[0m
[  17% ] [90m[1mreimport[22m | 正在准备重新导入文件……[39m[0m
[  17% ] [90m[1mreimport[22m | 正在准备重新导入文件……[39m[0m
[  18% ] [90m[1mreimport[22m | 正在准备重新导入文件……[39m[0m
[  18% ] [90m[1mreimport[22m | 正在准备重新导入文件……[39m[0m
[  18% ] [90m[1mreimport[22m | 正在准备重新导入文件……[39m[0m
[  18% ] [90m[1mreimport[22m | 正在准备重新导入文件……[39m[0m
[  18% ] [90m[1mreimport[22m | 正在准备重新导入文件……[39m[0m
[  19% ] [90m[1mreimport[22m | 正在准备重新导入文件……[39m[0m
[  19% ] [90m[1mreimport[22m | 正在准备重新导入文件……[39m[0m
[  19% ] [90m[1mreimport[22m | 正在准备重新导入文件……[39m[0m
[  19% ] [90m[1mreimport[22m | 正在准备重新导入文件……[39m[0m
[  19% ] [90m[1mreimport[22m | 正在准备重新导入文件……[39m[0m
[  19% ] [90m[1mreimport[22m | 正在准备重新导入文件……[39m[0m
[  20% ] [90m[1mreimport[22m | 正在准备重新导入文件……[39m[0m
[  20% ] [90m[1mreimport[22m | 正在准备重新导入文件……[39m[0m
[  20% ] [90m[1mreimport[22m | 正在准备重新导入文件……[39m[0m
[  20% ] [90m[1mreimport[22m | 正在准备重新导入文件……[39m[0m
[  20% ] [90m[1mreimport[22m | 正在准备重新导入文件……[39m[0m
[  20% ] [90m[1mreimport[22m | 正在准备重新导入文件……[39m[0m
[  21% ] [90m[1mreimport[22m | 正在准备重新导入文件……[39m[0m
[  21% ] [90m[1mreimport[22m | 正在准备重新导入文件……[39m[0m
[  21% ] [90m[1mreimport[22m | 正在准备重新导入文件……[39m[0m
[  21% ] [90m[1mreimport[22m | 正在准备重新导入文件……[39m[0m
[  21% ] [90m[1mreimport[22m | 正在准备重新导入文件……[39m[0m
[  22% ] [90m[1mreimport[22m | 正在准备重新导入文件……[39m[0m
[  22% ] [90m[1mreimport[22m | 正在准备重新导入文件……[39m[0m
[  22% ] [90m[1mreimport[22m | 正在准备重新导入文件……[39m[0m
[  22% ] [90m[1mreimport[22m | 正在准备重新导入文件……[39m[0m
[  22% ] [90m[1mreimport[22m | 正在准备重新导入文件……[39m[0m
[  22% ] [90m[1mreimport[22m | 正在准备重新导入文件……[39m[0m
[  23% ] [90m[1mreimport[22m | 正在准备重新导入文件……[39m[0m
[  23% ] [90m[1mreimport[22m | 正在准备重新导入文件……[39m[0m
[  23% ] [90m[1mreimport[22m | 正在准备重新导入文件……[39m[0m
[  23% ] [90m[1mreimport[22m | 正在准备重新导入文件……[39m[0m
[  23% ] [90m[1mreimport[22m | 正在准备重新导入文件……[39m[0m
[  24% ] [90m[1mreimport[22m | 正在准备重新导入文件……[39m[0m
[  24% ] [90m[1mreimport[22m | 正在准备重新导入文件……[39m[0m
[  24% ] [90m[1mreimport[22m | 正在准备重新导入文件……[39m[0m
[  24% ] [90m[1mreimport[22m | 正在准备重新导入文件……[39m[0m
[  24% ] [90m[1mreimport[22m | 正在准备重新导入文件……[39m[0m
[  24% ] [90m[1mreimport[22m | 正在准备重新导入文件……[39m[0m
[  25% ] [90m[1mreimport[22m | 正在准备重新导入文件……[39m[0m
[  25% ] [90m[1mreimport[22m | 正在准备重新导入文件……[39m[0m
[  25% ] [90m[1mreimport[22m | 正在准备重新导入文件……[39m[0m
[  25% ] [90m[1mreimport[22m | 正在准备重新导入文件……[39m[0m
[  25% ] [90m[1mreimport[22m | 正在准备重新导入文件……[39m[0m
[  25% ] [90m[1mreimport[22m | 正在准备重新导入文件……[39m[0m
[  26% ] [90m[1mreimport[22m | 正在准备重新导入文件……[39m[0m
[  26% ] [90m[1mreimport[22m | 正在准备重新导入文件……[39m[0m
[  26% ] [90m[1mreimport[22m | 正在准备重新导入文件……[39m[0m
[  26% ] [90m[1mreimport[22m | 正在准备重新导入文件……[39m[0m
[  26% ] [90m[1mreimport[22m | 正在准备重新导入文件……[39m[0m
[  27% ] [90m[1mreimport[22m | 正在准备重新导入文件……[39m[0m
[  27% ] [90m[1mreimport[22m | 正在准备重新导入文件……[39m[0m
[  27% ] [90m[1mreimport[22m | 正在准备重新导入文件……[39m[0m
[  27% ] [90m[1mreimport[22m | 正在准备重新导入文件……[39m[0m
[  27% ] [90m[1mreimport[22m | 正在准备重新导入文件……[39m[0m
[  27% ] [90m[1mreimport[22m | 正在准备重新导入文件……[39m[0m
[  28% ] [90m[1mreimport[22m | 正在准备重新导入文件……[39m[0m
[  28% ] [90m[1mreimport[22m | 正在准备重新导入文件……[39m[0m
[  28% ] [90m[1mreimport[22m | 正在准备重新导入文件……[39m[0m
[  28% ] [90m[1mreimport[22m | 正在准备重新导入文件……[39m[0m
[  28% ] [90m[1mreimport[22m | 正在准备重新导入文件……[39m[0m
[  29% ] [90m[1mreimport[22m | 正在准备重新导入文件……[39m[0m
[  29% ] [90m[1mreimport[22m | 正在准备重新导入文件……[39m[0m
[  29% ] [90m[1mreimport[22m | 正在准备重新导入文件……[39m[0m
[  29% ] [90m[1mreimport[22m | 正在准备重新导入文件……[39m[0m
[  29% ] [90m[1mreimport[22m | 正在准备重新导入文件……[39m[0m
[  29% ] [90m[1mreimport[22m | 正在准备重新导入文件……[39m[0m
[  30% ] [90m[1mreimport[22m | 正在准备重新导入文件……[39m[0m
[  30% ] [90m[1mreimport[22m | 正在准备重新导入文件……[39m[0m
[  30% ] [90m[1mreimport[22m | 正在准备重新导入文件……[39m[0m
[  30% ] [90m[1mreimport[22m | 正在准备重新导入文件……[39m[0m
[  30% ] [90m[1mreimport[22m | 正在准备重新导入文件……[39m[0m
[  30% ] [90m[1mreimport[22m | 正在准备重新导入文件……[39m[0m
[  31% ] [90m[1mreimport[22m | 正在准备重新导入文件……[39m[0m
[  31% ] [90m[1mreimport[22m | 正在准备重新导入文件……[39m[0m
[  31% ] [90m[1mreimport[22m | 正在准备重新导入文件……[39m[0m
[  31% ] [90m[1mreimport[22m | 正在准备重新导入文件……[39m[0m
[  31% ] [90m[1mreimport[22m | 正在准备重新导入文件……[39m[0m
[  32% ] [90m[1mreimport[22m | 正在准备重新导入文件……[39m[0m
[  32% ] [90m[1mreimport[22m | 正在准备重新导入文件……[39m[0m
[  32% ] [90m[1mreimport[22m | 正在准备重新导入文件……[39m[0m
[  32% ] [90m[1mreimport[22m | 正在准备重新导入文件……[39m[0m
[  32% ] [90m[1mreimport[22m | 正在准备重新导入文件……[39m[0m
[  32% ] [90m[1mreimport[22m | 正在准备重新导入文件……[39m[0m
[  33% ] [90m[1mreimport[22m | 正在准备重新导入文件……[39m[0m
[  33% ] [90m[1mreimport[22m | 正在准备重新导入文件……[39m[0m
[  33% ] [90m[1mreimport[22m | 正在准备重新导入文件……[39m[0m
[  33% ] [90m[1mreimport[22m | 正在准备重新导入文件……[39m[0m
[  33% ] [90m[1mreimport[22m | 正在准备重新导入文件……[39m[0m
[  33% ] [90m[1mreimport[22m | 正在准备重新导入文件……[39m[0m
[  34% ] [90m[1mreimport[22m | 正在准备重新导入文件……[39m[0m
[  34% ] [90m[1mreimport[22m | 正在准备重新导入文件……[39m[0m
[  34% ] [90m[1mreimport[22m | 正在准备重新导入文件……[39m[0m
[  34% ] [90m[1mreimport[22m | 正在准备重新导入文件……[39m[0m
[  34% ] [90m[1mreimport[22m | 正在准备重新导入文件……[39m[0m
[  35% ] [90m[1mreimport[22m | 正在准备重新导入文件……[39m[0m
[  35% ] [90m[1mreimport[22m | 正在准备重新导入文件……[39m[0m
[  35% ] [90m[1mreimport[22m | 正在准备重新导入文件……[39m[0m
[  35% ] [90m[1mreimport[22m | 正在准备重新导入文件……[39m[0m
[  35% ] [90m[1mreimport[22m | 正在准备重新导入文件……[39m[0m
[  35% ] [90m[1mreimport[22m | 正在准备重新导入文件……[39m[0m
[  36% ] [90m[1mreimport[22m | 正在准备重新导入文件……[39m[0m
[  36% ] [90m[1mreimport[22m | 正在准备重新导入文件……[39m[0m
[  36% ] [90m[1mreimport[22m | 正在准备重新导入文件……[39m[0m
[  36% ] [90m[1mreimport[22m | 正在准备重新导入文件……[39m[0m
[  36% ] [90m[1mreimport[22m | 正在准备重新导入文件……[39m[0m
[  37% ] [90m[1mreimport[22m | 正在准备重新导入文件……[39m[0m
[  37% ] [90m[1mreimport[22m | 正在准备重新导入文件……[39m[0m
[  37% ] [90m[1mreimport[22m | 正在准备重新导入文件……[39m[0m
[  37% ] [90m[1mreimport[22m | 正在准备重新导入文件……[39m[0m
[  37% ] [90m[1mreimport[22m | 正在准备重新导入文件……[39m[0m
[  37% ] [90m[1mreimport[22m | 正在准备重新导入文件……[39m[0m
[  38% ] [90m[1mreimport[22m | 正在准备重新导入文件……[39m[0m
[  38% ] [90m[1mreimport[22m | 正在准备重新导入文件……[39m[0m
[  38% ] [90m[1mreimport[22m | 正在准备重新导入文件……[39m[0m
[  38% ] [90m[1mreimport[22m | 正在准备重新导入文件……[39m[0m
[  38% ] [90m[1mreimport[22m | 正在准备重新导入文件……[39m[0m
[  38% ] [90m[1mreimport[22m | 正在准备重新导入文件……[39m[0m
[  39% ] [90m[1mreimport[22m | 正在准备重新导入文件……[39m[0m
[  39% ] [90m[1mreimport[22m | 正在准备重新导入文件……[39m[0m
[  39% ] [90m[1mreimport[22m | 正在准备重新导入文件……[39m[0m
[  39% ] [90m[1mreimport[22m | 正在准备重新导入文件……[39m[0m
[  39% ] [90m[1mreimport[22m | 正在准备重新导入文件……[39m[0m
[  40% ] [90m[1mreimport[22m | 正在准备重新导入文件……[39m[0m
[  40% ] [90m[1mreimport[22m | 正在准备重新导入文件……[39m[0m
[  40% ] [90m[1mreimport[22m | 正在准备重新导入文件……[39m[0m
[  40% ] [90m[1mreimport[22m | 正在准备重新导入文件……[39m[0m
[  40% ] [90m[1mreimport[22m | 正在准备重新导入文件……[39m[0m
[  40% ] [90m[1mreimport[22m | 正在准备重新导入文件……[39m[0m
[  41% ] [90m[1mreimport[22m | 正在准备重新导入文件……[39m[0m
[  41% ] [90m[1mreimport[22m | 正在准备重新导入文件……[39m[0m
[  41% ] [90m[1mreimport[22m | 正在准备重新导入文件……[39m[0m
[  41% ] [90m[1mreimport[22m | 正在准备重新导入文件……[39m[0m
[  41% ] [90m[1mreimport[22m | 正在准备重新导入文件……[39m[0m
[  41% ] [90m[1mreimport[22m | 正在准备重新导入文件……[39m[0m
[  42% ] [90m[1mreimport[22m | 正在准备重新导入文件……[39m[0m
[  42% ] [90m[1mreimport[22m | 正在准备重新导入文件……[39m[0m
[  42% ] [90m[1mreimport[22m | 正在准备重新导入文件……[39m[0m
[  42% ] [90m[1mreimport[22m | 正在准备重新导入文件……[39m[0m
[  42% ] [90m[1mreimport[22m | 正在准备重新导入文件……[39m[0m
[  43% ] [90m[1mreimport[22m | 正在准备重新导入文件……[39m[0m
[  43% ] [90m[1mreimport[22m | 正在准备重新导入文件……[39m[0m
[  43% ] [90m[1mreimport[22m | 正在准备重新导入文件……[39m[0m
[  43% ] [90m[1mreimport[22m | 正在准备重新导入文件……[39m[0m
[  43% ] [90m[1mreimport[22m | 正在准备重新导入文件……[39m[0m
[  43% ] [90m[1mreimport[22m | 正在准备重新导入文件……[39m[0m
[  44% ] [90m[1mreimport[22m | 正在准备重新导入文件……[39m[0m
[  44% ] [90m[1mreimport[22m | 正在准备重新导入文件……[39m[0m
[  44% ] [90m[1mreimport[22m | 正在准备重新导入文件……[39m[0m
[  44% ] [90m[1mreimport[22m | 正在准备重新导入文件……[39m[0m
[  44% ] [90m[1mreimport[22m | 正在准备重新导入文件……[39m[0m
[  45% ] [90m[1mreimport[22m | 正在准备重新导入文件……[39m[0m
[  45% ] [90m[1mreimport[22m | 正在准备重新导入文件……[39m[0m
[  45% ] [90m[1mreimport[22m | 正在准备重新导入文件……[39m[0m
[  45% ] [90m[1mreimport[22m | 正在准备重新导入文件……[39m[0m
[  45% ] [90m[1mreimport[22m | 正在准备重新导入文件……[39m[0m
[  45% ] [90m[1mreimport[22m | 正在准备重新导入文件……[39m[0m
[  46% ] [90m[1mreimport[22m | 正在准备重新导入文件……[39m[0m
[  46% ] [90m[1mreimport[22m | 正在准备重新导入文件……[39m[0m
[  46% ] [90m[1mreimport[22m | 正在准备重新导入文件……[39m[0m
[  46% ] [90m[1mreimport[22m | 正在准备重新导入文件……[39m[0m
[  46% ] [90m[1mreimport[22m | 正在准备重新导入文件……[39m[0m
[  46% ] [90m[1mreimport[22m | 正在准备重新导入文件……[39m[0m
[  47% ] [90m[1mreimport[22m | 正在准备重新导入文件……[39m[0m
[  47% ] [90m[1mreimport[22m | 正在准备重新导入文件……[39m[0m
[  47% ] [90m[1mreimport[22m | 正在准备重新导入文件……[39m[0m
[  47% ] [90m[1mreimport[22m | 正在准备重新导入文件……[39m[0m
[  47% ] [90m[1mreimport[22m | 正在准备重新导入文件……[39m[0m
[  48% ] [90m[1mreimport[22m | 正在准备重新导入文件……[39m[0m
[  48% ] [90m[1mreimport[22m | 正在准备重新导入文件……[39m[0m
[  48% ] [90m[1mreimport[22m | 正在准备重新导入文件……[39m[0m
[  48% ] [90m[1mreimport[22m | 正在准备重新导入文件……[39m[0m
[  48% ] [90m[1mreimport[22m | 正在准备重新导入文件……[39m[0m
[  48% ] [90m[1mreimport[22m | 正在准备重新导入文件……[39m[0m
[  49% ] [90m[1mreimport[22m | 正在准备重新导入文件……[39m[0m
[  49% ] [90m[1mreimport[22m | 正在准备重新导入文件……[39m[0m
[  49% ] [90m[1mreimport[22m | 正在准备重新导入文件……[39m[0m
[  49% ] [90m[1mreimport[22m | 正在准备重新导入文件……[39m[0m
[  49% ] [90m[1mreimport[22m | 正在准备重新导入文件……[39m[0m
[  50% ] [90m[1mreimport[22m | 正在准备重新导入文件……[39m[0m
[  50% ] [90m[1mreimport[22m | 正在准备重新导入文件……[39m[0m
[  50% ] [90m[1mreimport[22m | 正在准备重新导入文件……[39m[0m
[  50% ] [90m[1mreimport[22m | 正在准备重新导入文件……[39m[0m
[  50% ] [90m[1mreimport[22m | 正在准备重新导入文件……[39m[0m
[  50% ] [90m[1mreimport[22m | 正在准备重新导入文件……[39m[0m
[  51% ] [90m[1mreimport[22m | 正在准备重新导入文件……[39m[0m
[  51% ] [90m[1mreimport[22m | 正在准备重新导入文件……[39m[0m
[  51% ] [90m[1mreimport[22m | 正在准备重新导入文件……[39m[0m
[  51% ] [90m[1mreimport[22m | 正在准备重新导入文件……[39m[0m
[  51% ] [90m[1mreimport[22m | 正在准备重新导入文件……[39m[0m
[  51% ] [90m[1mreimport[22m | 正在准备重新导入文件……[39m[0m
[  52% ] [90m[1mreimport[22m | 正在准备重新导入文件……[39m[0m
[  52% ] [90m[1mreimport[22m | 正在准备重新导入文件……[39m[0m
[  52% ] [90m[1mreimport[22m | 正在准备重新导入文件……[39m[0m
[  52% ] [90m[1mreimport[22m | 正在准备重新导入文件……[39m[0m
[  52% ] [90m[1mreimport[22m | 正在准备重新导入文件……[39m[0m
[  53% ] [90m[1mreimport[22m | 正在准备重新导入文件……[39m[0m
[  53% ] [90m[1mreimport[22m | 正在准备重新导入文件……[39m[0m
[  53% ] [90m[1mreimport[22m | 正在准备重新导入文件……[39m[0m
[  53% ] [90m[1mreimport[22m | 正在准备重新导入文件……[39m[0m
[  53% ] [90m[1mreimport[22m | 正在准备重新导入文件……[39m[0m
[  53% ] [90m[1mreimport[22m | 正在准备重新导入文件……[39m[0m
[  54% ] [90m[1mreimport[22m | 正在准备重新导入文件……[39m[0m
[  54% ] [90m[1mreimport[22m | 正在准备重新导入文件……[39m[0m
[  54% ] [90m[1mreimport[22m | 正在准备重新导入文件……[39m[0m
[  54% ] [90m[1mreimport[22m | 正在准备重新导入文件……[39m[0m
[  54% ] [90m[1mreimport[22m | 正在准备重新导入文件……[39m[0m
[  54% ] [90m[1mreimport[22m | 正在准备重新导入文件……[39m[0m
[  55% ] [90m[1mreimport[22m | 正在准备重新导入文件……[39m[0m
[  55% ] [90m[1mreimport[22m | 正在准备重新导入文件……[39m[0m
[  55% ] [90m[1mreimport[22m | 正在准备重新导入文件……[39m[0m
[  55% ] [90m[1mreimport[22m | 正在准备重新导入文件……[39m[0m
[  55% ] [90m[1mreimport[22m | 正在准备重新导入文件……[39m[0m
[  56% ] [90m[1mreimport[22m | 正在准备重新导入文件……[39m[0m
[  56% ] [90m[1mreimport[22m | 正在准备重新导入文件……[39m[0m
[  56% ] [90m[1mreimport[22m | 正在准备重新导入文件……[39m[0m
[  56% ] [90m[1mreimport[22m | 正在准备重新导入文件……[39m[0m
[  56% ] [90m[1mreimport[22m | 正在准备重新导入文件……[39m[0m
[  56% ] [90m[1mreimport[22m | 正在准备重新导入文件……[39m[0m
[  57% ] [90m[1mreimport[22m | 正在准备重新导入文件……[39m[0m
[  57% ] [90m[1mreimport[22m | 正在准备重新导入文件……[39m[0m
[  57% ] [90m[1mreimport[22m | 正在准备重新导入文件……[39m[0m
[  57% ] [90m[1mreimport[22m | 正在准备重新导入文件……[39m[0m
[  57% ] [90m[1mreimport[22m | 正在准备重新导入文件……[39m[0m
[  58% ] [90m[1mreimport[22m | 正在准备重新导入文件……[39m[0m
[  58% ] [90m[1mreimport[22m | 正在准备重新导入文件……[39m[0m
[  58% ] [90m[1mreimport[22m | 正在准备重新导入文件……[39m[0m
[  58% ] [90m[1mreimport[22m | 正在准备重新导入文件……[39m[0m
[  58% ] [90m[1mreimport[22m | 正在准备重新导入文件……[39m[0m
[  58% ] [90m[1mreimport[22m | 正在准备重新导入文件……[39m[0m
[  59% ] [90m[1mreimport[22m | 正在准备重新导入文件……[39m[0m
[  59% ] [90m[1mreimport[22m | 正在准备重新导入文件……[39m[0m
[  59% ] [90m[1mreimport[22m | 正在准备重新导入文件……[39m[0m
[  59% ] [90m[1mreimport[22m | 正在准备重新导入文件……[39m[0m
[  59% ] [90m[1mreimport[22m | 正在准备重新导入文件……[39m[0m
[  59% ] [90m[1mreimport[22m | 正在准备重新导入文件……[39m[0m
[  60% ] [90m[1mreimport[22m | 正在准备重新导入文件……[39m[0m
[  60% ] [90m[1mreimport[22m | 正在准备重新导入文件……[39m[0m
[  60% ] [90m[1mreimport[22m | 正在准备重新导入文件……[39m[0m
[  60% ] [90m[1mreimport[22m | 正在准备重新导入文件……[39m[0m
[  60% ] [90m[1mreimport[22m | 正在准备重新导入文件……[39m[0m
[  61% ] [90m[1mreimport[22m | 正在准备重新导入文件……[39m[0m
[  61% ] [90m[1mreimport[22m | 正在准备重新导入文件……[39m[0m
[  61% ] [90m[1mreimport[22m | 正在准备重新导入文件……[39m[0m
[  61% ] [90m[1mreimport[22m | 正在准备重新导入文件……[39m[0m
[  61% ] [90m[1mreimport[22m | 正在准备重新导入文件……[39m[0m
[  61% ] [90m[1mreimport[22m | 正在准备重新导入文件……[39m[0m
[  62% ] [90m[1mreimport[22m | 正在准备重新导入文件……[39m[0m
[  62% ] [90m[1mreimport[22m | 正在准备重新导入文件……[39m[0m
[  62% ] [90m[1mreimport[22m | 正在准备重新导入文件……[39m[0m
[  62% ] [90m[1mreimport[22m | 正在准备重新导入文件……[39m[0m
[  62% ] [90m[1mreimport[22m | 正在准备重新导入文件……[39m[0m
[  62% ] [90m[1mreimport[22m | 正在准备重新导入文件……[39m[0m
[  63% ] [90m[1mreimport[22m | 正在准备重新导入文件……[39m[0m
[  63% ] [90m[1mreimport[22m | 正在准备重新导入文件……[39m[0m
[  63% ] [90m[1mreimport[22m | 正在准备重新导入文件……[39m[0m
[  63% ] [90m[1mreimport[22m | 正在准备重新导入文件……[39m[0m
[  63% ] [90m[1mreimport[22m | 正在准备重新导入文件……[39m[0m
[  64% ] [90m[1mreimport[22m | 正在准备重新导入文件……[39m[0m
[  64% ] [90m[1mreimport[22m | 正在准备重新导入文件……[39m[0m
[  64% ] [90m[1mreimport[22m | 正在准备重新导入文件……[39m[0m
[  64% ] [90m[1mreimport[22m | 正在准备重新导入文件……[39m[0m
[  64% ] [90m[1mreimport[22m | 正在准备重新导入文件……[39m[0m
[  64% ] [90m[1mreimport[22m | 正在准备重新导入文件……[39m[0m
[  65% ] [90m[1mreimport[22m | 正在准备重新导入文件……[39m[0m
[  65% ] [90m[1mreimport[22m | 正在准备重新导入文件……[39m[0m
[  65% ] [90m[1mreimport[22m | 正在准备重新导入文件……[39m[0m
[  65% ] [90m[1mreimport[22m | 正在准备重新导入文件……[39m[0m
[  65% ] [90m[1mreimport[22m | 正在准备重新导入文件……[39m[0m
[  66% ] [90m[1mreimport[22m | 正在准备重新导入文件……[39m[0m
[  66% ] [90m[1mreimport[22m | 正在准备重新导入文件……[39m[0m
[  66% ] [90m[1mreimport[22m | 正在准备重新导入文件……[39m[0m
[  66% ] [90m[1mreimport[22m | 正在准备重新导入文件……[39m[0m
[  66% ] [90m[1mreimport[22m | 正在准备重新导入文件……[39m[0m
[  66% ] [90m[1mreimport[22m | 正在准备重新导入文件……[39m[0m
[  67% ] [90m[1mreimport[22m | 正在准备重新导入文件……[39m[0m
[  67% ] [90m[1mreimport[22m | 正在准备重新导入文件……[39m[0m
[  67% ] [90m[1mreimport[22m | 正在准备重新导入文件……[39m[0m
[  67% ] [90m[1mreimport[22m | 正在准备重新导入文件……[39m[0m
[  67% ] [90m[1mreimport[22m | 正在准备重新导入文件……[39m[0m
[  67% ] [90m[1mreimport[22m | 正在准备重新导入文件……[39m[0m
[  68% ] [90m[1mreimport[22m | 正在准备重新导入文件……[39m[0m
[  68% ] [90m[1mreimport[22m | 正在准备重新导入文件……[39m[0m
[  68% ] [90m[1mreimport[22m | 正在准备重新导入文件……[39m[0m
[  68% ] [90m[1mreimport[22m | 正在准备重新导入文件……[39m[0m
[  68% ] [90m[1mreimport[22m | 正在准备重新导入文件……[39m[0m
[  69% ] [90m[1mreimport[22m | 正在准备重新导入文件……[39m[0m
[  69% ] [90m[1mreimport[22m | 正在准备重新导入文件……[39m[0m
[  69% ] [90m[1mreimport[22m | 正在准备重新导入文件……[39m[0m
[  69% ] [90m[1mreimport[22m | 正在准备重新导入文件……[39m[0m
[  69% ] [90m[1mreimport[22m | 正在准备重新导入文件……[39m[0m
[  69% ] [90m[1mreimport[22m | 正在准备重新导入文件……[39m[0m
[  70% ] [90m[1mreimport[22m | 正在准备重新导入文件……[39m[0m
[  70% ] [90m[1mreimport[22m | 正在准备重新导入文件……[39m[0m
[  70% ] [90m[1mreimport[22m | 正在准备重新导入文件……[39m[0m
[  70% ] [90m[1mreimport[22m | 正在准备重新导入文件……[39m[0m
[  70% ] [90m[1mreimport[22m | 正在准备重新导入文件……[39m[0m
[  70% ] [90m[1mreimport[22m | 正在准备重新导入文件……[39m[0m
[  71% ] [90m[1mreimport[22m | 正在准备重新导入文件……[39m[0m
[  71% ] [90m[1mreimport[22m | 正在准备重新导入文件……[39m[0m
[  71% ] [90m[1mreimport[22m | 正在准备重新导入文件……[39m[0m
[  71% ] [90m[1mreimport[22m | 正在准备重新导入文件……[39m[0m
[  71% ] [90m[1mreimport[22m | 正在准备重新导入文件……[39m[0m
[  72% ] [90m[1mreimport[22m | 正在准备重新导入文件……[39m[0m
[  72% ] [90m[1mreimport[22m | 正在准备重新导入文件……[39m[0m
[  72% ] [90m[1mreimport[22m | 正在准备重新导入文件……[39m[0m
[  72% ] [90m[1mreimport[22m | 正在准备重新导入文件……[39m[0m
[  72% ] [90m[1mreimport[22m | 正在准备重新导入文件……[39m[0m
[  72% ] [90m[1mreimport[22m | 正在准备重新导入文件……[39m[0m
[  73% ] [90m[1mreimport[22m | 正在准备重新导入文件……[39m[0m
[  73% ] [90m[1mreimport[22m | 正在准备重新导入文件……[39m[0m
[  73% ] [90m[1mreimport[22m | 正在准备重新导入文件……[39m[0m
[  73% ] [90m[1mreimport[22m | 正在准备重新导入文件……[39m[0m
[  73% ] [90m[1mreimport[22m | 正在准备重新导入文件……[39m[0m
[  74% ] [90m[1mreimport[22m | 正在准备重新导入文件……[39m[0m
[  74% ] [90m[1mreimport[22m | 正在准备重新导入文件……[39m[0m
[  74% ] [90m[1mreimport[22m | 正在准备重新导入文件……[39m[0m
[  74% ] [90m[1mreimport[22m | 正在准备重新导入文件……[39m[0m
[  74% ] [90m[1mreimport[22m | 正在准备重新导入文件……[39m[0m
[  74% ] [90m[1mreimport[22m | 正在准备重新导入文件……[39m[0m
[  75% ] [90m[1mreimport[22m | 正在准备重新导入文件……[39m[0m
[  75% ] [90m[1mreimport[22m | 正在准备重新导入文件……[39m[0m
[  75% ] [90m[1mreimport[22m | 正在准备重新导入文件……[39m[0m
[  75% ] [90m[1mreimport[22m | 正在准备重新导入文件……[39m[0m
[  75% ] [90m[1mreimport[22m | 正在准备重新导入文件……[39m[0m
[  75% ] [90m[1mreimport[22m | 正在准备重新导入文件……[39m[0m
[  76% ] [90m[1mreimport[22m | 正在准备重新导入文件……[39m[0m
[  76% ] [90m[1mreimport[22m | 正在准备重新导入文件……[39m[0m
[  76% ] [90m[1mreimport[22m | 正在准备重新导入文件……[39m[0m
[  76% ] [90m[1mreimport[22m | 正在准备重新导入文件……[39m[0m
[  76% ] [90m[1mreimport[22m | 正在准备重新导入文件……[39m[0m
[  77% ] [90m[1mreimport[22m | 正在准备重新导入文件……[39m[0m
[  77% ] [90m[1mreimport[22m | 正在准备重新导入文件……[39m[0m
[  77% ] [90m[1mreimport[22m | 正在准备重新导入文件……[39m[0m
[  77% ] [90m[1mreimport[22m | 正在准备重新导入文件……[39m[0m
[  77% ] [90m[1mreimport[22m | 正在准备重新导入文件……[39m[0m
[  77% ] [90m[1mreimport[22m | 正在准备重新导入文件……[39m[0m
[  78% ] [90m[1mreimport[22m | 正在准备重新导入文件……[39m[0m
[  78% ] [90m[1mreimport[22m | 正在准备重新导入文件……[39m[0m
[  78% ] [90m[1mreimport[22m | 正在准备重新导入文件……[39m[0m
[  78% ] [90m[1mreimport[22m | 正在准备重新导入文件……[39m[0m
[  78% ] [90m[1mreimport[22m | 正在准备重新导入文件……[39m[0m
[  79% ] [90m[1mreimport[22m | 正在准备重新导入文件……[39m[0m
[  79% ] [90m[1mreimport[22m | 正在准备重新导入文件……[39m[0m
[  79% ] [90m[1mreimport[22m | 正在准备重新导入文件……[39m[0m
[  79% ] [90m[1mreimport[22m | 正在准备重新导入文件……[39m[0m
[  79% ] [90m[1mreimport[22m | 正在准备重新导入文件……[39m[0m
[  79% ] [90m[1mreimport[22m | 正在准备重新导入文件……[39m[0m
[  80% ] [90m[1mreimport[22m | 正在准备重新导入文件……[39m[0m
[  80% ] [90m[1mreimport[22m | 正在准备重新导入文件……[39m[0m
[  80% ] [90m[1mreimport[22m | 正在准备重新导入文件……[39m[0m
[  80% ] [90m[1mreimport[22m | 正在准备重新导入文件……[39m[0m
[  80% ] [90m[1mreimport[22m | 正在准备重新导入文件……[39m[0m
[  80% ] [90m[1mreimport[22m | 正在准备重新导入文件……[39m[0m
[  81% ] [90m[1mreimport[22m | 正在准备重新导入文件……[39m[0m
[  81% ] [90m[1mreimport[22m | 正在准备重新导入文件……[39m[0m
[  81% ] [90m[1mreimport[22m | 正在准备重新导入文件……[39m[0m
[  81% ] [90m[1mreimport[22m | 正在准备重新导入文件……[39m[0m
[  81% ] [90m[1mreimport[22m | 正在准备重新导入文件……[39m[0m
[  82% ] [90m[1mreimport[22m | 正在准备重新导入文件……[39m[0m
[  82% ] [90m[1mreimport[22m | 正在准备重新导入文件……[39m[0m
[  82% ] [90m[1mreimport[22m | 正在准备重新导入文件……[39m[0m
[  82% ] [90m[1mreimport[22m | 正在准备重新导入文件……[39m[0m
[  82% ] [90m[1mreimport[22m | 正在准备重新导入文件……[39m[0m
[  82% ] [90m[1mreimport[22m | 正在准备重新导入文件……[39m[0m
[  83% ] [90m[1mreimport[22m | 正在准备重新导入文件……[39m[0m
[  83% ] [90m[1mreimport[22m | 正在准备重新导入文件……[39m[0m
[  83% ] [90m[1mreimport[22m | 正在准备重新导入文件……[39m[0m
[  83% ] [90m[1mreimport[22m | 正在准备重新导入文件……[39m[0m
[  83% ] [90m[1mreimport[22m | 正在准备重新导入文件……[39m[0m
[  83% ] [90m[1mreimport[22m | 正在准备重新导入文件……[39m[0m
[  84% ] [90m[1mreimport[22m | 正在准备重新导入文件……[39m[0m
[  84% ] [90m[1mreimport[22m | 正在准备重新导入文件……[39m[0m
[  84% ] [90m[1mreimport[22m | 正在准备重新导入文件……[39m[0m
[  84% ] [90m[1mreimport[22m | 正在准备重新导入文件……[39m[0m
[  84% ] [90m[1mreimport[22m | 正在准备重新导入文件……[39m[0m
[  85% ] [90m[1mreimport[22m | 正在准备重新导入文件……[39m[0m
[  85% ] [90m[1mreimport[22m | 正在准备重新导入文件……[39m[0m
[  85% ] [90m[1mreimport[22m | 正在准备重新导入文件……[39m[0m
[  85% ] [90m[1mreimport[22m | 正在准备重新导入文件……[39m[0m
[  85% ] [90m[1mreimport[22m | 正在准备重新导入文件……[39m[0m
[  85% ] [90m[1mreimport[22m | 正在准备重新导入文件……[39m[0m
[  86% ] [90m[1mreimport[22m | 正在准备重新导入文件……[39m[0m
[  86% ] [90m[1mreimport[22m | 正在准备重新导入文件……[39m[0m
[  86% ] [90m[1mreimport[22m | 正在准备重新导入文件……[39m[0m
[  86% ] [90m[1mreimport[22m | 正在准备重新导入文件……[39m[0m
[  86% ] [90m[1mreimport[22m | 正在准备重新导入文件……[39m[0m
[  87% ] [90m[1mreimport[22m | 正在准备重新导入文件……[39m[0m
[  87% ] [90m[1mreimport[22m | 正在准备重新导入文件……[39m[0m
[  87% ] [90m[1mreimport[22m | 正在准备重新导入文件……[39m[0m
[  87% ] [90m[1mreimport[22m | 正在准备重新导入文件……[39m[0m
[  87% ] [90m[1mreimport[22m | 正在准备重新导入文件……[39m[0m
[  87% ] [90m[1mreimport[22m | 正在准备重新导入文件……[39m[0m
[  88% ] [90m[1mreimport[22m | 正在准备重新导入文件……[39m[0m
[  88% ] [90m[1mreimport[22m | 正在准备重新导入文件……[39m[0m
[  88% ] [90m[1mreimport[22m | 正在准备重新导入文件……[39m[0m
[  88% ] [90m[1mreimport[22m | 正在准备重新导入文件……[39m[0m
[  88% ] [90m[1mreimport[22m | 正在准备重新导入文件……[39m[0m
[  88% ] [90m[1mreimport[22m | 正在准备重新导入文件……[39m[0m
[  89% ] [90m[1mreimport[22m | 正在准备重新导入文件……[39m[0m
[  89% ] [90m[1mreimport[22m | 正在准备重新导入文件……[39m[0m
[  89% ] [90m[1mreimport[22m | 正在准备重新导入文件……[39m[0m
[  89% ] [90m[1mreimport[22m | 正在准备重新导入文件……[39m[0m
[  89% ] [90m[1mreimport[22m | 正在准备重新导入文件……[39m[0m
[  90% ] [90m[1mreimport[22m | 正在准备重新导入文件……[39m[0m
[  90% ] [90m[1mreimport[22m | 正在准备重新导入文件……[39m[0m
[  90% ] [90m[1mreimport[22m | 正在准备重新导入文件……[39m[0m
[  90% ] [90m[1mreimport[22m | 正在准备重新导入文件……[39m[0m
[  90% ] [90m[1mreimport[22m | 正在准备重新导入文件……[39m[0m
[  90% ] [90m[1mreimport[22m | 正在准备重新导入文件……[39m[0m
[  91% ] [90m[1mreimport[22m | 正在准备重新导入文件……[39m[0m
[  91% ] [90m[1mreimport[22m | 正在准备重新导入文件……[39m[0m
[  91% ] [90m[1mreimport[22m | 正在准备重新导入文件……[39m[0m
[  91% ] [90m[1mreimport[22m | 正在准备重新导入文件……[39m[0m
[  91% ] [90m[1mreimport[22m | 正在准备重新导入文件……[39m[0m
[  91% ] [90m[1mreimport[22m | 正在准备重新导入文件……[39m[0m
[  92% ] [90m[1mreimport[22m | 正在准备重新导入文件……[39m[0m
[  92% ] [90m[1mreimport[22m | 正在准备重新导入文件……[39m[0m
[  92% ] [90m[1mreimport[22m | 正在准备重新导入文件……[39m[0m
[  92% ] [90m[1mreimport[22m | 正在准备重新导入文件……[39m[0m
[  92% ] [90m[1mreimport[22m | 正在准备重新导入文件……[39m[0m
[  93% ] [90m[1mreimport[22m | 正在准备重新导入文件……[39m[0m
[  93% ] [90m[1mreimport[22m | 正在准备重新导入文件……[39m[0m
[  93% ] [90m[1mreimport[22m | 正在准备重新导入文件……[39m[0m
[  93% ] [90m[1mreimport[22m | 正在准备重新导入文件……[39m[0m
[  93% ] [90m[1mreimport[22m | 正在准备重新导入文件……[39m[0m
[  93% ] [90m[1mreimport[22m | 正在准备重新导入文件……[39m[0m
[  94% ] [90m[1mreimport[22m | 正在准备重新导入文件……[39m[0m
[  94% ] [90m[1mreimport[22m | 正在准备重新导入文件……[39m[0m
[  94% ] [90m[1mreimport[22m | 正在准备重新导入文件……[39m[0m
[  94% ] [90m[1mreimport[22m | 正在准备重新导入文件……[39m[0m
[  94% ] [90m[1mreimport[22m | 正在准备重新导入文件……[39m[0m
[  95% ] [90m[1mreimport[22m | 正在准备重新导入文件……[39m[0m
[  95% ] [90m[1mreimport[22m | 正在准备重新导入文件……[39m[0m
[  95% ] [90m[1mreimport[22m | 正在准备重新导入文件……[39m[0m
[  95% ] [90m[1mreimport[22m | 正在准备重新导入文件……[39m[0m
[  95% ] [90m[1mreimport[22m | 正在准备重新导入文件……[39m[0m
[  95% ] [90m[1mreimport[22m | 正在准备重新导入文件……[39m[0m
[  96% ] [90m[1mreimport[22m | 正在准备重新导入文件……[39m[0m
[  96% ] [90m[1mreimport[22m | 正在准备重新导入文件……[39m[0m
[  96% ] [90m[1mreimport[22m | 正在准备重新导入文件……[39m[0m
[  96% ] [90m[1mreimport[22m | 正在准备重新导入文件……[39m[0m
[  96% ] [90m[1mreimport[22m | 正在准备重新导入文件……[39m[0m
[  96% ] [90m[1mreimport[22m | 正在准备重新导入文件……[39m[0m
[  97% ] [90m[1mreimport[22m | 正在准备重新导入文件……[39m[0m
[  97% ] [90m[1mreimport[22m | 正在准备重新导入文件……[39m[0m
[  97% ] [90m[1mreimport[22m | 正在准备重新导入文件……[39m[0m
[  97% ] [90m[1mreimport[22m | 正在准备重新导入文件……[39m[0m
[  97% ] [90m[1mreimport[22m | 正在准备重新导入文件……[39m[0m
[  98% ] [90m[1mreimport[22m | 正在准备重新导入文件……[39m[0m
[  98% ] [90m[1mreimport[22m | 正在准备重新导入文件……[39m[0m
[  98% ] [90m[1mreimport[22m | 正在准备重新导入文件……[39m[0m
[  98% ] [90m[1mreimport[22m | 正在准备重新导入文件……[39m[0m
[  98% ] [90m[1mreimport[22m | 正在准备重新导入文件……[39m[0m
[  98% ] [90m[1mreimport[22m | 正在准备重新导入文件……[39m[0m
[  99% ] [90m[1mreimport[22m | 正在准备重新导入文件……[39m[0m
[  99% ] [90m[1mreimport[22m | 正在准备重新导入文件……[39m[0m
[  99% ] [90m[1mreimport[22m | 正在准备重新导入文件……[39m[0m
[  99% ] [90m[1mreimport[22m | 正在准备重新导入文件……[39m[0m
[   0% ] [90m[1mreimport[22m | 正在执行重新导入的前置操作……[39m[0m
[   0% ] [90m[1mreimport[22m | raise.png[39m[0m
[   0% ] [90m[1mreimport[22m | recover.png[39m[0m
[   0% ] [90m[1mreimport[22m | release.png[39m[0m
[   0% ] [90m[1mreimport[22m | walk_a.png[39m[0m
[   0% ] [90m[1mreimport[22m | walk_b_v2.png[39m[0m
[   0% ] [90m[1mreimport[22m | wreck_v2.png[39m[0m
[   1% ] [90m[1mreimport[22m | lu_qian.png[39m[0m
[   1% ] [90m[1mreimport[22m | zhu_zhaofeng.png[39m[0m
[   1% ] [90m[1mreimport[22m | bound.png[39m[0m
[   1% ] [90m[1mreimport[22m | idle_single_ne_v4.png[39m[0m
[   1% ] [90m[1mreimport[22m | idle_single_nw_v4.png[39m[0m
[   1% ] [90m[1mreimport[22m | idle_single_se_v4.png[39m[0m
[   2% ] [90m[1mreimport[22m | idle_single_sw_v4.png[39m[0m
[   2% ] [90m[1mreimport[22m | idle_spacing_v3.png[39m[0m
[   2% ] [90m[1mreimport[22m | idle_v3.png[39m[0m
[   2% ] [90m[1mreimport[22m | passing_a_ne_v4.png[39m[0m
[   2% ] [90m[1mreimport[22m | passing_a_nw_v4.png[39m[0m
[   3% ] [90m[1mreimport[22m | step_b_cloth_sw_v4.png[39m[0m
[   3% ] [90m[1mreimport[22m | step_b_priority_v3.png[39m[0m
[   3% ] [90m[1mreimport[22m | step_b_se2_v3.png[39m[0m
[   3% ] [90m[1mreimport[22m | step_b_se_guide_v3.png[39m[0m
[   3% ] [90m[1mreimport[22m | step_b_se_v3.png[39m[0m
[   3% ] [90m[1mreimport[22m | step_b_transfer_ne_v3.png[39m[0m
[   4% ] [90m[1mreimport[22m | step_b_transfer_nw_v3.png[39m[0m
[   4% ] [90m[1mreimport[22m | step_b_transfer_sw_v3.png[39m[0m
[   4% ] [90m[1mreimport[22m | step_b_transfer_v3.png[39m[0m
[   4% ] [90m[1mreimport[22m | walk_a_matched_ne_v4.png[39m[0m
[   4% ] [90m[1mreimport[22m | walk_a_matched_nw2_v4.png[39m[0m
[   4% ] [90m[1mreimport[22m | walk_a_matched_nw_v4.png[39m[0m
[   5% ] [90m[1mreimport[22m | walk_a_matched_se_v4.png[39m[0m
[   5% ] [90m[1mreimport[22m | walk_a_matched_sw_v4.png[39m[0m
[   5% ] [90m[1mreimport[22m | walk_a_v3.png[39m[0m
[   5% ] [90m[1mreimport[22m | walk_b_v3.png[39m[0m
[   5% ] [90m[1mreimport[22m | collapse.png[39m[0m
[   6% ] [90m[1mreimport[22m | idle.png[39m[0m
[   6% ] [90m[1mreimport[22m | walk_b_se_v4.png[39m[0m
[   6% ] [90m[1mreimport[22m | actions_ne_v6.png[39m[0m
[   6% ] [90m[1mreimport[22m | actions_nw2_v6.png[39m[0m
[   6% ] [90m[1mreimport[22m | actions_nw3_v7.png[39m[0m
[   6% ] [90m[1mreimport[22m | actions_nw_v6.png[39m[0m
[   7% ] [90m[1mreimport[22m | actions_se_v6.png[39m[0m
[   7% ] [90m[1mreimport[22m | actions_sw2_v6.png[39m[0m
[   7% ] [90m[1mreimport[22m | actions_sw_v6.png[39m[0m
[   7% ] [90m[1mreimport[22m | death_ne2_v8.png[39m[0m
[   7% ] [90m[1mreimport[22m | death_ne3_v8.png[39m[0m
[   8% ] [90m[1mreimport[22m | death_ne_v8.png[39m[0m
[   8% ] [90m[1mreimport[22m | death_nw2_v8.png[39m[0m
[   8% ] [90m[1mreimport[22m | death_nw_v8.png[39m[0m
[   8% ] [90m[1mreimport[22m | death_se_v8.png[39m[0m
[   8% ] [90m[1mreimport[22m | death_sw2_v8.png[39m[0m
[   8% ] [90m[1mreimport[22m | death_sw3_v8.png[39m[0m
[   9% ] [90m[1mreimport[22m | death_sw_v8.png[39m[0m
[   9% ] [90m[1mreimport[22m | passing_a_se_v4.png[39m[0m
[   9% ] [90m[1mreimport[22m | passing_a_sw_v4.png[39m[0m
[   9% ] [90m[1mreimport[22m | passing_b_ne_v4.png[39m[0m
[   9% ] [90m[1mreimport[22m | passing_b_nw_v4.png[39m[0m
[   9% ] [90m[1mreimport[22m | passing_b_se_v4.png[39m[0m
[  10% ] [90m[1mreimport[22m | passing_b_sw_v4.png[39m[0m
[  10% ] [90m[1mreimport[22m | posture_v3.png[39m[0m
[  10% ] [90m[1mreimport[22m | proportion_v2.png[39m[0m
[  10% ] [90m[1mreimport[22m | walk_a2_ne_v4.png[39m[0m
[  10% ] [90m[1mreimport[22m | walk_a_ne_v4.png[39m[0m
[  11% ] [90m[1mreimport[22m | walk_a_nw_v4.png[39m[0m
[  11% ] [90m[1mreimport[22m | walk_a_se_v4.png[39m[0m
[  11% ] [90m[1mreimport[22m | walk_a_sw_v4.png[39m[0m
[  11% ] [90m[1mreimport[22m | walk_b2_se_v4.png[39m[0m
[  11% ] [90m[1mreimport[22m | walk_b3_nw_v4.png[39m[0m
[  11% ] [90m[1mreimport[22m | walk_b3_se_v4.png[39m[0m
[  12% ] [90m[1mreimport[22m | walk_b3_sw_v4.png[39m[0m
[  12% ] [90m[1mreimport[22m | walk_b_ne_v4.png[39m[0m
[  12% ] [90m[1mreimport[22m | step_b_nw.png[39m[0m
[  12% ] [90m[1mreimport[22m | step_b_sw.png[39m[0m
[  12% ] [90m[1mreimport[22m | sw_b3_v2.png[39m[0m
[  12% ] [90m[1mreimport[22m | sw_b4_v2.png[39m[0m
[  13% ] [90m[1mreimport[22m | sw_b_v2.png[39m[0m
[  13% ] [90m[1mreimport[22m | walk_a_geometry_ne_v4.png[39m[0m
[  13% ] [90m[1mreimport[22m | walk_a_spacing_atlas_v4.png[39m[0m
[  13% ] [90m[1mreimport[22m | walk_a_traits_atlas_v4.png[39m[0m
[  13% ] [90m[1mreimport[22m | walk_b2_geometry_nw_v4.png[39m[0m
[  14% ] [90m[1mreimport[22m | walk_b_geometry_atlas_v4.png[39m[0m
[  14% ] [90m[1mreimport[22m | walk_b_geometry_ne_v4.png[39m[0m
[  14% ] [90m[1mreimport[22m | walk_b_geometry_nw_v4.png[39m[0m
[  14% ] [90m[1mreimport[22m | walk_b_geometry_se_v4.png[39m[0m
[  14% ] [90m[1mreimport[22m | walk_b_geometry_sw_v4.png[39m[0m
[  14% ] [90m[1mreimport[22m | walk_b_padded_atlas_v4.png[39m[0m
[  15% ] [90m[1mreimport[22m | walk_b_swap_atlas_v4.png[39m[0m
[  15% ] [90m[1mreimport[22m | walk_v2.png[39m[0m
[  15% ] [90m[1mreimport[22m | ne_b2_v2.png[39m[0m
[  15% ] [90m[1mreimport[22m | nw_a2_v2.png[39m[0m
[  15% ] [90m[1mreimport[22m | nw_b2_v2.png[39m[0m
[  16% ] [90m[1mreimport[22m | passing_a_geometry_ne_v4.png[39m[0m
[  16% ] [90m[1mreimport[22m | passing_a_geometry_nw_v4.png[39m[0m
[  16% ] [90m[1mreimport[22m | passing_a_geometry_se_v4.png[39m[0m
[  16% ] [90m[1mreimport[22m | passing_a_geometry_sw_v4.png[39m[0m
[  16% ] [90m[1mreimport[22m | passing_b_geometry_ne_v4.png[39m[0m
[  16% ] [90m[1mreimport[22m | passing_b_geometry_nw_v4.png[39m[0m
[  17% ] [90m[1mreimport[22m | passing_b_geometry_se_v4.png[39m[0m
[  17% ] [90m[1mreimport[22m | passing_b_geometry_sw_v4.png[39m[0m
[  17% ] [90m[1mreimport[22m | posture_v3.png[39m[0m
[  17% ] [90m[1mreimport[22m | proportion_reference_v2.png[39m[0m
[  17% ] [90m[1mreimport[22m | se_a2_v2.png[39m[0m
[  17% ] [90m[1mreimport[22m | se_b2_v2.png[39m[0m
[  18% ] [90m[1mreimport[22m | se_b_v2.png[39m[0m
[  18% ] [90m[1mreimport[22m | se_v2.png[39m[0m
[  18% ] [90m[1mreimport[22m | step_b_ne.png[39m[0m
[  18% ] [90m[1mreimport[22m | passing_b4_sw_v4.png[39m[0m
[  18% ] [90m[1mreimport[22m | passing_b5_sw_v4.png[39m[0m
[  19% ] [90m[1mreimport[22m | passing_b_explicit_nw_v4.png[39m[0m
[  19% ] [90m[1mreimport[22m | passing_b_ne_v4.png[39m[0m
[  19% ] [90m[1mreimport[22m | passing_b_se_v4.png[39m[0m
[  19% ] [90m[1mreimport[22m | passing_b_sw_v4.png[39m[0m
[  19% ] [90m[1mreimport[22m | posture_v3.png[39m[0m
[  19% ] [90m[1mreimport[22m | proportion_v2.png[39m[0m
[  20% ] [90m[1mreimport[22m | step_a_se_guide_v3.png[39m[0m
[  20% ] [90m[1mreimport[22m | step_b_body2_ne_v4.png[39m[0m
[  20% ] [90m[1mreimport[22m | step_b_body2_nw_v4.png[39m[0m
[  20% ] [90m[1mreimport[22m | step_b_body2_se_v4.png[39m[0m
[  20% ] [90m[1mreimport[22m | step_b_body2_sw_v4.png[39m[0m
[  20% ] [90m[1mreimport[22m | step_b_body_se_v4.png[39m[0m
[  21% ] [90m[1mreimport[22m | step_b_cloth_ne_v4.png[39m[0m
[  21% ] [90m[1mreimport[22m | step_b_cloth_nw_v4.png[39m[0m
[  21% ] [90m[1mreimport[22m | step_b_cloth_se_v4.png[39m[0m
[  21% ] [90m[1mreimport[22m | idle_matched_v4.png[39m[0m
[  21% ] [90m[1mreimport[22m | idle_single_ne_v4.png[39m[0m
[  22% ] [90m[1mreimport[22m | idle_single_nw_v4.png[39m[0m
[  22% ] [90m[1mreimport[22m | idle_single_se_v4.png[39m[0m
[  22% ] [90m[1mreimport[22m | idle_single_sw_v4.png[39m[0m
[  22% ] [90m[1mreimport[22m | idle_spacing_matched_v4.png[39m[0m
[  22% ] [90m[1mreimport[22m | idle_spacing_v3.png[39m[0m
[  22% ] [90m[1mreimport[22m | idle_v2.png[39m[0m
[  23% ] [90m[1mreimport[22m | idle_v3.png[39m[0m
[  23% ] [90m[1mreimport[22m | idle_walk.png[39m[0m
[  23% ] [90m[1mreimport[22m | passing_a_ne_v4.png[39m[0m
[  23% ] [90m[1mreimport[22m | passing_a_nw_v4.png[39m[0m
[  23% ] [90m[1mreimport[22m | passing_a_se_v4.png[39m[0m
[  24% ] [90m[1mreimport[22m | passing_a_sw_v4.png[39m[0m
[  24% ] [90m[1mreimport[22m | passing_b2_ne_v4.png[39m[0m
[  24% ] [90m[1mreimport[22m | passing_b2_sw_v4.png[39m[0m
[  24% ] [90m[1mreimport[22m | passing_b3_ne_v4.png[39m[0m
[  24% ] [90m[1mreimport[22m | passing_b3_sw_v4.png[39m[0m
[  24% ] [90m[1mreimport[22m | yang_fall_sw.png[39m[0m
[  25% ] [90m[1mreimport[22m | yang_hurt_ne.png[39m[0m
[  25% ] [90m[1mreimport[22m | yang_hurt_nw_fixed.png[39m[0m
[  25% ] [90m[1mreimport[22m | yang_hurt_se.png[39m[0m
[  25% ] [90m[1mreimport[22m | yang_hurt_sw_fixed.png[39m[0m
[  25% ] [90m[1mreimport[22m | yang_strike_ne.png[39m[0m
[  25% ] [90m[1mreimport[22m | yang_strike_nw_low.png[39m[0m
[  26% ] [90m[1mreimport[22m | yang_strike_se.png[39m[0m
[  26% ] [90m[1mreimport[22m | yang_strike_sw_fixed.png[39m[0m
[  26% ] [90m[1mreimport[22m | yang_terminal_ne.png[39m[0m
[  26% ] [90m[1mreimport[22m | yang_terminal_nw.png[39m[0m
[  26% ] [90m[1mreimport[22m | yang_terminal_se.png[39m[0m
[  27% ] [90m[1mreimport[22m | yang_terminal_sw.png[39m[0m
[  27% ] [90m[1mreimport[22m | yang_walk_a_guided.png[39m[0m
[  27% ] [90m[1mreimport[22m | yang_walk_a_sw.png[39m[0m
[  27% ] [90m[1mreimport[22m | yang_walk_b_guided2.png[39m[0m
[  27% ] [90m[1mreimport[22m | yang_windup_guided.png[39m[0m
[  27% ] [90m[1mreimport[22m | passing_b_sw_v4.png[39m[0m
[  28% ] [90m[1mreimport[22m | posture_v3.png[39m[0m
[  28% ] [90m[1mreimport[22m | proportion_fix_v2.png[39m[0m
[  28% ] [90m[1mreimport[22m | proportion_v2.png[39m[0m
[  28% ] [90m[1mreimport[22m | walk_a_ne_v4.png[39m[0m
[  28% ] [90m[1mreimport[22m | walk_a_nw_v4.png[39m[0m
[  29% ] [90m[1mreimport[22m | walk_a_se_v4.png[39m[0m
[  29% ] [90m[1mreimport[22m | walk_a_sw_v4.png[39m[0m
[  29% ] [90m[1mreimport[22m | walk_b2_sw_v4.png[39m[0m
[  29% ] [90m[1mreimport[22m | walk_b_ne_v4.png[39m[0m
[  29% ] [90m[1mreimport[22m | walk_b_nw_v4.png[39m[0m
[  29% ] [90m[1mreimport[22m | walk_b_se_v4.png[39m[0m
[  30% ] [90m[1mreimport[22m | walk_b_sw_v4.png[39m[0m
[  30% ] [90m[1mreimport[22m | idle_corrected_candidate.png[39m[0m
[  30% ] [90m[1mreimport[22m | windup_candidate.png[39m[0m
[  30% ] [90m[1mreimport[22m | yang_fall_ne.png[39m[0m
[  30% ] [90m[1mreimport[22m | yang_fall_nw.png[39m[0m
[  30% ] [90m[1mreimport[22m | yang_fall_se.png[39m[0m
[  31% ] [90m[1mreimport[22m | strike_nw.png[39m[0m
[  31% ] [90m[1mreimport[22m | strike_se.png[39m[0m
[  31% ] [90m[1mreimport[22m | terminal.png[39m[0m
[  31% ] [90m[1mreimport[22m | terminal_sw.png[39m[0m
[  31% ] [90m[1mreimport[22m | walk_a.png[39m[0m
[  32% ] [90m[1mreimport[22m | walk_b.png[39m[0m
[  32% ] [90m[1mreimport[22m | windup.png[39m[0m
[  32% ] [90m[1mreimport[22m | windup_sw.png[39m[0m
[  32% ] [90m[1mreimport[22m | fall.png[39m[0m
[  32% ] [90m[1mreimport[22m | hurt.png[39m[0m
[  32% ] [90m[1mreimport[22m | idle.png[39m[0m
[  33% ] [90m[1mreimport[22m | strike.png[39m[0m
[  33% ] [90m[1mreimport[22m | terminal.png[39m[0m
[  33% ] [90m[1mreimport[22m | walk_a.png[39m[0m
[  33% ] [90m[1mreimport[22m | walk_b_v2.png[39m[0m
[  33% ] [90m[1mreimport[22m | windup.png[39m[0m
[  33% ] [90m[1mreimport[22m | stockade_gate_20260926.png[39m[0m
[  34% ] [90m[1mreimport[22m | yang_windup_sw.png[39m[0m
[  34% ] [90m[1mreimport[22m | fall.png[39m[0m
[  34% ] [90m[1mreimport[22m | hurt.png[39m[0m
[  34% ] [90m[1mreimport[22m | idle.png[39m[0m
[  34% ] [90m[1mreimport[22m | strike_ne.png[39m[0m
[  35% ] [90m[1mreimport[22m | strike_padded.png[39m[0m
[  35% ] [90m[1mreimport[22m | strike_sw.png[39m[0m
[  35% ] [90m[1mreimport[22m | terminal.png[39m[0m
[  35% ] [90m[1mreimport[22m | walk_a.png[39m[0m
[  35% ] [90m[1mreimport[22m | walk_b.png[39m[0m
[  35% ] [90m[1mreimport[22m | windup_ne.png[39m[0m
[  36% ] [90m[1mreimport[22m | windup_padded.png[39m[0m
[  36% ] [90m[1mreimport[22m | windup_sw.png[39m[0m
[  36% ] [90m[1mreimport[22m | fall.png[39m[0m
[  36% ] [90m[1mreimport[22m | fall_sw.png[39m[0m
[  36% ] [90m[1mreimport[22m | hurt.png[39m[0m
[  37% ] [90m[1mreimport[22m | idle.png[39m[0m
[  37% ] [90m[1mreimport[22m | strike.png[39m[0m
[  37% ] [90m[1mreimport[22m | walk_b_se_v5.png[39m[0m
[  37% ] [90m[1mreimport[22m | walk_b_sw2_v5.png[39m[0m
[  37% ] [90m[1mreimport[22m | walk_b_sw3_v5.png[39m[0m
[  37% ] [90m[1mreimport[22m | walk_b_sw_v5.png[39m[0m
[  38% ] [90m[1mreimport[22m | fall.png[39m[0m
[  38% ] [90m[1mreimport[22m | hurt.png[39m[0m
[  38% ] [90m[1mreimport[22m | idle.png[39m[0m
[  38% ] [90m[1mreimport[22m | strike.png[39m[0m
[  38% ] [90m[1mreimport[22m | terminal.png[39m[0m
[  38% ] [90m[1mreimport[22m | walk_a.png[39m[0m
[  39% ] [90m[1mreimport[22m | walk_b.png[39m[0m
[  39% ] [90m[1mreimport[22m | windup.png[39m[0m
[  39% ] [90m[1mreimport[22m | windup_ne.png[39m[0m
[  39% ] [90m[1mreimport[22m | windup_nw.png[39m[0m
[  39% ] [90m[1mreimport[22m | fall_initial.png[39m[0m
[  40% ] [90m[1mreimport[22m | fall_sw.png[39m[0m
[  40% ] [90m[1mreimport[22m | hurt_initial.png[39m[0m
[  40% ] [90m[1mreimport[22m | hurt_sw_v6.png[39m[0m
[  40% ] [90m[1mreimport[22m | idle_spacing_v4.png[39m[0m
[  40% ] [90m[1mreimport[22m | idle_v4.png[39m[0m
[  40% ] [90m[1mreimport[22m | passing_a_ne_v5.png[39m[0m
[  41% ] [90m[1mreimport[22m | passing_a_nw_v5.png[39m[0m
[  41% ] [90m[1mreimport[22m | passing_a_se_v5.png[39m[0m
[  41% ] [90m[1mreimport[22m | passing_a_sw_v5.png[39m[0m
[  41% ] [90m[1mreimport[22m | passing_b_ne_v5.png[39m[0m
[  41% ] [90m[1mreimport[22m | passing_b_nw_v5.png[39m[0m
[  41% ] [90m[1mreimport[22m | passing_b_se_v5.png[39m[0m
[  42% ] [90m[1mreimport[22m | passing_b_sw_v5.png[39m[0m
[  42% ] [90m[1mreimport[22m | walk_a_ne_v5.png[39m[0m
[  42% ] [90m[1mreimport[22m | walk_a_nw_v5.png[39m[0m
[  42% ] [90m[1mreimport[22m | walk_a_se_v5.png[39m[0m
[  42% ] [90m[1mreimport[22m | walk_a_sw_v5.png[39m[0m
[  43% ] [90m[1mreimport[22m | walk_b_ne_v5.png[39m[0m
[  43% ] [90m[1mreimport[22m | walk_b_nw2_v5.png[39m[0m
[  43% ] [90m[1mreimport[22m | walk_b_nw_v5.png[39m[0m
[  43% ] [90m[1mreimport[22m | walk_b_sw.png[39m[0m
[  43% ] [90m[1mreimport[22m | windup_initial.png[39m[0m
[  43% ] [90m[1mreimport[22m | windup_ne_v2.png[39m[0m
[  44% ] [90m[1mreimport[22m | windup_sw_v2.png[39m[0m
[  44% ] [90m[1mreimport[22m | bound.png[39m[0m
[  44% ] [90m[1mreimport[22m | idle_single_ne_v4.png[39m[0m
[  44% ] [90m[1mreimport[22m | idle_single_nw_v4.png[39m[0m
[  44% ] [90m[1mreimport[22m | idle_single_se_v4.png[39m[0m
[  45% ] [90m[1mreimport[22m | idle_single_sw_v4.png[39m[0m
[  45% ] [90m[1mreimport[22m | idle_v3.png[39m[0m
[  45% ] [90m[1mreimport[22m | passing_a_ne_v4.png[39m[0m
[  45% ] [90m[1mreimport[22m | passing_a_nw_v4.png[39m[0m
[  45% ] [90m[1mreimport[22m | passing_a_se_v4.png[39m[0m
[  45% ] [90m[1mreimport[22m | passing_a_sw_v4.png[39m[0m
[  46% ] [90m[1mreimport[22m | passing_b_ne_v4.png[39m[0m
[  46% ] [90m[1mreimport[22m | passing_b_nw_v4.png[39m[0m
[  46% ] [90m[1mreimport[22m | passing_b_se_v4.png[39m[0m
[  46% ] [90m[1mreimport[22m | hurt_ne.png[39m[0m
[  46% ] [90m[1mreimport[22m | hurt_nw.png[39m[0m
[  46% ] [90m[1mreimport[22m | hurt_sw.png[39m[0m
[  47% ] [90m[1mreimport[22m | idle_initial.png[39m[0m
[  47% ] [90m[1mreimport[22m | idle_ne_v4.png[39m[0m
[  47% ] [90m[1mreimport[22m | idle_sw_v2.png[39m[0m
[  47% ] [90m[1mreimport[22m | strike_initial.png[39m[0m
[  47% ] [90m[1mreimport[22m | strike_ne.png[39m[0m
[  48% ] [90m[1mreimport[22m | strike_se.png[39m[0m
[  48% ] [90m[1mreimport[22m | strike_sw_v5.png[39m[0m
[  48% ] [90m[1mreimport[22m | terminal_initial.png[39m[0m
[  48% ] [90m[1mreimport[22m | walk_a_ne.png[39m[0m
[  48% ] [90m[1mreimport[22m | walk_a_nw_v3.png[39m[0m
[  48% ] [90m[1mreimport[22m | walk_a_se.png[39m[0m
[  49% ] [90m[1mreimport[22m | walk_a_sw.png[39m[0m
[  49% ] [90m[1mreimport[22m | walk_b_ne.png[39m[0m
[  49% ] [90m[1mreimport[22m | walk_b_nw.png[39m[0m
[  49% ] [90m[1mreimport[22m | walk_b_se_v2.png[39m[0m
[  49% ] [90m[1mreimport[22m | idle_se.png[39m[0m
[  50% ] [90m[1mreimport[22m | idle_sw.png[39m[0m
[  50% ] [90m[1mreimport[22m | terminal.png[39m[0m
[  50% ] [90m[1mreimport[22m | walk_ne.png[39m[0m
[  50% ] [90m[1mreimport[22m | walk_nw.png[39m[0m
[  50% ] [90m[1mreimport[22m | walk_se.png[39m[0m
[  50% ] [90m[1mreimport[22m | walk_sw.png[39m[0m
[  51% ] [90m[1mreimport[22m | hua_rong.png[39m[0m
[  51% ] [90m[1mreimport[22m | li_kui.png[39m[0m
[  51% ] [90m[1mreimport[22m | wu_yong.png[39m[0m
[  51% ] [90m[1mreimport[22m | yang_zhi.png[39m[0m
[  51% ] [90m[1mreimport[22m | guan_sheng.png[39m[0m
[  51% ] [90m[1mreimport[22m | hua_rong.png[39m[0m
[  52% ] [90m[1mreimport[22m | hu_yanzhuo.png[39m[0m
[  52% ] [90m[1mreimport[22m | li_kui.png[39m[0m
[  52% ] [90m[1mreimport[22m | qin_ming.png[39m[0m
[  52% ] [90m[1mreimport[22m | yang_zhi.png[39m[0m
[  52% ] [90m[1mreimport[22m | walk_a_sw.png[39m[0m
[  53% ] [90m[1mreimport[22m | walk_b_ne.png[39m[0m
[  53% ] [90m[1mreimport[22m | walk_b_se.png[39m[0m
[  53% ] [90m[1mreimport[22m | walk_b_v2.png[39m[0m
[  53% ] [90m[1mreimport[22m | windup_ne_v3.png[39m[0m
[  53% ] [90m[1mreimport[22m | windup_v3.png[39m[0m
[  53% ] [90m[1mreimport[22m | captured.png[39m[0m
[  54% ] [90m[1mreimport[22m | attack_ne.png[39m[0m
[  54% ] [90m[1mreimport[22m | attack_nw.png[39m[0m
[  54% ] [90m[1mreimport[22m | attack_se.png[39m[0m
[  54% ] [90m[1mreimport[22m | attack_sw.png[39m[0m
[  54% ] [90m[1mreimport[22m | fall.png[39m[0m
[  54% ] [90m[1mreimport[22m | fall_sw.png[39m[0m
[  55% ] [90m[1mreimport[22m | hurt.png[39m[0m
[  55% ] [90m[1mreimport[22m | hurt_nw.png[39m[0m
[  55% ] [90m[1mreimport[22m | hurt_sw.png[39m[0m
[  55% ] [90m[1mreimport[22m | idle_ne.png[39m[0m
[  55% ] [90m[1mreimport[22m | idle_nw.png[39m[0m
[  56% ] [90m[1mreimport[22m | passing_b_nw_v4.png[39m[0m
[  56% ] [90m[1mreimport[22m | passing_b_se_v4.png[39m[0m
[  56% ] [90m[1mreimport[22m | posture_v3.png[39m[0m
[  56% ] [90m[1mreimport[22m | proportion_v2.png[39m[0m
[  56% ] [90m[1mreimport[22m | walk_a_idlefix_sw_v4.png[39m[0m
[  56% ] [90m[1mreimport[22m | walk_a_ne_v4.png[39m[0m
[  57% ] [90m[1mreimport[22m | walk_a_nw_v4.png[39m[0m
[  57% ] [90m[1mreimport[22m | walk_a_se_v4.png[39m[0m
[  57% ] [90m[1mreimport[22m | walk_b2_ne_v4.png[39m[0m
[  57% ] [90m[1mreimport[22m | walk_b_idlefix_sw_v4.png[39m[0m
[  57% ] [90m[1mreimport[22m | walk_b_ne_v4.png[39m[0m
[  58% ] [90m[1mreimport[22m | walk_b_nw_v4.png[39m[0m
[  58% ] [90m[1mreimport[22m | walk_b_se_v4.png[39m[0m
[  58% ] [90m[1mreimport[22m | fall.png[39m[0m
[  58% ] [90m[1mreimport[22m | hurt.png[39m[0m
[  58% ] [90m[1mreimport[22m | idle.png[39m[0m
[  58% ] [90m[1mreimport[22m | strike_ne.png[39m[0m
[  59% ] [90m[1mreimport[22m | guan_sheng.png[39m[0m
[  59% ] [90m[1mreimport[22m | hu_yanzhuo.png[39m[0m
[  59% ] [90m[1mreimport[22m | lu_junyi.png[39m[0m
[  59% ] [90m[1mreimport[22m | qin_ming.png[39m[0m
[  59% ] [90m[1mreimport[22m | bound.png[39m[0m
[  59% ] [90m[1mreimport[22m | idle_single2_sw_v4.png[39m[0m
[  60% ] [90m[1mreimport[22m | idle_single_ne_v4.png[39m[0m
[  60% ] [90m[1mreimport[22m | idle_single_nw_v4.png[39m[0m
[  60% ] [90m[1mreimport[22m | idle_single_se_v4.png[39m[0m
[  60% ] [90m[1mreimport[22m | idle_single_sw_v4.png[39m[0m
[  60% ] [90m[1mreimport[22m | idle_v3.png[39m[0m
[  61% ] [90m[1mreimport[22m | passing_a_idlefix_sw_v4.png[39m[0m
[  61% ] [90m[1mreimport[22m | passing_a_ne_v4.png[39m[0m
[  61% ] [90m[1mreimport[22m | passing_a_nw_v4.png[39m[0m
[  61% ] [90m[1mreimport[22m | passing_a_se_v4.png[39m[0m
[  61% ] [90m[1mreimport[22m | passing_b2_sw_v4.png[39m[0m
[  61% ] [90m[1mreimport[22m | passing_b_idlefix_sw_v4.png[39m[0m
[  62% ] [90m[1mreimport[22m | passing_b_ne_v4.png[39m[0m
[  62% ] [90m[1mreimport[22m | windup_sw_v3.png[39m[0m
[  62% ] [90m[1mreimport[22m | bound.png[39m[0m
[  62% ] [90m[1mreimport[22m | idle_single_ne_v4.png[39m[0m
[  62% ] [90m[1mreimport[22m | idle_single_nw_v4.png[39m[0m
[  62% ] [90m[1mreimport[22m | idle_single_se_v4.png[39m[0m
[  63% ] [90m[1mreimport[22m | idle_single_sw_v4.png[39m[0m
[  63% ] [90m[1mreimport[22m | idle_v3.png[39m[0m
[  63% ] [90m[1mreimport[22m | passing_a_ne_v4.png[39m[0m
[  63% ] [90m[1mreimport[22m | passing_a_nw_v4.png[39m[0m
[  63% ] [90m[1mreimport[22m | passing_a_se_v4.png[39m[0m
[  64% ] [90m[1mreimport[22m | passing_a_sw_v4.png[39m[0m
[  64% ] [90m[1mreimport[22m | passing_b2_sw_v4.png[39m[0m
[  64% ] [90m[1mreimport[22m | passing_b3_sw_v4.png[39m[0m
[  64% ] [90m[1mreimport[22m | passing_b4_sw_v4.png[39m[0m
[  64% ] [90m[1mreimport[22m | passing_b_ne_v4.png[39m[0m
[  64% ] [90m[1mreimport[22m | passing_b_nw_v4.png[39m[0m
[  65% ] [90m[1mreimport[22m | passing_b_se_v4.png[39m[0m
[  65% ] [90m[1mreimport[22m | fall.png[39m[0m
[  65% ] [90m[1mreimport[22m | fall_sw_v2.png[39m[0m
[  65% ] [90m[1mreimport[22m | hurt.png[39m[0m
[  65% ] [90m[1mreimport[22m | hurt_sw_v2.png[39m[0m
[  66% ] [90m[1mreimport[22m | idle.png[39m[0m
[  66% ] [90m[1mreimport[22m | idle_sw_v3.png[39m[0m
[  66% ] [90m[1mreimport[22m | strike_ne_v3.png[39m[0m
[  66% ] [90m[1mreimport[22m | strike_nw_v3.png[39m[0m
[  66% ] [90m[1mreimport[22m | strike_se_v3.png[39m[0m
[  66% ] [90m[1mreimport[22m | strike_v2.png[39m[0m
[  67% ] [90m[1mreimport[22m | terminal.png[39m[0m
[  67% ] [90m[1mreimport[22m | terminal_se_v2.png[39m[0m
[  67% ] [90m[1mreimport[22m | walk_a.png[39m[0m
[  67% ] [90m[1mreimport[22m | walk_a_sw_v2.png[39m[0m
[  67% ] [90m[1mreimport[22m | walk_b.png[39m[0m
[  67% ] [90m[1mreimport[22m | walk_b_se_v3.png[39m[0m
[  68% ] [90m[1mreimport[22m | walk_b_sw_v3.png[39m[0m
[  68% ] [90m[1mreimport[22m | windup.png[39m[0m
[  68% ] [90m[1mreimport[22m | strike_sw.png[39m[0m
[  68% ] [90m[1mreimport[22m | terminal.png[39m[0m
[  68% ] [90m[1mreimport[22m | walk_a.png[39m[0m
[  69% ] [90m[1mreimport[22m | walk_b.png[39m[0m
[  69% ] [90m[1mreimport[22m | windup.png[39m[0m
[  69% ] [90m[1mreimport[22m | windup_ne.png[39m[0m
[  69% ] [90m[1mreimport[22m | fall.png[39m[0m
[  69% ] [90m[1mreimport[22m | hurt.png[39m[0m
[  69% ] [90m[1mreimport[22m | hurt_ne.png[39m[0m
[  70% ] [90m[1mreimport[22m | idle.png[39m[0m
[  70% ] [90m[1mreimport[22m | idle_ne.png[39m[0m
[  70% ] [90m[1mreimport[22m | strike.png[39m[0m
[  70% ] [90m[1mreimport[22m | strike_ne.png[39m[0m
[  70% ] [90m[1mreimport[22m | terminal.png[39m[0m
[  70% ] [90m[1mreimport[22m | walk_a.png[39m[0m
[  71% ] [90m[1mreimport[22m | walk_a_ne.png[39m[0m
[  71% ] [90m[1mreimport[22m | walk_a_nw.png[39m[0m
[  71% ] [90m[1mreimport[22m | passing_b_sw_v4.png[39m[0m
[  71% ] [90m[1mreimport[22m | posture_v3.png[39m[0m
[  71% ] [90m[1mreimport[22m | proportion_v2.png[39m[0m
[  72% ] [90m[1mreimport[22m | walk_a_ne_v4.png[39m[0m
[  72% ] [90m[1mreimport[22m | walk_a_nw_v4.png[39m[0m
[  72% ] [90m[1mreimport[22m | walk_a_se_v4.png[39m[0m
[  72% ] [90m[1mreimport[22m | walk_a_sw_v4.png[39m[0m
[  72% ] [90m[1mreimport[22m | walk_b_ne_v4.png[39m[0m
[  72% ] [90m[1mreimport[22m | walk_b_nw_v4.png[39m[0m
[  73% ] [90m[1mreimport[22m | walk_b_se_v4.png[39m[0m
[  73% ] [90m[1mreimport[22m | walk_b_sw_v4.png[39m[0m
[  73% ] [90m[1mreimport[22m | fall.png[39m[0m
[  73% ] [90m[1mreimport[22m | hurt.png[39m[0m
[  73% ] [90m[1mreimport[22m | idle.png[39m[0m
[  74% ] [90m[1mreimport[22m | idle_ne.png[39m[0m
[  74% ] [90m[1mreimport[22m | idle_sw.png[39m[0m
[  74% ] [90m[1mreimport[22m | strike.png[39m[0m
[  74% ] [90m[1mreimport[22m | strike_ne.png[39m[0m
[  74% ] [90m[1mreimport[22m | hurt.png[39m[0m
[  74% ] [90m[1mreimport[22m | hurt_ne_v2.png[39m[0m
[  75% ] [90m[1mreimport[22m | idle.png[39m[0m
[  75% ] [90m[1mreimport[22m | idle_ne_v2.png[39m[0m
[  75% ] [90m[1mreimport[22m | strike.png[39m[0m
[  75% ] [90m[1mreimport[22m | strike_ne.png[39m[0m
[  75% ] [90m[1mreimport[22m | terminal.png[39m[0m
[  75% ] [90m[1mreimport[22m | walk_a.png[39m[0m
[  76% ] [90m[1mreimport[22m | walk_a_ne_v2.png[39m[0m
[  76% ] [90m[1mreimport[22m | walk_b_ne.png[39m[0m
[  76% ] [90m[1mreimport[22m | walk_b_nw_v4.png[39m[0m
[  76% ] [90m[1mreimport[22m | walk_b_se_v3.png[39m[0m
[  76% ] [90m[1mreimport[22m | walk_b_sw_v3.png[39m[0m
[  77% ] [90m[1mreimport[22m | windup.png[39m[0m
[  77% ] [90m[1mreimport[22m | windup_ne.png[39m[0m
[  77% ] [90m[1mreimport[22m | idle_single_ne_v4.png[39m[0m
[  77% ] [90m[1mreimport[22m | idle_single_nw_v4.png[39m[0m
[  77% ] [90m[1mreimport[22m | strike.png[39m[0m
[  77% ] [90m[1mreimport[22m | strike_ne.png[39m[0m
[  78% ] [90m[1mreimport[22m | terminal.png[39m[0m
[  78% ] [90m[1mreimport[22m | walk_a.png[39m[0m
[  78% ] [90m[1mreimport[22m | walk_a_ne.png[39m[0m
[  78% ] [90m[1mreimport[22m | walk_a_sw_v2.png[39m[0m
[  78% ] [90m[1mreimport[22m | walk_b.png[39m[0m
[  79% ] [90m[1mreimport[22m | walk_b_ne_v2.png[39m[0m
[  79% ] [90m[1mreimport[22m | walk_b_se.png[39m[0m
[  79% ] [90m[1mreimport[22m | windup.png[39m[0m
[  79% ] [90m[1mreimport[22m | windup_ne_v2.png[39m[0m
[  79% ] [90m[1mreimport[22m | windup_sw.png[39m[0m
[  79% ] [90m[1mreimport[22m | hu_sanniang.png[39m[0m
[  80% ] [90m[1mreimport[22m | sun_li.png[39m[0m
[  80% ] [90m[1mreimport[22m | cai_jiu.png[39m[0m
[  80% ] [90m[1mreimport[22m | shi_wengong.png[39m[0m
[  80% ] [90m[1mreimport[22m | bound.png[39m[0m
[  80% ] [90m[1mreimport[22m | fall.png[39m[0m
[  80% ] [90m[1mreimport[22m | walk_b_ne_v4.png[39m[0m
[  81% ] [90m[1mreimport[22m | walk_b_nw_v4.png[39m[0m
[  81% ] [90m[1mreimport[22m | walk_b_se_v4.png[39m[0m
[  81% ] [90m[1mreimport[22m | walk_b_sw_v4.png[39m[0m
[  81% ] [90m[1mreimport[22m | bound.png[39m[0m
[  81% ] [90m[1mreimport[22m | gait_edit_rejected.png[39m[0m
[  82% ] [90m[1mreimport[22m | opposite_step_rejected.png[39m[0m
[  82% ] [90m[1mreimport[22m | opposite_step_se_only.png[39m[0m
[  82% ] [90m[1mreimport[22m | step_b_rejected.png[39m[0m
[  82% ] [90m[1mreimport[22m | sw_initial_rejected.png[39m[0m
[  82% ] [90m[1mreimport[22m | idle_ne_v2.png[39m[0m
[  82% ] [90m[1mreimport[22m | idle_nw_v2.png[39m[0m
[  83% ] [90m[1mreimport[22m | idle_traits_v4.png[39m[0m
[  83% ] [90m[1mreimport[22m | idle_v2.png[39m[0m
[  83% ] [90m[1mreimport[22m | idle_v3.png[39m[0m
[  83% ] [90m[1mreimport[22m | idle_walk.png[39m[0m
[  83% ] [90m[1mreimport[22m | ne_a2_v2.png[39m[0m
[  83% ] [90m[1mreimport[22m | idle_single_se_v4.png[39m[0m
[  84% ] [90m[1mreimport[22m | idle_single_sw_v4.png[39m[0m
[  84% ] [90m[1mreimport[22m | idle_v3.png[39m[0m
[  84% ] [90m[1mreimport[22m | passing_a2_ne_v4.png[39m[0m
[  84% ] [90m[1mreimport[22m | passing_a_ne_v4.png[39m[0m
[  84% ] [90m[1mreimport[22m | passing_a_nw_v4.png[39m[0m
[  85% ] [90m[1mreimport[22m | passing_a_se_v4.png[39m[0m
[  85% ] [90m[1mreimport[22m | passing_a_sw_v4.png[39m[0m
[  85% ] [90m[1mreimport[22m | passing_b_ne_v4.png[39m[0m
[  85% ] [90m[1mreimport[22m | passing_b_nw_v4.png[39m[0m
[  85% ] [90m[1mreimport[22m | passing_b_se_v4.png[39m[0m
[  85% ] [90m[1mreimport[22m | passing_b_sw_v4.png[39m[0m
[  86% ] [90m[1mreimport[22m | posture_v3.png[39m[0m
[  86% ] [90m[1mreimport[22m | proportion_v2.png[39m[0m
[  86% ] [90m[1mreimport[22m | walk_a_ne_v4.png[39m[0m
[  86% ] [90m[1mreimport[22m | walk_a_nw_v4.png[39m[0m
[  86% ] [90m[1mreimport[22m | walk_a_se_v4.png[39m[0m
[  87% ] [90m[1mreimport[22m | walk_a_sw_v4.png[39m[0m
[  87% ] [90m[1mreimport[22m | windup.png[39m[0m
[  87% ] [90m[1mreimport[22m | fall.png[39m[0m
[  87% ] [90m[1mreimport[22m | hurt.png[39m[0m
[  87% ] [90m[1mreimport[22m | hurt_ne.png[39m[0m
[  87% ] [90m[1mreimport[22m | hurt_sw.png[39m[0m
[  88% ] [90m[1mreimport[22m | idle.png[39m[0m
[  88% ] [90m[1mreimport[22m | idle_nw.png[39m[0m
[  88% ] [90m[1mreimport[22m | idle_sw.png[39m[0m
[  88% ] [90m[1mreimport[22m | strike.png[39m[0m
[  88% ] [90m[1mreimport[22m | strike_nw.png[39m[0m
[  88% ] [90m[1mreimport[22m | strike_sw.png[39m[0m
[  89% ] [90m[1mreimport[22m | terminal.png[39m[0m
[  89% ] [90m[1mreimport[22m | walk_a.png[39m[0m
[  89% ] [90m[1mreimport[22m | walk_b.png[39m[0m
[  89% ] [90m[1mreimport[22m | windup.png[39m[0m
[  89% ] [90m[1mreimport[22m | windup_ne.png[39m[0m
[  90% ] [90m[1mreimport[22m | windup_sw.png[39m[0m
[  90% ] [90m[1mreimport[22m | strike_nw.png[39m[0m
[  90% ] [90m[1mreimport[22m | strike_se.png[39m[0m
[  90% ] [90m[1mreimport[22m | strike_sw.png[39m[0m
[  90% ] [90m[1mreimport[22m | terminal.png[39m[0m
[  90% ] [90m[1mreimport[22m | walk_a.png[39m[0m
[  91% ] [90m[1mreimport[22m | walk_b.png[39m[0m
[  91% ] [90m[1mreimport[22m | windup_ne.png[39m[0m
[  91% ] [90m[1mreimport[22m | windup_nw.png[39m[0m
[  91% ] [90m[1mreimport[22m | windup_se.png[39m[0m
[  91% ] [90m[1mreimport[22m | windup_sw.png[39m[0m
[  91% ] [90m[1mreimport[22m | attack.png[39m[0m
[  92% ] [90m[1mreimport[22m | death.png[39m[0m
[  92% ] [90m[1mreimport[22m | hurt.png[39m[0m
[  92% ] [90m[1mreimport[22m | idle.png[39m[0m
[  92% ] [90m[1mreimport[22m | ne_strike.png[39m[0m
[  92% ] [90m[1mreimport[22m | portrait.png[39m[0m
[  93% ] [90m[1mreimport[22m | walk_a.png[39m[0m
[  93% ] [90m[1mreimport[22m | walk_b.png[39m[0m
[  93% ] [90m[1mreimport[22m | walk_a_sw_v5.png[39m[0m
[  93% ] [90m[1mreimport[22m | walk_b_ne_v5.png[39m[0m
[  93% ] [90m[1mreimport[22m | walk_b_nw2_v5.png[39m[0m
[  93% ] [90m[1mreimport[22m | walk_b_nw3_v5.png[39m[0m
[  94% ] [90m[1mreimport[22m | walk_b_nw_v5.png[39m[0m
[  94% ] [90m[1mreimport[22m | walk_b_se2_v5.png[39m[0m
[  94% ] [90m[1mreimport[22m | walk_b_se_v5.png[39m[0m
[  94% ] [90m[1mreimport[22m | walk_b_sw2_v5.png[39m[0m
[  94% ] [90m[1mreimport[22m | walk_b_sw3_v5.png[39m[0m
[  95% ] [90m[1mreimport[22m | walk_b_sw4_v5.png[39m[0m
[  95% ] [90m[1mreimport[22m | walk_b_sw_v5.png[39m[0m
[  95% ] [90m[1mreimport[22m | fall.png[39m[0m
[  95% ] [90m[1mreimport[22m | fall_ne.png[39m[0m
[  95% ] [90m[1mreimport[22m | hurt.png[39m[0m
[  95% ] [90m[1mreimport[22m | hurt_ne.png[39m[0m
[  96% ] [90m[1mreimport[22m | hurt_sw.png[39m[0m
[  96% ] [90m[1mreimport[22m | idle.png[39m[0m
[  96% ] [90m[1mreimport[22m | idle_ne.png[39m[0m
[  96% ] [90m[1mreimport[22m | death_sw2_v10.png[39m[0m
[  96% ] [90m[1mreimport[22m | death_sw_v10.png[39m[0m
[  96% ] [90m[1mreimport[22m | idle_spacing2_v4.png[39m[0m
[  97% ] [90m[1mreimport[22m | idle_spacing_v4.png[39m[0m
[  97% ] [90m[1mreimport[22m | idle_v4.png[39m[0m
[  97% ] [90m[1mreimport[22m | passing_a_ne2_v5.png[39m[0m
[  97% ] [90m[1mreimport[22m | passing_a_nw2_v5.png[39m[0m
[  97% ] [90m[1mreimport[22m | passing_a_se2_v5.png[39m[0m
[  98% ] [90m[1mreimport[22m | passing_a_sw2_v5.png[39m[0m
[  98% ] [90m[1mreimport[22m | passing_b_ne2_v5.png[39m[0m
[  98% ] [90m[1mreimport[22m | passing_b_nw2_v5.png[39m[0m
[  98% ] [90m[1mreimport[22m | passing_b_se2_v5.png[39m[0m
[  98% ] [90m[1mreimport[22m | passing_b_sw2_v5.png[39m[0m
[  98% ] [90m[1mreimport[22m | walk_a_ne2_v5.png[39m[0m
[  99% ] [90m[1mreimport[22m | walk_a_ne3_v5.png[39m[0m
[  99% ] [90m[1mreimport[22m | walk_a_ne_v5.png[39m[0m
[  99% ] [90m[1mreimport[22m | walk_a_nw_v5.png[39m[0m
[  99% ] [90m[1mreimport[22m | walk_a_se_v5.png[39m[0m
[  99% ] [90m[1mreimport[22m | 正在结束资产导入……[39m[0m
[92m[ DONE ][39m [1mreimport[22m
[0m
[   0% ] [90m[1mreimport[22m | Started 正在导入或重新导入资产 (561 steps)[39m[0m
[   0% ] [90m[1mreimport[22m | 正在执行重新导入的后置操作……[39m[0m
[92m[ DONE ][39m [1mreimport[22m
[0m
[   0% ] [90m[1mloading_editor_layout[22m | Started 正在加载编辑器 (5 steps)[39m[0m
[   0% ] [90m[1mloading_editor_layout[22m | 正在加载编辑器布局……[39m[0m
[  16% ] [90m[1mloading_editor_layout[22m | 正在加载停靠面板……[39m[0m
[  33% ] [90m[1mloading_editor_layout[22m | 正在重新打开场景……[39m[0m
[  50% ] [90m[1mloading_editor_layout[22m | 正在加载中央编辑器布局……[39m[0m
[  66% ] [90m[1mloading_editor_layout[22m | 正在加载插件窗口布局……[39m[0m
[  83% ] [90m[1mloading_editor_layout[22m | 编辑器布局就绪。[39m[0m
[92m[ DONE ][39m [1mloading_editor_layout[22m
[0m
